date,state,district,phc,medicine,current_stock,patient_count,previous_consumption,consumption,day_of_week,month,emergency_flag
2026-08-25,Madhya Pradesh,Guna,PHC Guna Central,Paracetamol,250,167,39,43,1,8,0
2026-08-25,Madhya Pradesh,Guna,PHC Guna Central,ORS,250,167,33,39,1,8,0
2026-08-25,Madhya Pradesh,Guna,PHC Guna Central,Amoxicillin,250,167,28,32,1,8,0
2026-08-25,Madhya Pradesh,Guna,PHC Guna Central,Azithromycin,250,167,22,28,1,8,0
2026-08-25,Madhya Pradesh,Guna,PHC Guna Central,Ibuprofen,250,167,25,31,1,8,0
2026-08-25,Madhya Pradesh,Bhopal,PHC Bhopal West,Paracetamol,800,112,25,29,1,8,0
2026-08-25,Madhya Pradesh,Bhopal,PHC Bhopal West,ORS,800,112,21,27,1,8,0
2026-08-25,Madhya Pradesh,Bhopal,PHC Bhopal West,Amoxicillin,800,112,18,21,1,8,0
2026-08-25,Madhya Pradesh,Bhopal,PHC Bhopal West,Azithromycin,800,112,14,17,1,8,0
2026-08-25,Madhya Pradesh,Bhopal,PHC Bhopal West,Ibuprofen,800,112,16,20,1,8,0
2026-08-25,Madhya Pradesh,Indore,PHC Indore Rural,Paracetamol,320,134,33,36,1,8,0
2026-08-25,Madhya Pradesh,Indore,PHC Indore Rural,ORS,320,134,28,33,1,8,0
2026-08-25,Madhya Pradesh,Indore,PHC Indore Rural,Amoxicillin,320,134,24,27,1,8,0
2026-08-25,Madhya Pradesh,Indore,PHC Indore Rural,Azithromycin,320,134,19,20,1,8,0
2026-08-25,Madhya Pradesh,Indore,PHC Indore Rural,Ibuprofen,320,134,21,24,1,8,0
2026-08-25,Madhya Pradesh,Shivpuri,PHC Shivpuri North,Paracetamol,280,105,23,27,1,8,0
2026-08-25,Madhya Pradesh,Shivpuri,PHC Shivpuri North,ORS,280,105,20,26,1,8,0
2026-08-25,Madhya Pradesh,Shivpuri,PHC Shivpuri North,Amoxicillin,280,105,17,22,1,8,0
2026-08-25,Madhya Pradesh,Shivpuri,PHC Shivpuri North,Azithromycin,280,105,13,16,1,8,0
2026-08-25,Madhya Pradesh,Shivpuri,PHC Shivpuri North,Ibuprofen,280,105,15,18,1,8,0
2026-08-25,Rajasthan,Jaipur,PHC Jaipur Rural North,Paracetamol,650,119,26,32,1,8,0
2026-08-25,Rajasthan,Jaipur,PHC Jaipur Rural North,ORS,650,119,22,27,1,8,0
2026-08-25,Rajasthan,Jaipur,PHC Jaipur Rural North,Amoxicillin,650,119,19,22,1,8,0
2026-08-25,Rajasthan,Jaipur,PHC Jaipur Rural North,Azithromycin,650,119,15,20,1,8,0
2026-08-25,Rajasthan,Jaipur,PHC Jaipur Rural North,Ibuprofen,650,119,17,22,1,8,0
2026-08-25,Rajasthan,Udaipur,PHC Udaipur South,Paracetamol,310,135,30,39,1,8,0
2026-08-25,Rajasthan,Udaipur,PHC Udaipur South,ORS,310,135,26,33,1,8,0
2026-08-25,Rajasthan,Udaipur,PHC Udaipur South,Amoxicillin,310,135,22,29,1,8,0
2026-08-25,Rajasthan,Udaipur,PHC Udaipur South,Azithromycin,310,135,17,21,1,8,0
2026-08-25,Rajasthan,Udaipur,PHC Udaipur South,Ibuprofen,310,135,19,25,1,8,0
2026-08-25,Rajasthan,Jodhpur,PHC Jodhpur Desert Edge,Paracetamol,220,159,36,45,1,8,0
2026-08-25,Rajasthan,Jodhpur,PHC Jodhpur Desert Edge,ORS,220,159,31,40,1,8,0
2026-08-25,Rajasthan,Jodhpur,PHC Jodhpur Desert Edge,Amoxicillin,220,159,26,32,1,8,0
2026-08-25,Rajasthan,Jodhpur,PHC Jodhpur Desert Edge,Azithromycin,220,159,20,26,1,8,0
2026-08-25,Rajasthan,Jodhpur,PHC Jodhpur Desert Edge,Ibuprofen,220,159,23,27,1,8,0
2026-08-25,Rajasthan,Kota,PHC Kota Industrial,Paracetamol,420,96,23,26,1,8,0
2026-08-25,Rajasthan,Kota,PHC Kota Industrial,ORS,420,96,20,21,1,8,0
2026-08-25,Rajasthan,Kota,PHC Kota Industrial,Amoxicillin,420,96,17,18,1,8,0
2026-08-25,Rajasthan,Kota,PHC Kota Industrial,Azithromycin,420,96,13,14,1,8,0
2026-08-25,Rajasthan,Kota,PHC Kota Industrial,Ibuprofen,420,96,15,17,1,8,0
2026-08-25,Maharashtra,Pune,PHC Pune East,Paracetamol,750,120,28,33,1,8,0
2026-08-25,Maharashtra,Pune,PHC Pune East,ORS,750,120,24,28,1,8,0
2026-08-25,Maharashtra,Pune,PHC Pune East,Amoxicillin,750,120,20,23,1,8,0
2026-08-25,Maharashtra,Pune,PHC Pune East,Azithromycin,750,120,16,18,1,8,0
2026-08-25,Maharashtra,Pune,PHC Pune East,Ibuprofen,750,120,18,23,1,8,0
2026-08-25,Maharashtra,Nagpur,PHC Nagpur Rural,Paracetamol,340,138,32,39,1,8,0
2026-08-25,Maharashtra,Nagpur,PHC Nagpur Rural,ORS,340,138,27,31,1,8,0
2026-08-25,Maharashtra,Nagpur,PHC Nagpur Rural,Amoxicillin,340,138,23,29,1,8,0
2026-08-25,Maharashtra,Nagpur,PHC Nagpur Rural,Azithromycin,340,138,18,21,1,8,0
2026-08-25,Maharashtra,Nagpur,PHC Nagpur Rural,Ibuprofen,340,138,20,24,1,8,0
2026-08-25,Maharashtra,Nashik,PHC Nashik Tribal Belt,Paracetamol,190,167,37,48,1,8,0
2026-08-25,Maharashtra,Nashik,PHC Nashik Tribal Belt,ORS,190,167,32,40,1,8,0
2026-08-25,Maharashtra,Nashik,PHC Nashik Tribal Belt,Amoxicillin,190,167,27,34,1,8,0
2026-08-25,Maharashtra,Nashik,PHC Nashik Tribal Belt,Azithromycin,190,167,21,28,1,8,0
2026-08-25,Maharashtra,Nashik,PHC Nashik Tribal Belt,Ibuprofen,190,167,24,31,1,8,0
2026-08-25,Maharashtra,Chhatrapati Sambhajinagar,PHC Aurangabad North,Paracetamol,450,90,22,23,1,8,0
2026-08-25,Maharashtra,Chhatrapati Sambhajinagar,PHC Aurangabad North,ORS,450,90,19,21,1,8,0
2026-08-25,Maharashtra,Chhatrapati Sambhajinagar,PHC Aurangabad North,Amoxicillin,450,90,16,17,1,8,0
2026-08-25,Maharashtra,Chhatrapati Sambhajinagar,PHC Aurangabad North,Azithromycin,450,90,12,14,1,8,0
2026-08-25,Maharashtra,Chhatrapati Sambhajinagar,PHC Aurangabad North,Ibuprofen,450,90,14,17,1,8,0
2026-08-25,Uttar Pradesh,Varanasi,PHC Varanasi Ghats,Paracetamol,380,154,35,42,1,8,0
2026-08-25,Uttar Pradesh,Varanasi,PHC Varanasi Ghats,ORS,380,154,30,38,1,8,0
2026-08-25,Uttar Pradesh,Varanasi,PHC Varanasi Ghats,Amoxicillin,380,154,25,30,1,8,0
2026-08-25,Uttar Pradesh,Varanasi,PHC Varanasi Ghats,Azithromycin,380,154,20,26,1,8,0
2026-08-25,Uttar Pradesh,Varanasi,PHC Varanasi Ghats,Ibuprofen,380,154,22,28,1,8,0
2026-08-25,Uttar Pradesh,Lucknow,PHC Lucknow Central Hub,Paracetamol,900,102,25,27,1,8,0
2026-08-25,Uttar Pradesh,Lucknow,PHC Lucknow Central Hub,ORS,900,102,21,25,1,8,0
2026-08-25,Uttar Pradesh,Lucknow,PHC Lucknow Central Hub,Amoxicillin,900,102,18,20,1,8,0
2026-08-25,Uttar Pradesh,Lucknow,PHC Lucknow Central Hub,Azithromycin,900,102,14,17,1,8,0
2026-08-25,Uttar Pradesh,Lucknow,PHC Lucknow Central Hub,Ibuprofen,900,102,16,20,1,8,0
2026-08-25,Uttar Pradesh,Kanpur Nagar,PHC Kanpur South,Paracetamol,400,110,26,29,1,8,0
2026-08-25,Uttar Pradesh,Kanpur Nagar,PHC Kanpur South,ORS,400,110,22,29,1,8,0
2026-08-25,Uttar Pradesh,Kanpur Nagar,PHC Kanpur South,Amoxicillin,400,110,19,22,1,8,0
2026-08-25,Uttar Pradesh,Kanpur Nagar,PHC Kanpur South,Azithromycin,400,110,15,16,1,8,0
2026-08-25,Uttar Pradesh,Kanpur Nagar,PHC Kanpur South,Ibuprofen,400,110,17,18,1,8,0
2026-08-25,Uttar Pradesh,Gorakhpur,PHC Gorakhpur East,Paracetamol,240,171,42,49,1,8,0
2026-08-25,Uttar Pradesh,Gorakhpur,PHC Gorakhpur East,ORS,240,171,36,43,1,8,0
2026-08-25,Uttar Pradesh,Gorakhpur,PHC Gorakhpur East,Amoxicillin,240,171,30,34,1,8,0
2026-08-25,Uttar Pradesh,Gorakhpur,PHC Gorakhpur East,Azithromycin,240,171,24,25,1,8,0
2026-08-25,Uttar Pradesh,Gorakhpur,PHC Gorakhpur East,Ibuprofen,240,171,27,30,1,8,0
2026-08-25,Gujarat,Ahmedabad,PHC Ahmedabad Metro East,Paracetamol,850,108,23,30,1,8,0
2026-08-25,Gujarat,Ahmedabad,PHC Ahmedabad Metro East,ORS,850,108,20,28,1,8,0
2026-08-25,Gujarat,Ahmedabad,PHC Ahmedabad Metro East,Amoxicillin,850,108,17,23,1,8,0
2026-08-25,Gujarat,Ahmedabad,PHC Ahmedabad Metro East,Azithromycin,850,108,13,16,1,8,0
2026-08-25,Gujarat,Ahmedabad,PHC Ahmedabad Metro East,Ibuprofen,850,108,15,20,1,8,0
2026-08-25,Gujarat,Surat,PHC Surat Coastal,Paracetamol,480,127,29,36,1,8,0
2026-08-25,Gujarat,Surat,PHC Surat Coastal,ORS,480,127,25,29,1,8,0
2026-08-25,Gujarat,Surat,PHC Surat Coastal,Amoxicillin,480,127,21,26,1,8,0
2026-08-25,Gujarat,Surat,PHC Surat Coastal,Azithromycin,480,127,16,19,1,8,0
2026-08-25,Gujarat,Surat,PHC Surat Coastal,Ibuprofen,480,127,18,23,1,8,0
2026-08-25,Gujarat,Rajkot,PHC Rajkot West,Paracetamol,500,94,22,28,1,8,0
2026-08-25,Gujarat,Rajkot,PHC Rajkot West,ORS,500,94,19,24,1,8,0
2026-08-25,Gujarat,Rajkot,PHC Rajkot West,Amoxicillin,500,94,16,18,1,8,0
2026-08-25,Gujarat,Rajkot,PHC Rajkot West,Azithromycin,500,94,12,15,1,8,0
2026-08-25,Gujarat,Rajkot,PHC Rajkot West,Ibuprofen,500,94,14,16,1,8,0
2026-08-25,Gujarat,Kutch,PHC Kutch Rural Outpost,Paracetamol,180,172,39,51,1,8,0
2026-08-25,Gujarat,Kutch,PHC Kutch Rural Outpost,ORS,180,172,33,40,1,8,0
2026-08-25,Gujarat,Kutch,PHC Kutch Rural Outpost,Amoxicillin,180,172,28,35,1,8,0
2026-08-25,Gujarat,Kutch,PHC Kutch Rural Outpost,Azithromycin,180,172,22,28,1,8,0
2026-08-25,Gujarat,Kutch,PHC Kutch Rural Outpost,Ibuprofen,180,172,25,29,1,8,0
2026-08-26,Madhya Pradesh,Guna,PHC Guna Central,Paracetamol,207,144,43,41,2,8,0
2026-08-26,Madhya Pradesh,Guna,PHC Guna Central,ORS,211,144,39,36,2,8,0
2026-08-26,Madhya Pradesh,Guna,PHC Guna Central,Amoxicillin,218,144,32,29,2,8,0
2026-08-26,Madhya Pradesh,Guna,PHC Guna Central,Azithromycin,222,144,28,21,2,8,0
2026-08-26,Madhya Pradesh,Guna,PHC Guna Central,Ibuprofen,219,144,31,25,2,8,0
2026-08-26,Madhya Pradesh,Bhopal,PHC Bhopal West,Paracetamol,771,82,29,25,2,8,0
2026-08-26,Madhya Pradesh,Bhopal,PHC Bhopal West,ORS,773,82,27,21,2,8,0
2026-08-26,Madhya Pradesh,Bhopal,PHC Bhopal West,Amoxicillin,779,82,21,17,2,8,0
2026-08-26,Madhya Pradesh,Bhopal,PHC Bhopal West,Azithromycin,783,82,17,13,2,8,0
2026-08-26,Madhya Pradesh,Bhopal,PHC Bhopal West,Ibuprofen,780,82,20,14,2,8,0
2026-08-26,Madhya Pradesh,Indore,PHC Indore Rural,Paracetamol,284,126,36,38,2,8,0
2026-08-26,Madhya Pradesh,Indore,PHC Indore Rural,ORS,287,126,33,28,2,8,0
2026-08-26,Madhya Pradesh,Indore,PHC Indore Rural,Amoxicillin,293,126,27,25,2,8,0
2026-08-26,Madhya Pradesh,Indore,PHC Indore Rural,Azithromycin,300,126,20,19,2,8,0
2026-08-26,Madhya Pradesh,Indore,PHC Indore Rural,Ibuprofen,296,126,24,24,2,8,0
2026-08-26,Madhya Pradesh,Shivpuri,PHC Shivpuri North,Paracetamol,253,89,27,23,2,8,0
2026-08-26,Madhya Pradesh,Shivpuri,PHC Shivpuri North,ORS,254,89,26,21,2,8,0
2026-08-26,Madhya Pradesh,Shivpuri,PHC Shivpuri North,Amoxicillin,258,89,22,18,2,8,0
2026-08-26,Madhya Pradesh,Shivpuri,PHC Shivpuri North,Azithromycin,264,89,16,14,2,8,0
2026-08-26,Madhya Pradesh,Shivpuri,PHC Shivpuri North,Ibuprofen,262,89,18,17,2,8,0
2026-08-26,Rajasthan,Jaipur,PHC Jaipur Rural North,Paracetamol,618,94,32,25,2,8,0
2026-08-26,Rajasthan,Jaipur,PHC Jaipur Rural North,ORS,623,94,27,23,2,8,0
2026-08-26,Rajasthan,Jaipur,PHC Jaipur Rural North,Amoxicillin,628,94,22,19,2,8,0
2026-08-26,Rajasthan,Jaipur,PHC Jaipur Rural North,Azithromycin,630,94,20,14,2,8,0
2026-08-26,Rajasthan,Jaipur,PHC Jaipur Rural North,Ibuprofen,628,94,22,16,2,8,0
2026-08-26,Rajasthan,Udaipur,PHC Udaipur South,Paracetamol,271,118,39,34,2,8,0
2026-08-26,Rajasthan,Udaipur,PHC Udaipur South,ORS,277,118,33,28,2,8,0
2026-08-26,Rajasthan,Udaipur,PHC Udaipur South,Amoxicillin,281,118,29,24,2,8,0
2026-08-26,Rajasthan,Udaipur,PHC Udaipur South,Azithromycin,289,118,21,18,2,8,0
2026-08-26,Rajasthan,Udaipur,PHC Udaipur South,Ibuprofen,285,118,25,20,2,8,0
2026-08-26,Rajasthan,Jodhpur,PHC Jodhpur Desert Edge,Paracetamol,175,127,45,36,2,8,0
2026-08-26,Rajasthan,Jodhpur,PHC Jodhpur Desert Edge,ORS,180,127,40,29,2,8,0
2026-08-26,Rajasthan,Jodhpur,PHC Jodhpur Desert Edge,Amoxicillin,188,127,32,24,2,8,0
2026-08-26,Rajasthan,Jodhpur,PHC Jodhpur Desert Edge,Azithromycin,194,127,26,19,2,8,0
2026-08-26,Rajasthan,Jodhpur,PHC Jodhpur Desert Edge,Ibuprofen,193,127,27,23,2,8,0
2026-08-26,Rajasthan,Kota,PHC Kota Industrial,Paracetamol,394,81,26,24,2,8,0
2026-08-26,Rajasthan,Kota,PHC Kota Industrial,ORS,399,81,21,21,2,8,0
2026-08-26,Rajasthan,Kota,PHC Kota Industrial,Amoxicillin,402,81,18,15,2,8,0
2026-08-26,Rajasthan,Kota,PHC Kota Industrial,Azithromycin,406,81,14,12,2,8,0
2026-08-26,Rajasthan,Kota,PHC Kota Industrial,Ibuprofen,403,81,17,15,2,8,0
2026-08-26,Maharashtra,Pune,PHC Pune East,Paracetamol,717,95,33,25,2,8,0
2026-08-26,Maharashtra,Pune,PHC Pune East,ORS,722,95,28,24,2,8,0
2026-08-26,Maharashtra,Pune,PHC Pune East,Amoxicillin,727,95,23,19,2,8,0
2026-08-26,Maharashtra,Pune,PHC Pune East,Azithromycin,732,95,18,15,2,8,0
2026-08-26,Maharashtra,Pune,PHC Pune East,Ibuprofen,727,95,23,18,2,8,0
2026-08-26,Maharashtra,Nagpur,PHC Nagpur Rural,Paracetamol,301,120,39,32,2,8,0
2026-08-26,Maharashtra,Nagpur,PHC Nagpur Rural,ORS,309,120,31,27,2,8,0
2026-08-26,Maharashtra,Nagpur,PHC Nagpur Rural,Amoxicillin,311,120,29,24,2,8,0
2026-08-26,Maharashtra,Nagpur,PHC Nagpur Rural,Azithromycin,319,120,21,19,2,8,0
2026-08-26,Maharashtra,Nagpur,PHC Nagpur Rural,Ibuprofen,316,120,24,21,2,8,0
2026-08-26,Maharashtra,Nashik,PHC Nashik Tribal Belt,Paracetamol,142,139,48,40,2,8,0
2026-08-26,Maharashtra,Nashik,PHC Nashik Tribal Belt,ORS,150,139,40,36,2,8,0
2026-08-26,Maharashtra,Nashik,PHC Nashik Tribal Belt,Amoxicillin,156,139,34,26,2,8,0
2026-08-26,Maharashtra,Nashik,PHC Nashik Tribal Belt,Azithromycin,162,139,28,22,2,8,0
2026-08-26,Maharashtra,Nashik,PHC Nashik Tribal Belt,Ibuprofen,159,139,31,24,2,8,0
2026-08-26,Maharashtra,Chhatrapati Sambhajinagar,PHC Aurangabad North,Paracetamol,427,86,23,23,2,8,0
2026-08-26,Maharashtra,Chhatrapati Sambhajinagar,PHC Aurangabad North,ORS,429,86,21,20,2,8,0
2026-08-26,Maharashtra,Chhatrapati Sambhajinagar,PHC Aurangabad North,Amoxicillin,433,86,17,17,2,8,0
2026-08-26,Maharashtra,Chhatrapati Sambhajinagar,PHC Aurangabad North,Azithromycin,436,86,14,14,2,8,0
2026-08-26,Maharashtra,Chhatrapati Sambhajinagar,PHC Aurangabad North,Ibuprofen,433,86,17,15,2,8,0
2026-08-26,Uttar Pradesh,Varanasi,PHC Varanasi Ghats,Paracetamol,338,121,42,36,2,8,0
2026-08-26,Uttar Pradesh,Varanasi,PHC Varanasi Ghats,ORS,342,121,38,29,2,8,0
2026-08-26,Uttar Pradesh,Varanasi,PHC Varanasi Ghats,Amoxicillin,350,121,30,26,2,8,0
2026-08-26,Uttar Pradesh,Varanasi,PHC Varanasi Ghats,Azithromycin,354,121,26,20,2,8,0
2026-08-26,Uttar Pradesh,Varanasi,PHC Varanasi Ghats,Ibuprofen,352,121,28,20,2,8,0
2026-08-26,Uttar Pradesh,Lucknow,PHC Lucknow Central Hub,Paracetamol,873,98,27,29,2,8,0
2026-08-26,Uttar Pradesh,Lucknow,PHC Lucknow Central Hub,ORS,875,98,25,25,2,8,0
2026-08-26,Uttar Pradesh,Lucknow,PHC Lucknow Central Hub,Amoxicillin,880,98,20,21,2,8,0
2026-08-26,Uttar Pradesh,Lucknow,PHC Lucknow Central Hub,Azithromycin,883,98,17,17,2,8,0
2026-08-26,Uttar Pradesh,Lucknow,PHC Lucknow Central Hub,Ibuprofen,880,98,20,17,2,8,0
2026-08-26,Uttar Pradesh,Kanpur Nagar,PHC Kanpur South,Paracetamol,371,95,29,25,2,8,0
2026-08-26,Uttar Pradesh,Kanpur Nagar,PHC Kanpur South,ORS,371,95,29,22,2,8,0
2026-08-26,Uttar Pradesh,Kanpur Nagar,PHC Kanpur South,Amoxicillin,378,95,22,18,2,8,0
2026-08-26,Uttar Pradesh,Kanpur Nagar,PHC Kanpur South,Azithromycin,384,95,16,15,2,8,0
2026-08-26,Uttar Pradesh,Kanpur Nagar,PHC Kanpur South,Ibuprofen,382,95,18,18,2,8,0
2026-08-26,Uttar Pradesh,Gorakhpur,PHC Gorakhpur East,Paracetamol,191,146,49,43,2,8,0
2026-08-26,Uttar Pradesh,Gorakhpur,PHC Gorakhpur East,ORS,197,146,43,35,2,8,0
2026-08-26,Uttar Pradesh,Gorakhpur,PHC Gorakhpur East,Amoxicillin,206,146,34,29,2,8,0
2026-08-26,Uttar Pradesh,Gorakhpur,PHC Gorakhpur East,Azithromycin,215,146,25,25,2,8,0
2026-08-26,Uttar Pradesh,Gorakhpur,PHC Gorakhpur East,Ibuprofen,210,146,30,28,2,8,0
2026-08-26,Gujarat,Ahmedabad,PHC Ahmedabad Metro East,Paracetamol,820,86,30,25,2,8,0
2026-08-26,Gujarat,Ahmedabad,PHC Ahmedabad Metro East,ORS,822,86,28,20,2,8,0
2026-08-26,Gujarat,Ahmedabad,PHC Ahmedabad Metro East,Amoxicillin,827,86,23,17,2,8,0
2026-08-26,Gujarat,Ahmedabad,PHC Ahmedabad Metro East,Azithromycin,834,86,16,15,2,8,0
2026-08-26,Gujarat,Ahmedabad,PHC Ahmedabad Metro East,Ibuprofen,830,86,20,16,2,8,0
2026-08-26,Gujarat,Surat,PHC Surat Coastal,Paracetamol,444,106,36,31,2,8,0
2026-08-26,Gujarat,Surat,PHC Surat Coastal,ORS,451,106,29,24,2,8,0
2026-08-26,Gujarat,Surat,PHC Surat Coastal,Amoxicillin,454,106,26,21,2,8,0
2026-08-26,Gujarat,Surat,PHC Surat Coastal,Azithromycin,461,106,19,17,2,8,0
2026-08-26,Gujarat,Surat,PHC Surat Coastal,Ibuprofen,457,106,23,20,2,8,0
2026-08-26,Gujarat,Rajkot,PHC Rajkot West,Paracetamol,472,75,28,23,2,8,0
2026-08-26,Gujarat,Rajkot,PHC Rajkot West,ORS,476,75,24,17,2,8,0
2026-08-26,Gujarat,Rajkot,PHC Rajkot West,Amoxicillin,482,75,18,14,2,8,0
2026-08-26,Gujarat,Rajkot,PHC Rajkot West,Azithromycin,485,75,15,12,2,8,0
2026-08-26,Gujarat,Rajkot,PHC Rajkot West,Ibuprofen,484,75,16,14,2,8,0
2026-08-26,Gujarat,Kutch,PHC Kutch Rural Outpost,Paracetamol,129,136,51,36,2,8,0
2026-08-26,Gujarat,Kutch,PHC Kutch Rural Outpost,ORS,140,136,40,35,2,8,0
2026-08-26,Gujarat,Kutch,PHC Kutch Rural Outpost,Amoxicillin,145,136,35,26,2,8,0
2026-08-26,Gujarat,Kutch,PHC Kutch Rural Outpost,Azithromycin,152,136,28,22,2,8,0
2026-08-26,Gujarat,Kutch,PHC Kutch Rural Outpost,Ibuprofen,151,136,29,25,2,8,0
2026-08-27,Madhya Pradesh,Guna,PHC Guna Central,Paracetamol,166,223,41,104,3,8,1
2026-08-27,Madhya Pradesh,Guna,PHC Guna Central,ORS,175,223,36,91,3,8,1
2026-08-27,Madhya Pradesh,Guna,PHC Guna Central,Amoxicillin,189,223,29,69,3,8,1
2026-08-27,Madhya Pradesh,Guna,PHC Guna Central,Azithromycin,201,223,21,48,3,8,1
2026-08-27,Madhya Pradesh,Guna,PHC Guna Central,Ibuprofen,194,223,25,54,3,8,1
2026-08-27,Madhya Pradesh,Bhopal,PHC Bhopal West,Paracetamol,746,86,25,24,3,8,0
2026-08-27,Madhya Pradesh,Bhopal,PHC Bhopal West,ORS,752,86,21,21,3,8,0
2026-08-27,Madhya Pradesh,Bhopal,PHC Bhopal West,Amoxicillin,762,86,17,17,3,8,0
2026-08-27,Madhya Pradesh,Bhopal,PHC Bhopal West,Azithromycin,770,86,13,13,3,8,0
2026-08-27,Madhya Pradesh,Bhopal,PHC Bhopal West,Ibuprofen,766,86,14,16,3,8,0
2026-08-27,Madhya Pradesh,Indore,PHC Indore Rural,Paracetamol,246,113,38,31,3,8,0
2026-08-27,Madhya Pradesh,Indore,PHC Indore Rural,ORS,259,113,28,29,3,8,0
2026-08-27,Madhya Pradesh,Indore,PHC Indore Rural,Amoxicillin,268,113,25,24,3,8,0
2026-08-27,Madhya Pradesh,Indore,PHC Indore Rural,Azithromycin,281,113,19,17,3,8,0
2026-08-27,Madhya Pradesh,Indore,PHC Indore Rural,Ibuprofen,272,113,24,19,3,8,0
2026-08-27,Madhya Pradesh,Shivpuri,PHC Shivpuri North,Paracetamol,230,81,23,24,3,8,0
2026-08-27,Madhya Pradesh,Shivpuri,PHC Shivpuri North,ORS,233,81,21,21,3,8,0
2026-08-27,Madhya Pradesh,Shivpuri,PHC Shivpuri North,Amoxicillin,240,81,18,17,3,8,0
2026-08-27,Madhya Pradesh,Shivpuri,PHC Shivpuri North,Azithromycin,250,81,14,13,3,8,0
2026-08-27,Madhya Pradesh,Shivpuri,PHC Shivpuri North,Ibuprofen,245,81,17,14,3,8,0
2026-08-27,Rajasthan,Jaipur,PHC Jaipur Rural North,Paracetamol,593,100,25,29,3,8,0
2026-08-27,Rajasthan,Jaipur,PHC Jaipur Rural North,ORS,600,100,23,24,3,8,0
2026-08-27,Rajasthan,Jaipur,PHC Jaipur Rural North,Amoxicillin,609,100,19,22,3,8,0
2026-08-27,Rajasthan,Jaipur,PHC Jaipur Rural North,Azithromycin,616,100,14,16,3,8,0
2026-08-27,Rajasthan,Jaipur,PHC Jaipur Rural North,Ibuprofen,612,100,16,17,3,8,0
2026-08-27,Rajasthan,Udaipur,PHC Udaipur South,Paracetamol,237,115,34,31,3,8,0
2026-08-27,Rajasthan,Udaipur,PHC Udaipur South,ORS,249,115,28,28,3,8,0
2026-08-27,Rajasthan,Udaipur,PHC Udaipur South,Amoxicillin,257,115,24,25,3,8,0
2026-08-27,Rajasthan,Udaipur,PHC Udaipur South,Azithromycin,271,115,18,17,3,8,0
2026-08-27,Rajasthan,Udaipur,PHC Udaipur South,Ibuprofen,265,115,20,19,3,8,0
2026-08-27,Rajasthan,Jodhpur,PHC Jodhpur Desert Edge,Paracetamol,139,202,36,94,3,8,1
2026-08-27,Rajasthan,Jodhpur,PHC Jodhpur Desert Edge,ORS,151,202,29,79,3,8,1
2026-08-27,Rajasthan,Jodhpur,PHC Jodhpur Desert Edge,Amoxicillin,164,202,24,60,3,8,1
2026-08-27,Rajasthan,Jodhpur,PHC Jodhpur Desert Edge,Azithromycin,175,202,19,47,3,8,1
2026-08-27,Rajasthan,Jodhpur,PHC Jodhpur Desert Edge,Ibuprofen,170,202,23,45,3,8,1
2026-08-27,Rajasthan,Kota,PHC Kota Industrial,Paracetamol,370,87,24,23,3,8,0
2026-08-27,Rajasthan,Kota,PHC Kota Industrial,ORS,378,87,21,21,3,8,0
2026-08-27,Rajasthan,Kota,PHC Kota Industrial,Amoxicillin,387,87,15,19,3,8,0
2026-08-27,Rajasthan,Kota,PHC Kota Industrial,Azithromycin,394,87,12,15,3,8,0
2026-08-27,Rajasthan,Kota,PHC Kota Industrial,Ibuprofen,388,87,15,15,3,8,0
2026-08-27,Maharashtra,Pune,PHC Pune East,Paracetamol,692,99,25,27,3,8,0
2026-08-27,Maharashtra,Pune,PHC Pune East,ORS,698,99,24,22,3,8,0
2026-08-27,Maharashtra,Pune,PHC Pune East,Amoxicillin,708,99,19,21,3,8,0
2026-08-27,Maharashtra,Pune,PHC Pune East,Azithromycin,717,99,15,16,3,8,0
2026-08-27,Maharashtra,Pune,PHC Pune East,Ibuprofen,709,99,18,17,3,8,0
2026-08-27,Maharashtra,Nagpur,PHC Nagpur Rural,Paracetamol,269,119,32,34,3,8,0
2026-08-27,Maharashtra,Nagpur,PHC Nagpur Rural,ORS,282,119,27,28,3,8,0
2026-08-27,Maharashtra,Nagpur,PHC Nagpur Rural,Amoxicillin,287,119,24,22,3,8,0
2026-08-27,Maharashtra,Nagpur,PHC Nagpur Rural,Azithromycin,300,119,19,18,3,8,0
2026-08-27,Maharashtra,Nagpur,PHC Nagpur Rural,Ibuprofen,295,119,21,23,3,8,0
2026-08-27,Maharashtra,Nashik,PHC Nashik Tribal Belt,Paracetamol,102,222,40,103,3,8,1
2026-08-27,Maharashtra,Nashik,PHC Nashik Tribal Belt,ORS,114,222,36,95,3,8,1
2026-08-27,Maharashtra,Nashik,PHC Nashik Tribal Belt,Amoxicillin,130,222,26,65,3,8,1
2026-08-27,Maharashtra,Nashik,PHC Nashik Tribal Belt,Azithromycin,140,222,22,47,3,8,1
2026-08-27,Maharashtra,Nashik,PHC Nashik Tribal Belt,Ibuprofen,135,222,24,49,3,8,1
2026-08-27,Maharashtra,Chhatrapati Sambhajinagar,PHC Aurangabad North,Paracetamol,404,77,23,23,3,8,0
2026-08-27,Maharashtra,Chhatrapati Sambhajinagar,PHC Aurangabad North,ORS,409,77,20,19,3,8,0
2026-08-27,Maharashtra,Chhatrapati Sambhajinagar,PHC Aurangabad North,Amoxicillin,416,77,17,16,3,8,0
2026-08-27,Maharashtra,Chhatrapati Sambhajinagar,PHC Aurangabad North,Azithromycin,422,77,14,13,3,8,0
2026-08-27,Maharashtra,Chhatrapati Sambhajinagar,PHC Aurangabad North,Ibuprofen,418,77,15,13,3,8,0
2026-08-27,Uttar Pradesh,Varanasi,PHC Varanasi Ghats,Paracetamol,302,121,36,32,3,8,0
2026-08-27,Uttar Pradesh,Varanasi,PHC Varanasi Ghats,ORS,313,121,29,30,3,8,0
2026-08-27,Uttar Pradesh,Varanasi,PHC Varanasi Ghats,Amoxicillin,324,121,26,26,3,8,0
2026-08-27,Uttar Pradesh,Varanasi,PHC Varanasi Ghats,Azithromycin,334,121,20,19,3,8,0
2026-08-27,Uttar Pradesh,Varanasi,PHC Varanasi Ghats,Ibuprofen,332,121,20,22,3,8,0
2026-08-27,Uttar Pradesh,Lucknow,PHC Lucknow Central Hub,Paracetamol,844,84,29,25,3,8,0
2026-08-27,Uttar Pradesh,Lucknow,PHC Lucknow Central Hub,ORS,850,84,25,21,3,8,0
2026-08-27,Uttar Pradesh,Lucknow,PHC Lucknow Central Hub,Amoxicillin,859,84,21,18,3,8,0
2026-08-27,Uttar Pradesh,Lucknow,PHC Lucknow Central Hub,Azithromycin,866,84,17,14,3,8,0
2026-08-27,Uttar Pradesh,Lucknow,PHC Lucknow Central Hub,Ibuprofen,863,84,17,16,3,8,0
2026-08-27,Uttar Pradesh,Kanpur Nagar,PHC Kanpur South,Paracetamol,346,87,25,25,3,8,0
2026-08-27,Uttar Pradesh,Kanpur Nagar,PHC Kanpur South,ORS,349,87,22,20,3,8,0
2026-08-27,Uttar Pradesh,Kanpur Nagar,PHC Kanpur South,Amoxicillin,360,87,18,19,3,8,0
2026-08-27,Uttar Pradesh,Kanpur Nagar,PHC Kanpur South,Azithromycin,369,87,15,15,3,8,0
2026-08-27,Uttar Pradesh,Kanpur Nagar,PHC Kanpur South,Ibuprofen,364,87,18,17,3,8,0
2026-08-27,Uttar Pradesh,Gorakhpur,PHC Gorakhpur East,Paracetamol,148,245,43,109,3,8,1
2026-08-27,Uttar Pradesh,Gorakhpur,PHC Gorakhpur East,ORS,162,245,35,105,3,8,1
2026-08-27,Uttar Pradesh,Gorakhpur,PHC Gorakhpur East,Amoxicillin,177,245,29,67,3,8,1
2026-08-27,Uttar Pradesh,Gorakhpur,PHC Gorakhpur East,Azithromycin,190,245,25,58,3,8,1
2026-08-27,Uttar Pradesh,Gorakhpur,PHC Gorakhpur East,Ibuprofen,182,245,28,61,3,8,1
2026-08-27,Gujarat,Ahmedabad,PHC Ahmedabad Metro East,Paracetamol,795,81,25,24,3,8,0
2026-08-27,Gujarat,Ahmedabad,PHC Ahmedabad Metro East,ORS,802,81,20,19,3,8,0
2026-08-27,Gujarat,Ahmedabad,PHC Ahmedabad Metro East,Amoxicillin,810,81,17,16,3,8,0
2026-08-27,Gujarat,Ahmedabad,PHC Ahmedabad Metro East,Azithromycin,819,81,15,14,3,8,0
2026-08-27,Gujarat,Ahmedabad,PHC Ahmedabad Metro East,Ibuprofen,814,81,16,14,3,8,0
2026-08-27,Gujarat,Surat,PHC Surat Coastal,Paracetamol,413,97,31,26,3,8,0
2026-08-27,Gujarat,Surat,PHC Surat Coastal,ORS,427,97,24,23,3,8,0
2026-08-27,Gujarat,Surat,PHC Surat Coastal,Amoxicillin,433,97,21,21,3,8,0
2026-08-27,Gujarat,Surat,PHC Surat Coastal,Azithromycin,444,97,17,17,3,8,0
2026-08-27,Gujarat,Surat,PHC Surat Coastal,Ibuprofen,437,97,20,17,3,8,0
2026-08-27,Gujarat,Rajkot,PHC Rajkot West,Paracetamol,449,82,23,23,3,8,0
2026-08-27,Gujarat,Rajkot,PHC Rajkot West,ORS,459,82,17,21,3,8,0
2026-08-27,Gujarat,Rajkot,PHC Rajkot West,Amoxicillin,468,82,14,16,3,8,0
2026-08-27,Gujarat,Rajkot,PHC Rajkot West,Azithromycin,473,82,12,14,3,8,0
2026-08-27,Gujarat,Rajkot,PHC Rajkot West,Ibuprofen,470,82,14,14,3,8,0
2026-08-27,Gujarat,Kutch,PHC Kutch Rural Outpost,Paracetamol,93,232,36,102,3,8,1
2026-08-27,Gujarat,Kutch,PHC Kutch Rural Outpost,ORS,105,232,35,102,3,8,1
2026-08-27,Gujarat,Kutch,PHC Kutch Rural Outpost,Amoxicillin,119,232,26,65,3,8,1
2026-08-27,Gujarat,Kutch,PHC Kutch Rural Outpost,Azithromycin,130,232,22,49,3,8,1
2026-08-27,Gujarat,Kutch,PHC Kutch Rural Outpost,Ibuprofen,126,232,25,54,3,8,1
2026-08-28,Madhya Pradesh,Guna,PHC Guna Central,Paracetamol,62,228,104,102,4,8,1
2026-08-28,Madhya Pradesh,Guna,PHC Guna Central,ORS,84,228,91,95,4,8,1
2026-08-28,Madhya Pradesh,Guna,PHC Guna Central,Amoxicillin,120,228,69,66,4,8,1
2026-08-28,Madhya Pradesh,Guna,PHC Guna Central,Azithromycin,153,228,48,50,4,8,1
2026-08-28,Madhya Pradesh,Guna,PHC Guna Central,Ibuprofen,140,228,54,54,4,8,1
2026-08-28,Madhya Pradesh,Bhopal,PHC Bhopal West,Paracetamol,722,86,24,25,4,8,0
2026-08-28,Madhya Pradesh,Bhopal,PHC Bhopal West,ORS,731,86,21,19,4,8,0
2026-08-28,Madhya Pradesh,Bhopal,PHC Bhopal West,Amoxicillin,745,86,17,18,4,8,0
2026-08-28,Madhya Pradesh,Bhopal,PHC Bhopal West,Azithromycin,757,86,13,14,4,8,0
2026-08-28,Madhya Pradesh,Bhopal,PHC Bhopal West,Ibuprofen,750,86,16,16,4,8,0
2026-08-28,Madhya Pradesh,Indore,PHC Indore Rural,Paracetamol,215,124,31,36,4,8,0
2026-08-28,Madhya Pradesh,Indore,PHC Indore Rural,ORS,230,124,29,29,4,8,0
2026-08-28,Madhya Pradesh,Indore,PHC Indore Rural,Amoxicillin,244,124,24,23,4,8,0
2026-08-28,Madhya Pradesh,Indore,PHC Indore Rural,Azithromycin,264,124,17,20,4,8,0
2026-08-28,Madhya Pradesh,Indore,PHC Indore Rural,Ibuprofen,253,124,19,22,4,8,0
2026-08-28,Madhya Pradesh,Shivpuri,PHC Shivpuri North,Paracetamol,206,82,24,24,4,8,0
2026-08-28,Madhya Pradesh,Shivpuri,PHC Shivpuri North,ORS,212,82,21,20,4,8,0
2026-08-28,Madhya Pradesh,Shivpuri,PHC Shivpuri North,Amoxicillin,223,82,17,16,4,8,0
2026-08-28,Madhya Pradesh,Shivpuri,PHC Shivpuri North,Azithromycin,237,82,13,13,4,8,0
2026-08-28,Madhya Pradesh,Shivpuri,PHC Shivpuri North,Ibuprofen,231,82,14,15,4,8,0
2026-08-28,Rajasthan,Jaipur,PHC Jaipur Rural North,Paracetamol,564,93,29,25,4,8,0
2026-08-28,Rajasthan,Jaipur,PHC Jaipur Rural North,ORS,576,93,24,21,4,8,0
2026-08-28,Rajasthan,Jaipur,PHC Jaipur Rural North,Amoxicillin,587,93,22,18,4,8,0
2026-08-28,Rajasthan,Jaipur,PHC Jaipur Rural North,Azithromycin,600,93,16,16,4,8,0
2026-08-28,Rajasthan,Jaipur,PHC Jaipur Rural North,Ibuprofen,595,93,17,17,4,8,0
2026-08-28,Rajasthan,Udaipur,PHC Udaipur South,Paracetamol,206,116,31,33,4,8,0
2026-08-28,Rajasthan,Udaipur,PHC Udaipur South,ORS,221,116,28,27,4,8,0
2026-08-28,Rajasthan,Udaipur,PHC Udaipur South,Amoxicillin,232,116,25,23,4,8,0
2026-08-28,Rajasthan,Udaipur,PHC Udaipur South,Azithromycin,254,116,17,17,4,8,0
2026-08-28,Rajasthan,Udaipur,PHC Udaipur South,Ibuprofen,246,116,19,20,4,8,0
2026-08-28,Rajasthan,Jodhpur,PHC Jodhpur Desert Edge,Paracetamol,45,207,94,97,4,8,1
2026-08-28,Rajasthan,Jodhpur,PHC Jodhpur Desert Edge,ORS,72,207,79,87,4,8,1
2026-08-28,Rajasthan,Jodhpur,PHC Jodhpur Desert Edge,Amoxicillin,104,207,60,60,4,8,1
2026-08-28,Rajasthan,Jodhpur,PHC Jodhpur Desert Edge,Azithromycin,128,207,47,46,4,8,1
2026-08-28,Rajasthan,Jodhpur,PHC Jodhpur Desert Edge,Ibuprofen,125,207,45,46,4,8,1
2026-08-28,Rajasthan,Kota,PHC Kota Industrial,Paracetamol,347,85,23,25,4,8,0
2026-08-28,Rajasthan,Kota,PHC Kota Industrial,ORS,357,85,21,21,4,8,0
2026-08-28,Rajasthan,Kota,PHC Kota Industrial,Amoxicillin,368,85,19,16,4,8,0
2026-08-28,Rajasthan,Kota,PHC Kota Industrial,Azithromycin,379,85,15,13,4,8,0
2026-08-28,Rajasthan,Kota,PHC Kota Industrial,Ibuprofen,373,85,15,15,4,8,0
2026-08-28,Maharashtra,Pune,PHC Pune East,Paracetamol,665,102,27,28,4,8,0
2026-08-28,Maharashtra,Pune,PHC Pune East,ORS,676,102,22,26,4,8,0
2026-08-28,Maharashtra,Pune,PHC Pune East,Amoxicillin,687,102,21,21,4,8,0
2026-08-28,Maharashtra,Pune,PHC Pune East,Azithromycin,701,102,16,17,4,8,0
2026-08-28,Maharashtra,Pune,PHC Pune East,Ibuprofen,692,102,17,18,4,8,0
2026-08-28,Maharashtra,Nagpur,PHC Nagpur Rural,Paracetamol,235,110,34,28,4,8,0
2026-08-28,Maharashtra,Nagpur,PHC Nagpur Rural,ORS,254,110,28,25,4,8,0
2026-08-28,Maharashtra,Nagpur,PHC Nagpur Rural,Amoxicillin,265,110,22,22,4,8,0
2026-08-28,Maharashtra,Nagpur,PHC Nagpur Rural,Azithromycin,282,110,18,19,4,8,0
2026-08-28,Maharashtra,Nagpur,PHC Nagpur Rural,Ibuprofen,272,110,23,18,4,8,0
2026-08-28,Maharashtra,Nashik,PHC Nashik Tribal Belt,Paracetamol,189,215,103,101,4,8,1
2026-08-28,Maharashtra,Nashik,PHC Nashik Tribal Belt,ORS,209,215,95,83,4,8,1
2026-08-28,Maharashtra,Nashik,PHC Nashik Tribal Belt,Amoxicillin,65,215,65,64,4,8,1
2026-08-28,Maharashtra,Nashik,PHC Nashik Tribal Belt,Azithromycin,93,215,47,48,4,8,1
2026-08-28,Maharashtra,Nashik,PHC Nashik Tribal Belt,Ibuprofen,86,215,49,48,4,8,1
2026-08-28,Maharashtra,Chhatrapati Sambhajinagar,PHC Aurangabad North,Paracetamol,381,82,23,21,4,8,0
2026-08-28,Maharashtra,Chhatrapati Sambhajinagar,PHC Aurangabad North,ORS,390,82,19,20,4,8,0
2026-08-28,Maharashtra,Chhatrapati Sambhajinagar,PHC Aurangabad North,Amoxicillin,400,82,16,17,4,8,0
2026-08-28,Maharashtra,Chhatrapati Sambhajinagar,PHC Aurangabad North,Azithromycin,409,82,13,12,4,8,0
2026-08-28,Maharashtra,Chhatrapati Sambhajinagar,PHC Aurangabad North,Ibuprofen,405,82,13,15,4,8,0
2026-08-28,Uttar Pradesh,Varanasi,PHC Varanasi Ghats,Paracetamol,270,120,32,36,4,8,0
2026-08-28,Uttar Pradesh,Varanasi,PHC Varanasi Ghats,ORS,283,120,30,29,4,8,0
2026-08-28,Uttar Pradesh,Varanasi,PHC Varanasi Ghats,Amoxicillin,298,120,26,22,4,8,0
2026-08-28,Uttar Pradesh,Varanasi,PHC Varanasi Ghats,Azithromycin,315,120,19,18,4,8,0
2026-08-28,Uttar Pradesh,Varanasi,PHC Varanasi Ghats,Ibuprofen,310,120,22,23,4,8,0
2026-08-28,Uttar Pradesh,Lucknow,PHC Lucknow Central Hub,Paracetamol,819,89,25,26,4,8,0
2026-08-28,Uttar Pradesh,Lucknow,PHC Lucknow Central Hub,ORS,829,89,21,22,4,8,0
2026-08-28,Uttar Pradesh,Lucknow,PHC Lucknow Central Hub,Amoxicillin,841,89,18,19,4,8,0
2026-08-28,Uttar Pradesh,Lucknow,PHC Lucknow Central Hub,Azithromycin,852,89,14,14,4,8,0
2026-08-28,Uttar Pradesh,Lucknow,PHC Lucknow Central Hub,Ibuprofen,847,89,16,17,4,8,0
2026-08-28,Uttar Pradesh,Kanpur Nagar,PHC Kanpur South,Paracetamol,321,101,25,29,4,8,0
2026-08-28,Uttar Pradesh,Kanpur Nagar,PHC Kanpur South,ORS,329,101,20,25,4,8,0
2026-08-28,Uttar Pradesh,Kanpur Nagar,PHC Kanpur South,Amoxicillin,341,101,19,20,4,8,0
2026-08-28,Uttar Pradesh,Kanpur Nagar,PHC Kanpur South,Azithromycin,354,101,15,17,4,8,0
2026-08-28,Uttar Pradesh,Kanpur Nagar,PHC Kanpur South,Ibuprofen,347,101,17,18,4,8,0
2026-08-28,Uttar Pradesh,Gorakhpur,PHC Gorakhpur East,Paracetamol,279,246,109,118,4,8,1
2026-08-28,Uttar Pradesh,Gorakhpur,PHC Gorakhpur East,ORS,57,246,105,100,4,8,1
2026-08-28,Uttar Pradesh,Gorakhpur,PHC Gorakhpur East,Amoxicillin,110,246,67,69,4,8,1
2026-08-28,Uttar Pradesh,Gorakhpur,PHC Gorakhpur East,Azithromycin,132,246,58,53,4,8,1
2026-08-28,Uttar Pradesh,Gorakhpur,PHC Gorakhpur East,Ibuprofen,121,246,61,59,4,8,1
2026-08-28,Gujarat,Ahmedabad,PHC Ahmedabad Metro East,Paracetamol,771,89,24,25,4,8,0
2026-08-28,Gujarat,Ahmedabad,PHC Ahmedabad Metro East,ORS,783,89,19,22,4,8,0
2026-08-28,Gujarat,Ahmedabad,PHC Ahmedabad Metro East,Amoxicillin,794,89,16,17,4,8,0
2026-08-28,Gujarat,Ahmedabad,PHC Ahmedabad Metro East,Azithromycin,805,89,14,13,4,8,0
2026-08-28,Gujarat,Ahmedabad,PHC Ahmedabad Metro East,Ibuprofen,800,89,14,15,4,8,0
2026-08-28,Gujarat,Surat,PHC Surat Coastal,Paracetamol,387,101,26,27,4,8,0
2026-08-28,Gujarat,Surat,PHC Surat Coastal,ORS,404,101,23,24,4,8,0
2026-08-28,Gujarat,Surat,PHC Surat Coastal,Amoxicillin,412,101,21,19,4,8,0
2026-08-28,Gujarat,Surat,PHC Surat Coastal,Azithromycin,427,101,17,15,4,8,0
2026-08-28,Gujarat,Surat,PHC Surat Coastal,Ibuprofen,420,101,17,19,4,8,0
2026-08-28,Gujarat,Rajkot,PHC Rajkot West,Paracetamol,426,83,23,22,4,8,0
2026-08-28,Gujarat,Rajkot,PHC Rajkot West,ORS,438,83,21,20,4,8,0
2026-08-28,Gujarat,Rajkot,PHC Rajkot West,Amoxicillin,452,83,16,17,4,8,0
2026-08-28,Gujarat,Rajkot,PHC Rajkot West,Azithromycin,459,83,14,13,4,8,0
2026-08-28,Gujarat,Rajkot,PHC Rajkot West,Ibuprofen,456,83,14,14,4,8,0
2026-08-28,Gujarat,Kutch,PHC Kutch Rural Outpost,Paracetamol,171,223,102,110,4,8,1
2026-08-28,Gujarat,Kutch,PHC Kutch Rural Outpost,ORS,183,223,102,92,4,8,1
2026-08-28,Gujarat,Kutch,PHC Kutch Rural Outpost,Amoxicillin,54,223,65,67,4,8,1
2026-08-28,Gujarat,Kutch,PHC Kutch Rural Outpost,Azithromycin,81,223,49,53,4,8,1
2026-08-28,Gujarat,Kutch,PHC Kutch Rural Outpost,Ibuprofen,72,223,54,54,4,8,1
2026-08-29,Madhya Pradesh,Guna,PHC Guna Central,Paracetamol,210,117,102,30,5,8,0
2026-08-29,Madhya Pradesh,Guna,PHC Guna Central,ORS,239,117,95,27,5,8,0
2026-08-29,Madhya Pradesh,Guna,PHC Guna Central,Amoxicillin,54,117,66,24,5,8,0
2026-08-29,Madhya Pradesh,Guna,PHC Guna Central,Azithromycin,103,117,50,20,5,8,0
2026-08-29,Madhya Pradesh,Guna,PHC Guna Central,Ibuprofen,86,117,54,23,5,8,0
2026-08-29,Madhya Pradesh,Bhopal,PHC Bhopal West,Paracetamol,697,75,25,22,5,8,0
2026-08-29,Madhya Pradesh,Bhopal,PHC Bhopal West,ORS,712,75,19,18,5,8,0
2026-08-29,Madhya Pradesh,Bhopal,PHC Bhopal West,Amoxicillin,727,75,18,15,5,8,0
2026-08-29,Madhya Pradesh,Bhopal,PHC Bhopal West,Azithromycin,743,75,14,11,5,8,0
2026-08-29,Madhya Pradesh,Bhopal,PHC Bhopal West,Ibuprofen,734,75,16,13,5,8,0
2026-08-29,Madhya Pradesh,Indore,PHC Indore Rural,Paracetamol,179,101,36,26,5,8,0
2026-08-29,Madhya Pradesh,Indore,PHC Indore Rural,ORS,201,101,29,24,5,8,0
2026-08-29,Madhya Pradesh,Indore,PHC Indore Rural,Amoxicillin,221,101,23,21,5,8,0
2026-08-29,Madhya Pradesh,Indore,PHC Indore Rural,Azithromycin,244,101,20,16,5,8,0
2026-08-29,Madhya Pradesh,Indore,PHC Indore Rural,Ibuprofen,231,101,22,17,5,8,0
2026-08-29,Madhya Pradesh,Shivpuri,PHC Shivpuri North,Paracetamol,182,72,24,19,5,8,0
2026-08-29,Madhya Pradesh,Shivpuri,PHC Shivpuri North,ORS,192,72,20,18,5,8,0
2026-08-29,Madhya Pradesh,Shivpuri,PHC Shivpuri North,Amoxicillin,207,72,16,13,5,8,0
2026-08-29,Madhya Pradesh,Shivpuri,PHC Shivpuri North,Azithromycin,224,72,13,11,5,8,0
2026-08-29,Madhya Pradesh,Shivpuri,PHC Shivpuri North,Ibuprofen,216,72,15,13,5,8,0
2026-08-29,Rajasthan,Jaipur,PHC Jaipur Rural North,Paracetamol,539,73,25,21,5,8,0
2026-08-29,Rajasthan,Jaipur,PHC Jaipur Rural North,ORS,555,73,21,16,5,8,0
2026-08-29,Rajasthan,Jaipur,PHC Jaipur Rural North,Amoxicillin,569,73,18,15,5,8,0
2026-08-29,Rajasthan,Jaipur,PHC Jaipur Rural North,Azithromycin,584,73,16,11,5,8,0
2026-08-29,Rajasthan,Jaipur,PHC Jaipur Rural North,Ibuprofen,578,73,17,13,5,8,0
2026-08-29,Rajasthan,Udaipur,PHC Udaipur South,Paracetamol,173,89,33,24,5,8,0
2026-08-29,Rajasthan,Udaipur,PHC Udaipur South,ORS,194,89,27,22,5,8,0
2026-08-29,Rajasthan,Udaipur,PHC Udaipur South,Amoxicillin,209,89,23,17,5,8,0
2026-08-29,Rajasthan,Udaipur,PHC Udaipur South,Azithromycin,237,89,17,15,5,8,0
2026-08-29,Rajasthan,Udaipur,PHC Udaipur South,Ibuprofen,226,89,20,17,5,8,0
2026-08-29,Rajasthan,Jodhpur,PHC Jodhpur Desert Edge,Paracetamol,168,107,97,28,5,8,0
2026-08-29,Rajasthan,Jodhpur,PHC Jodhpur Desert Edge,ORS,205,107,87,24,5,8,0
2026-08-29,Rajasthan,Jodhpur,PHC Jodhpur Desert Edge,Amoxicillin,44,107,60,22,5,8,0
2026-08-29,Rajasthan,Jodhpur,PHC Jodhpur Desert Edge,Azithromycin,82,107,46,18,5,8,0
2026-08-29,Rajasthan,Jodhpur,PHC Jodhpur Desert Edge,Ibuprofen,79,107,46,19,5,8,0
2026-08-29,Rajasthan,Kota,PHC Kota Industrial,Paracetamol,322,75,25,22,5,8,0
2026-08-29,Rajasthan,Kota,PHC Kota Industrial,ORS,336,75,21,18,5,8,0
2026-08-29,Rajasthan,Kota,PHC Kota Industrial,Amoxicillin,352,75,16,16,5,8,0
2026-08-29,Rajasthan,Kota,PHC Kota Industrial,Azithromycin,366,75,13,13,5,8,0
2026-08-29,Rajasthan,Kota,PHC Kota Industrial,Ibuprofen,358,75,15,13,5,8,0
2026-08-29,Maharashtra,Pune,PHC Pune East,Paracetamol,637,77,28,20,5,8,0
2026-08-29,Maharashtra,Pune,PHC Pune East,ORS,650,77,26,17,5,8,0
2026-08-29,Maharashtra,Pune,PHC Pune East,Amoxicillin,666,77,21,16,5,8,0
2026-08-29,Maharashtra,Pune,PHC Pune East,Azithromycin,684,77,17,12,5,8,0
2026-08-29,Maharashtra,Pune,PHC Pune East,Ibuprofen,674,77,18,13,5,8,0
2026-08-29,Maharashtra,Nagpur,PHC Nagpur Rural,Paracetamol,207,101,28,29,5,8,0
2026-08-29,Maharashtra,Nagpur,PHC Nagpur Rural,ORS,229,101,25,23,5,8,0
2026-08-29,Maharashtra,Nagpur,PHC Nagpur Rural,Amoxicillin,243,101,22,21,5,8,0
2026-08-29,Maharashtra,Nagpur,PHC Nagpur Rural,Azithromycin,263,101,19,17,5,8,0
2026-08-29,Maharashtra,Nagpur,PHC Nagpur Rural,Ibuprofen,254,101,18,17,5,8,0
2026-08-29,Maharashtra,Nashik,PHC Nashik Tribal Belt,Paracetamol,88,120,101,36,5,8,0
2026-08-29,Maharashtra,Nashik,PHC Nashik Tribal Belt,ORS,126,120,83,27,5,8,0
2026-08-29,Maharashtra,Nashik,PHC Nashik Tribal Belt,Amoxicillin,191,120,64,22,5,8,0
2026-08-29,Maharashtra,Nashik,PHC Nashik Tribal Belt,Azithromycin,45,120,48,19,5,8,0
2026-08-29,Maharashtra,Nashik,PHC Nashik Tribal Belt,Ibuprofen,228,120,48,22,5,8,0
2026-08-29,Maharashtra,Chhatrapati Sambhajinagar,PHC Aurangabad North,Paracetamol,360,75,21,21,5,8,0
2026-08-29,Maharashtra,Chhatrapati Sambhajinagar,PHC Aurangabad North,ORS,370,75,20,19,5,8,0
2026-08-29,Maharashtra,Chhatrapati Sambhajinagar,PHC Aurangabad North,Amoxicillin,383,75,17,14,5,8,0
2026-08-29,Maharashtra,Chhatrapati Sambhajinagar,PHC Aurangabad North,Azithromycin,397,75,12,12,5,8,0
2026-08-29,Maharashtra,Chhatrapati Sambhajinagar,PHC Aurangabad North,Ibuprofen,390,75,15,14,5,8,0
2026-08-29,Uttar Pradesh,Varanasi,PHC Varanasi Ghats,Paracetamol,234,100,36,29,5,8,0
2026-08-29,Uttar Pradesh,Varanasi,PHC Varanasi Ghats,ORS,254,100,29,25,5,8,0
2026-08-29,Uttar Pradesh,Varanasi,PHC Varanasi Ghats,Amoxicillin,276,100,22,20,5,8,0
2026-08-29,Uttar Pradesh,Varanasi,PHC Varanasi Ghats,Azithromycin,297,100,18,15,5,8,0
2026-08-29,Uttar Pradesh,Varanasi,PHC Varanasi Ghats,Ibuprofen,287,100,23,19,5,8,0
2026-08-29,Uttar Pradesh,Lucknow,PHC Lucknow Central Hub,Paracetamol,793,81,26,22,5,8,0
2026-08-29,Uttar Pradesh,Lucknow,PHC Lucknow Central Hub,ORS,807,81,22,19,5,8,0
2026-08-29,Uttar Pradesh,Lucknow,PHC Lucknow Central Hub,Amoxicillin,822,81,19,16,5,8,0
2026-08-29,Uttar Pradesh,Lucknow,PHC Lucknow Central Hub,Azithromycin,838,81,14,13,5,8,0
2026-08-29,Uttar Pradesh,Lucknow,PHC Lucknow Central Hub,Ibuprofen,830,81,17,14,5,8,0
2026-08-29,Uttar Pradesh,Kanpur Nagar,PHC Kanpur South,Paracetamol,292,86,29,25,5,8,0
2026-08-29,Uttar Pradesh,Kanpur Nagar,PHC Kanpur South,ORS,304,86,25,19,5,8,0
2026-08-29,Uttar Pradesh,Kanpur Nagar,PHC Kanpur South,Amoxicillin,321,86,20,18,5,8,0
2026-08-29,Uttar Pradesh,Kanpur Nagar,PHC Kanpur South,Azithromycin,337,86,17,14,5,8,0
2026-08-29,Uttar Pradesh,Kanpur Nagar,PHC Kanpur South,Ibuprofen,329,86,18,16,5,8,0
2026-08-29,Uttar Pradesh,Gorakhpur,PHC Gorakhpur East,Paracetamol,161,131,118,36,5,8,0
2026-08-29,Uttar Pradesh,Gorakhpur,PHC Gorakhpur East,ORS,197,131,100,33,5,8,0
2026-08-29,Uttar Pradesh,Gorakhpur,PHC Gorakhpur East,Amoxicillin,41,131,69,28,5,8,0
2026-08-29,Uttar Pradesh,Gorakhpur,PHC Gorakhpur East,Azithromycin,79,131,53,20,5,8,0
2026-08-29,Uttar Pradesh,Gorakhpur,PHC Gorakhpur East,Ibuprofen,62,131,59,25,5,8,0
2026-08-29,Gujarat,Ahmedabad,PHC Ahmedabad Metro East,Paracetamol,746,73,25,20,5,8,0
2026-08-29,Gujarat,Ahmedabad,PHC Ahmedabad Metro East,ORS,761,73,22,17,5,8,0
2026-08-29,Gujarat,Ahmedabad,PHC Ahmedabad Metro East,Amoxicillin,777,73,17,15,5,8,0
2026-08-29,Gujarat,Ahmedabad,PHC Ahmedabad Metro East,Azithromycin,792,73,13,11,5,8,0
2026-08-29,Gujarat,Ahmedabad,PHC Ahmedabad Metro East,Ibuprofen,785,73,15,14,5,8,0
2026-08-29,Gujarat,Surat,PHC Surat Coastal,Paracetamol,360,95,27,25,5,8,0
2026-08-29,Gujarat,Surat,PHC Surat Coastal,ORS,380,95,24,24,5,8,0
2026-08-29,Gujarat,Surat,PHC Surat Coastal,Amoxicillin,393,95,19,18,5,8,0
2026-08-29,Gujarat,Surat,PHC Surat Coastal,Azithromycin,412,95,15,15,5,8,0
2026-08-29,Gujarat,Surat,PHC Surat Coastal,Ibuprofen,401,95,19,17,5,8,0
2026-08-29,Gujarat,Rajkot,PHC Rajkot West,Paracetamol,404,66,22,17,5,8,0
2026-08-29,Gujarat,Rajkot,PHC Rajkot West,ORS,418,66,20,17,5,8,0
2026-08-29,Gujarat,Rajkot,PHC Rajkot West,Amoxicillin,435,66,17,13,5,8,0
2026-08-29,Gujarat,Rajkot,PHC Rajkot West,Azithromycin,446,66,13,10,5,8,0
2026-08-29,Gujarat,Rajkot,PHC Rajkot West,Ibuprofen,442,66,14,12,5,8,0
2026-08-29,Gujarat,Kutch,PHC Kutch Rural Outpost,Paracetamol,61,116,110,34,5,8,0
2026-08-29,Gujarat,Kutch,PHC Kutch Rural Outpost,ORS,91,116,92,29,5,8,0
2026-08-29,Gujarat,Kutch,PHC Kutch Rural Outpost,Amoxicillin,167,116,67,22,5,8,0
2026-08-29,Gujarat,Kutch,PHC Kutch Rural Outpost,Azithromycin,208,116,53,17,5,8,0
2026-08-29,Gujarat,Kutch,PHC Kutch Rural Outpost,Ibuprofen,198,116,54,22,5,8,0
2026-08-30,Madhya Pradesh,Guna,PHC Guna Central,Paracetamol,180,112,30,32,6,8,0
2026-08-30,Madhya Pradesh,Guna,PHC Guna Central,ORS,212,112,27,27,6,8,0
2026-08-30,Madhya Pradesh,Guna,PHC Guna Central,Amoxicillin,280,112,24,23,6,8,0
2026-08-30,Madhya Pradesh,Guna,PHC Guna Central,Azithromycin,83,112,20,18,6,8,0
2026-08-30,Madhya Pradesh,Guna,PHC Guna Central,Ibuprofen,63,112,23,21,6,8,0
2026-08-30,Madhya Pradesh,Bhopal,PHC Bhopal West,Paracetamol,675,76,22,22,6,8,0
2026-08-30,Madhya Pradesh,Bhopal,PHC Bhopal West,ORS,694,76,18,17,6,8,0
2026-08-30,Madhya Pradesh,Bhopal,PHC Bhopal West,Amoxicillin,712,76,15,15,6,8,0
2026-08-30,Madhya Pradesh,Bhopal,PHC Bhopal West,Azithromycin,732,76,11,13,6,8,0
2026-08-30,Madhya Pradesh,Bhopal,PHC Bhopal West,Ibuprofen,721,76,13,13,6,8,0
2026-08-30,Madhya Pradesh,Indore,PHC Indore Rural,Paracetamol,153,103,26,29,6,8,0
2026-08-30,Madhya Pradesh,Indore,PHC Indore Rural,ORS,177,103,24,25,6,8,0
2026-08-30,Madhya Pradesh,Indore,PHC Indore Rural,Amoxicillin,200,103,21,20,6,8,0
2026-08-30,Madhya Pradesh,Indore,PHC Indore Rural,Azithromycin,228,103,16,17,6,8,0
2026-08-30,Madhya Pradesh,Indore,PHC Indore Rural,Ibuprofen,214,103,17,18,6,8,0
2026-08-30,Madhya Pradesh,Shivpuri,PHC Shivpuri North,Paracetamol,163,75,19,20,6,8,0
2026-08-30,Madhya Pradesh,Shivpuri,PHC Shivpuri North,ORS,174,75,18,17,6,8,0
2026-08-30,Madhya Pradesh,Shivpuri,PHC Shivpuri North,Amoxicillin,194,75,13,14,6,8,0
2026-08-30,Madhya Pradesh,Shivpuri,PHC Shivpuri North,Azithromycin,213,75,11,11,6,8,0
2026-08-30,Madhya Pradesh,Shivpuri,PHC Shivpuri North,Ibuprofen,203,75,13,13,6,8,0
2026-08-30,Rajasthan,Jaipur,PHC Jaipur Rural North,Paracetamol,518,81,21,24,6,8,0
2026-08-30,Rajasthan,Jaipur,PHC Jaipur Rural North,ORS,539,81,16,18,6,8,0
2026-08-30,Rajasthan,Jaipur,PHC Jaipur Rural North,Amoxicillin,554,81,15,15,6,8,0
2026-08-30,Rajasthan,Jaipur,PHC Jaipur Rural North,Azithromycin,573,81,11,13,6,8,0
2026-08-30,Rajasthan,Jaipur,PHC Jaipur Rural North,Ibuprofen,565,81,13,15,6,8,0
2026-08-30,Rajasthan,Udaipur,PHC Udaipur South,Paracetamol,149,101,24,28,6,8,0
2026-08-30,Rajasthan,Udaipur,PHC Udaipur South,ORS,172,101,22,23,6,8,0
2026-08-30,Rajasthan,Udaipur,PHC Udaipur South,Amoxicillin,192,101,17,19,6,8,0
2026-08-30,Rajasthan,Udaipur,PHC Udaipur South,Azithromycin,222,101,15,15,6,8,0
2026-08-30,Rajasthan,Udaipur,PHC Udaipur South,Ibuprofen,209,101,17,17,6,8,0
2026-08-30,Rajasthan,Jodhpur,PHC Jodhpur Desert Edge,Paracetamol,140,105,28,27,6,8,0
2026-08-30,Rajasthan,Jodhpur,PHC Jodhpur Desert Edge,ORS,181,105,24,25,6,8,0
2026-08-30,Rajasthan,Jodhpur,PHC Jodhpur Desert Edge,Amoxicillin,242,105,22,20,6,8,0
2026-08-30,Rajasthan,Jodhpur,PHC Jodhpur Desert Edge,Azithromycin,64,105,18,18,6,8,0
2026-08-30,Rajasthan,Jodhpur,PHC Jodhpur Desert Edge,Ibuprofen,60,105,19,19,6,8,0
2026-08-30,Rajasthan,Kota,PHC Kota Industrial,Paracetamol,300,75,22,20,6,8,0
2026-08-30,Rajasthan,Kota,PHC Kota Industrial,ORS,318,75,18,19,6,8,0
2026-08-30,Rajasthan,Kota,PHC Kota Industrial,Amoxicillin,336,75,16,15,6,8,0
2026-08-30,Rajasthan,Kota,PHC Kota Industrial,Azithromycin,353,75,13,13,6,8,0
2026-08-30,Rajasthan,Kota,PHC Kota Industrial,Ibuprofen,345,75,13,14,6,8,0
2026-08-30,Maharashtra,Pune,PHC Pune East,Paracetamol,617,85,20,24,6,8,0
2026-08-30,Maharashtra,Pune,PHC Pune East,ORS,633,85,17,19,6,8,0
2026-08-30,Maharashtra,Pune,PHC Pune East,Amoxicillin,650,85,16,16,6,8,0
2026-08-30,Maharashtra,Pune,PHC Pune East,Azithromycin,672,85,12,15,6,8,0
2026-08-30,Maharashtra,Pune,PHC Pune East,Ibuprofen,661,85,13,15,6,8,0
2026-08-30,Maharashtra,Nagpur,PHC Nagpur Rural,Paracetamol,178,103,29,28,6,8,0
2026-08-30,Maharashtra,Nagpur,PHC Nagpur Rural,ORS,206,103,23,23,6,8,0
2026-08-30,Maharashtra,Nagpur,PHC Nagpur Rural,Amoxicillin,222,103,21,21,6,8,0
2026-08-30,Maharashtra,Nagpur,PHC Nagpur Rural,Azithromycin,246,103,17,15,6,8,0
2026-08-30,Maharashtra,Nagpur,PHC Nagpur Rural,Ibuprofen,237,103,17,17,6,8,0
2026-08-30,Maharashtra,Nashik,PHC Nashik Tribal Belt,Paracetamol,52,116,36,31,6,8,0
2026-08-30,Maharashtra,Nashik,PHC Nashik Tribal Belt,ORS,99,116,27,30,6,8,0
2026-08-30,Maharashtra,Nashik,PHC Nashik Tribal Belt,Amoxicillin,169,116,22,22,6,8,0
2026-08-30,Maharashtra,Nashik,PHC Nashik Tribal Belt,Azithromycin,216,116,19,19,6,8,0
2026-08-30,Maharashtra,Nashik,PHC Nashik Tribal Belt,Ibuprofen,206,116,22,21,6,8,0
2026-08-30,Maharashtra,Chhatrapati Sambhajinagar,PHC Aurangabad North,Paracetamol,339,73,21,20,6,8,0
2026-08-30,Maharashtra,Chhatrapati Sambhajinagar,PHC Aurangabad North,ORS,351,73,19,18,6,8,0
2026-08-30,Maharashtra,Chhatrapati Sambhajinagar,PHC Aurangabad North,Amoxicillin,369,73,14,14,6,8,0
2026-08-30,Maharashtra,Chhatrapati Sambhajinagar,PHC Aurangabad North,Azithromycin,385,73,12,12,6,8,0
2026-08-30,Maharashtra,Chhatrapati Sambhajinagar,PHC Aurangabad North,Ibuprofen,376,73,14,14,6,8,0
2026-08-30,Uttar Pradesh,Varanasi,PHC Varanasi Ghats,Paracetamol,205,114,29,31,6,8,0
2026-08-30,Uttar Pradesh,Varanasi,PHC Varanasi Ghats,ORS,229,114,25,28,6,8,0
2026-08-30,Uttar Pradesh,Varanasi,PHC Varanasi Ghats,Amoxicillin,256,114,20,23,6,8,0
2026-08-30,Uttar Pradesh,Varanasi,PHC Varanasi Ghats,Azithromycin,282,114,15,19,6,8,0
2026-08-30,Uttar Pradesh,Varanasi,PHC Varanasi Ghats,Ibuprofen,268,114,19,22,6,8,0
2026-08-30,Uttar Pradesh,Lucknow,PHC Lucknow Central Hub,Paracetamol,771,72,22,19,6,8,0
2026-08-30,Uttar Pradesh,Lucknow,PHC Lucknow Central Hub,ORS,788,72,19,18,6,8,0
2026-08-30,Uttar Pradesh,Lucknow,PHC Lucknow Central Hub,Amoxicillin,806,72,16,14,6,8,0
2026-08-30,Uttar Pradesh,Lucknow,PHC Lucknow Central Hub,Azithromycin,825,72,13,11,6,8,0
2026-08-30,Uttar Pradesh,Lucknow,PHC Lucknow Central Hub,Ibuprofen,816,72,14,12,6,8,0
2026-08-30,Uttar Pradesh,Kanpur Nagar,PHC Kanpur South,Paracetamol,267,73,25,20,6,8,0
2026-08-30,Uttar Pradesh,Kanpur Nagar,PHC Kanpur South,ORS,285,73,19,18,6,8,0
2026-08-30,Uttar Pradesh,Kanpur Nagar,PHC Kanpur South,Amoxicillin,303,73,18,14,6,8,0
2026-08-30,Uttar Pradesh,Kanpur Nagar,PHC Kanpur South,Azithromycin,323,73,14,11,6,8,0
2026-08-30,Uttar Pradesh,Kanpur Nagar,PHC Kanpur South,Ibuprofen,313,73,16,14,6,8,0
2026-08-30,Uttar Pradesh,Gorakhpur,PHC Gorakhpur East,Paracetamol,125,131,36,36,6,8,0
2026-08-30,Uttar Pradesh,Gorakhpur,PHC Gorakhpur East,ORS,164,131,33,32,6,8,0
2026-08-30,Uttar Pradesh,Gorakhpur,PHC Gorakhpur East,Amoxicillin,253,131,28,28,6,8,0
2026-08-30,Uttar Pradesh,Gorakhpur,PHC Gorakhpur East,Azithromycin,59,131,20,22,6,8,0
2026-08-30,Uttar Pradesh,Gorakhpur,PHC Gorakhpur East,Ibuprofen,277,131,25,24,6,8,0
2026-08-30,Gujarat,Ahmedabad,PHC Ahmedabad Metro East,Paracetamol,726,75,20,22,6,8,0
2026-08-30,Gujarat,Ahmedabad,PHC Ahmedabad Metro East,ORS,744,75,17,18,6,8,0
2026-08-30,Gujarat,Ahmedabad,PHC Ahmedabad Metro East,Amoxicillin,762,75,15,15,6,8,0
2026-08-30,Gujarat,Ahmedabad,PHC Ahmedabad Metro East,Azithromycin,781,75,11,12,6,8,0
2026-08-30,Gujarat,Ahmedabad,PHC Ahmedabad Metro East,Ibuprofen,771,75,14,14,6,8,0
2026-08-30,Gujarat,Surat,PHC Surat Coastal,Paracetamol,335,94,25,25,6,8,0
2026-08-30,Gujarat,Surat,PHC Surat Coastal,ORS,356,94,24,21,6,8,0
2026-08-30,Gujarat,Surat,PHC Surat Coastal,Amoxicillin,375,94,18,18,6,8,0
2026-08-30,Gujarat,Surat,PHC Surat Coastal,Azithromycin,397,94,15,16,6,8,0
2026-08-30,Gujarat,Surat,PHC Surat Coastal,Ibuprofen,384,94,17,17,6,8,0
2026-08-30,Gujarat,Rajkot,PHC Rajkot West,Paracetamol,387,65,17,17,6,8,0
2026-08-30,Gujarat,Rajkot,PHC Rajkot West,ORS,401,65,17,16,6,8,0
2026-08-30,Gujarat,Rajkot,PHC Rajkot West,Amoxicillin,422,65,13,13,6,8,0
2026-08-30,Gujarat,Rajkot,PHC Rajkot West,Azithromycin,436,65,10,11,6,8,0
2026-08-30,Gujarat,Rajkot,PHC Rajkot West,Ibuprofen,430,65,12,12,6,8,0
2026-08-30,Gujarat,Kutch,PHC Kutch Rural Outpost,Paracetamol,207,119,34,31,6,8,0
2026-08-30,Gujarat,Kutch,PHC Kutch Rural Outpost,ORS,62,119,29,26,6,8,0
2026-08-30,Gujarat,Kutch,PHC Kutch Rural Outpost,Amoxicillin,145,119,22,24,6,8,0
2026-08-30,Gujarat,Kutch,PHC Kutch Rural Outpost,Azithromycin,191,119,17,18,6,8,0
2026-08-30,Gujarat,Kutch,PHC Kutch Rural Outpost,Ibuprofen,176,119,22,21,6,8,0
2026-08-31,Madhya Pradesh,Guna,PHC Guna Central,Paracetamol,148,159,32,48,0,8,0
2026-08-31,Madhya Pradesh,Guna,PHC Guna Central,ORS,185,159,27,40,0,8,0
2026-08-31,Madhya Pradesh,Guna,PHC Guna Central,Amoxicillin,257,159,23,32,0,8,0
2026-08-31,Madhya Pradesh,Guna,PHC Guna Central,Azithromycin,65,159,18,27,0,8,0
2026-08-31,Madhya Pradesh,Guna,PHC Guna Central,Ibuprofen,42,159,21,31,0,8,0
2026-08-31,Madhya Pradesh,Bhopal,PHC Bhopal West,Paracetamol,653,109,22,29,0,8,0
2026-08-31,Madhya Pradesh,Bhopal,PHC Bhopal West,ORS,677,109,17,24,0,8,0
2026-08-31,Madhya Pradesh,Bhopal,PHC Bhopal West,Amoxicillin,697,109,15,23,0,8,0
2026-08-31,Madhya Pradesh,Bhopal,PHC Bhopal West,Azithromycin,719,109,13,17,0,8,0
2026-08-31,Madhya Pradesh,Bhopal,PHC Bhopal West,Ibuprofen,708,109,13,20,0,8,0
2026-08-31,Madhya Pradesh,Indore,PHC Indore Rural,Paracetamol,124,148,29,39,0,8,0
2026-08-31,Madhya Pradesh,Indore,PHC Indore Rural,ORS,152,148,25,36,0,8,0
2026-08-31,Madhya Pradesh,Indore,PHC Indore Rural,Amoxicillin,180,148,20,30,0,8,0
2026-08-31,Madhya Pradesh,Indore,PHC Indore Rural,Azithromycin,211,148,17,24,0,8,0
2026-08-31,Madhya Pradesh,Indore,PHC Indore Rural,Ibuprofen,196,148,18,25,0,8,0
2026-08-31,Madhya Pradesh,Shivpuri,PHC Shivpuri North,Paracetamol,143,98,20,27,0,8,0
2026-08-31,Madhya Pradesh,Shivpuri,PHC Shivpuri North,ORS,157,98,17,24,0,8,0
2026-08-31,Madhya Pradesh,Shivpuri,PHC Shivpuri North,Amoxicillin,180,98,14,21,0,8,0
2026-08-31,Madhya Pradesh,Shivpuri,PHC Shivpuri North,Azithromycin,202,98,11,15,0,8,0
2026-08-31,Madhya Pradesh,Shivpuri,PHC Shivpuri North,Ibuprofen,190,98,13,18,0,8,0
2026-08-31,Rajasthan,Jaipur,PHC Jaipur Rural North,Paracetamol,494,109,24,33,0,8,0
2026-08-31,Rajasthan,Jaipur,PHC Jaipur Rural North,ORS,521,109,18,27,0,8,0
2026-08-31,Rajasthan,Jaipur,PHC Jaipur Rural North,Amoxicillin,539,109,15,22,0,8,0
2026-08-31,Rajasthan,Jaipur,PHC Jaipur Rural North,Azithromycin,560,109,13,17,0,8,0
2026-08-31,Rajasthan,Jaipur,PHC Jaipur Rural North,Ibuprofen,550,109,15,19,0,8,0
2026-08-31,Rajasthan,Udaipur,PHC Udaipur South,Paracetamol,121,127,28,38,0,8,0
2026-08-31,Rajasthan,Udaipur,PHC Udaipur South,ORS,149,127,23,30,0,8,0
2026-08-31,Rajasthan,Udaipur,PHC Udaipur South,Amoxicillin,173,127,19,25,0,8,0
2026-08-31,Rajasthan,Udaipur,PHC Udaipur South,Azithromycin,207,127,15,22,0,8,0
2026-08-31,Rajasthan,Udaipur,PHC Udaipur South,Ibuprofen,192,127,17,23,0,8,0
2026-08-31,Rajasthan,Jodhpur,PHC Jodhpur Desert Edge,Paracetamol,113,154,27,43,0,8,0
2026-08-31,Rajasthan,Jodhpur,PHC Jodhpur Desert Edge,ORS,156,154,25,35,0,8,0
2026-08-31,Rajasthan,Jodhpur,PHC Jodhpur Desert Edge,Amoxicillin,222,154,20,30,0,8,0
2026-08-31,Rajasthan,Jodhpur,PHC Jodhpur Desert Edge,Azithromycin,46,154,18,26,0,8,0
2026-08-31,Rajasthan,Jodhpur,PHC Jodhpur Desert Edge,Ibuprofen,41,154,19,28,0,8,0
2026-08-31,Rajasthan,Kota,PHC Kota Industrial,Paracetamol,280,104,20,28,0,8,0
2026-08-31,Rajasthan,Kota,PHC Kota Industrial,ORS,299,104,19,25,0,8,0
2026-08-31,Rajasthan,Kota,PHC Kota Industrial,Amoxicillin,321,104,15,22,0,8,0
2026-08-31,Rajasthan,Kota,PHC Kota Industrial,Azithromycin,340,104,13,16,0,8,0
2026-08-31,Rajasthan,Kota,PHC Kota Industrial,Ibuprofen,331,104,14,19,0,8,0
2026-08-31,Maharashtra,Pune,PHC Pune East,Paracetamol,593,112,24,34,0,8,0
2026-08-31,Maharashtra,Pune,PHC Pune East,ORS,614,112,19,27,0,8,0
2026-08-31,Maharashtra,Pune,PHC Pune East,Amoxicillin,634,112,16,21,0,8,0
2026-08-31,Maharashtra,Pune,PHC Pune East,Azithromycin,657,112,15,17,0,8,0
2026-08-31,Maharashtra,Pune,PHC Pune East,Ibuprofen,646,112,15,20,0,8,0
2026-08-31,Maharashtra,Nagpur,PHC Nagpur Rural,Paracetamol,150,137,28,36,0,8,0
2026-08-31,Maharashtra,Nagpur,PHC Nagpur Rural,ORS,183,137,23,35,0,8,0
2026-08-31,Maharashtra,Nagpur,PHC Nagpur Rural,Amoxicillin,201,137,21,29,0,8,0
2026-08-31,Maharashtra,Nagpur,PHC Nagpur Rural,Azithromycin,231,137,15,22,0,8,0
2026-08-31,Maharashtra,Nagpur,PHC Nagpur Rural,Ibuprofen,220,137,17,23,0,8,0
2026-08-31,Maharashtra,Nashik,PHC Nashik Tribal Belt,Paracetamol,211,165,31,46,0,8,0
2026-08-31,Maharashtra,Nashik,PHC Nashik Tribal Belt,ORS,69,165,30,41,0,8,0
2026-08-31,Maharashtra,Nashik,PHC Nashik Tribal Belt,Amoxicillin,147,165,22,33,0,8,0
2026-08-31,Maharashtra,Nashik,PHC Nashik Tribal Belt,Azithromycin,197,165,19,25,0,8,0
2026-08-31,Maharashtra,Nashik,PHC Nashik Tribal Belt,Ibuprofen,185,165,21,31,0,8,0
2026-08-31,Maharashtra,Chhatrapati Sambhajinagar,PHC Aurangabad North,Paracetamol,319,102,20,27,0,8,0
2026-08-31,Maharashtra,Chhatrapati Sambhajinagar,PHC Aurangabad North,ORS,333,102,18,25,0,8,0
2026-08-31,Maharashtra,Chhatrapati Sambhajinagar,PHC Aurangabad North,Amoxicillin,355,102,14,20,0,8,0
2026-08-31,Maharashtra,Chhatrapati Sambhajinagar,PHC Aurangabad North,Azithromycin,373,102,12,17,0,8,0
2026-08-31,Maharashtra,Chhatrapati Sambhajinagar,PHC Aurangabad North,Ibuprofen,362,102,14,18,0,8,0
2026-08-31,Uttar Pradesh,Varanasi,PHC Varanasi Ghats,Paracetamol,174,154,31,46,0,8,0
2026-08-31,Uttar Pradesh,Varanasi,PHC Varanasi Ghats,ORS,201,154,28,36,0,8,0
2026-08-31,Uttar Pradesh,Varanasi,PHC Varanasi Ghats,Amoxicillin,233,154,23,32,0,8,0
2026-08-31,Uttar Pradesh,Varanasi,PHC Varanasi Ghats,Azithromycin,263,154,19,24,0,8,0
2026-08-31,Uttar Pradesh,Varanasi,PHC Varanasi Ghats,Ibuprofen,246,154,22,30,0,8,0
2026-08-31,Uttar Pradesh,Lucknow,PHC Lucknow Central Hub,Paracetamol,752,106,19,31,0,8,0
2026-08-31,Uttar Pradesh,Lucknow,PHC Lucknow Central Hub,ORS,770,106,18,25,0,8,0
2026-08-31,Uttar Pradesh,Lucknow,PHC Lucknow Central Hub,Amoxicillin,792,106,14,21,0,8,0
2026-08-31,Uttar Pradesh,Lucknow,PHC Lucknow Central Hub,Azithromycin,814,106,11,17,0,8,0
2026-08-31,Uttar Pradesh,Lucknow,PHC Lucknow Central Hub,Ibuprofen,804,106,12,21,0,8,0
2026-08-31,Uttar Pradesh,Kanpur Nagar,PHC Kanpur South,Paracetamol,247,112,20,30,0,8,0
2026-08-31,Uttar Pradesh,Kanpur Nagar,PHC Kanpur South,ORS,267,112,18,27,0,8,0
2026-08-31,Uttar Pradesh,Kanpur Nagar,PHC Kanpur South,Amoxicillin,289,112,14,22,0,8,0
2026-08-31,Uttar Pradesh,Kanpur Nagar,PHC Kanpur South,Azithromycin,312,112,11,18,0,8,0
2026-08-31,Uttar Pradesh,Kanpur Nagar,PHC Kanpur South,Ibuprofen,299,112,14,20,0,8,0
2026-08-31,Uttar Pradesh,Gorakhpur,PHC Gorakhpur East,Paracetamol,89,176,36,48,0,8,0
2026-08-31,Uttar Pradesh,Gorakhpur,PHC Gorakhpur East,ORS,132,176,32,40,0,8,0
2026-08-31,Uttar Pradesh,Gorakhpur,PHC Gorakhpur East,Amoxicillin,225,176,28,36,0,8,0
2026-08-31,Uttar Pradesh,Gorakhpur,PHC Gorakhpur East,Azithromycin,277,176,22,28,0,8,0
2026-08-31,Uttar Pradesh,Gorakhpur,PHC Gorakhpur East,Ibuprofen,253,176,24,30,0,8,0
2026-08-31,Gujarat,Ahmedabad,PHC Ahmedabad Metro East,Paracetamol,704,105,22,27,0,8,0
2026-08-31,Gujarat,Ahmedabad,PHC Ahmedabad Metro East,ORS,726,105,18,26,0,8,0
2026-08-31,Gujarat,Ahmedabad,PHC Ahmedabad Metro East,Amoxicillin,747,105,15,22,0,8,0
2026-08-31,Gujarat,Ahmedabad,PHC Ahmedabad Metro East,Azithromycin,769,105,12,18,0,8,0
2026-08-31,Gujarat,Ahmedabad,PHC Ahmedabad Metro East,Ibuprofen,757,105,14,19,0,8,0
2026-08-31,Gujarat,Surat,PHC Surat Coastal,Paracetamol,310,127,25,37,0,8,0
2026-08-31,Gujarat,Surat,PHC Surat Coastal,ORS,335,127,21,33,0,8,0
2026-08-31,Gujarat,Surat,PHC Surat Coastal,Amoxicillin,357,127,18,25,0,8,0
2026-08-31,Gujarat,Surat,PHC Surat Coastal,Azithromycin,381,127,16,19,0,8,0
2026-08-31,Gujarat,Surat,PHC Surat Coastal,Ibuprofen,367,127,17,23,0,8,0
2026-08-31,Gujarat,Rajkot,PHC Rajkot West,Paracetamol,370,96,17,28,0,8,0
2026-08-31,Gujarat,Rajkot,PHC Rajkot West,ORS,385,96,16,24,0,8,0
2026-08-31,Gujarat,Rajkot,PHC Rajkot West,Amoxicillin,409,96,13,19,0,8,0
2026-08-31,Gujarat,Rajkot,PHC Rajkot West,Azithromycin,425,96,11,15,0,8,0
2026-08-31,Gujarat,Rajkot,PHC Rajkot West,Ibuprofen,418,96,12,17,0,8,0
2026-08-31,Gujarat,Kutch,PHC Kutch Rural Outpost,Paracetamol,176,169,31,47,0,8,0
2026-08-31,Gujarat,Kutch,PHC Kutch Rural Outpost,ORS,216,169,26,42,0,8,0
2026-08-31,Gujarat,Kutch,PHC Kutch Rural Outpost,Amoxicillin,121,169,24,32,0,8,0
2026-08-31,Gujarat,Kutch,PHC Kutch Rural Outpost,Azithromycin,173,169,18,27,0,8,0
2026-08-31,Gujarat,Kutch,PHC Kutch Rural Outpost,Ibuprofen,155,169,21,33,0,8,0
2026-09-01,Madhya Pradesh,Guna,PHC Guna Central,Paracetamol,100,163,48,47,1,9,0
2026-09-01,Madhya Pradesh,Guna,PHC Guna Central,ORS,145,163,40,40,1,9,0
2026-09-01,Madhya Pradesh,Guna,PHC Guna Central,Amoxicillin,225,163,32,34,1,9,0
2026-09-01,Madhya Pradesh,Guna,PHC Guna Central,Azithromycin,288,163,27,28,1,9,0
2026-09-01,Madhya Pradesh,Guna,PHC Guna Central,Ibuprofen,261,163,31,31,1,9,0
2026-09-01,Madhya Pradesh,Bhopal,PHC Bhopal West,Paracetamol,624,104,29,28,1,9,0
2026-09-01,Madhya Pradesh,Bhopal,PHC Bhopal West,ORS,653,104,24,26,1,9,0
2026-09-01,Madhya Pradesh,Bhopal,PHC Bhopal West,Amoxicillin,674,104,23,22,1,9,0
2026-09-01,Madhya Pradesh,Bhopal,PHC Bhopal West,Azithromycin,702,104,17,18,1,9,0
2026-09-01,Madhya Pradesh,Bhopal,PHC Bhopal West,Ibuprofen,688,104,20,17,1,9,0
2026-09-01,Madhya Pradesh,Indore,PHC Indore Rural,Paracetamol,85,135,39,39,1,9,0
2026-09-01,Madhya Pradesh,Indore,PHC Indore Rural,ORS,116,135,36,35,1,9,0
2026-09-01,Madhya Pradesh,Indore,PHC Indore Rural,Amoxicillin,150,135,30,29,1,9,0
2026-09-01,Madhya Pradesh,Indore,PHC Indore Rural,Azithromycin,187,135,24,22,1,9,0
2026-09-01,Madhya Pradesh,Indore,PHC Indore Rural,Ibuprofen,171,135,25,24,1,9,0
2026-09-01,Madhya Pradesh,Shivpuri,PHC Shivpuri North,Paracetamol,116,94,27,27,1,9,0
2026-09-01,Madhya Pradesh,Shivpuri,PHC Shivpuri North,ORS,133,94,24,24,1,9,0
2026-09-01,Madhya Pradesh,Shivpuri,PHC Shivpuri North,Amoxicillin,159,94,21,19,1,9,0
2026-09-01,Madhya Pradesh,Shivpuri,PHC Shivpuri North,Azithromycin,187,94,15,16,1,9,0
2026-09-01,Madhya Pradesh,Shivpuri,PHC Shivpuri North,Ibuprofen,172,94,18,18,1,9,0
2026-09-01,Rajasthan,Jaipur,PHC Jaipur Rural North,Paracetamol,461,105,33,31,1,9,0
2026-09-01,Rajasthan,Jaipur,PHC Jaipur Rural North,ORS,494,105,27,24,1,9,0
2026-09-01,Rajasthan,Jaipur,PHC Jaipur Rural North,Amoxicillin,517,105,22,21,1,9,0
2026-09-01,Rajasthan,Jaipur,PHC Jaipur Rural North,Azithromycin,543,105,17,16,1,9,0
2026-09-01,Rajasthan,Jaipur,PHC Jaipur Rural North,Ibuprofen,531,105,19,19,1,9,0
2026-09-01,Rajasthan,Udaipur,PHC Udaipur South,Paracetamol,83,131,38,38,1,9,0
2026-09-01,Rajasthan,Udaipur,PHC Udaipur South,ORS,119,131,30,30,1,9,0
2026-09-01,Rajasthan,Udaipur,PHC Udaipur South,Amoxicillin,148,131,25,24,1,9,0
2026-09-01,Rajasthan,Udaipur,PHC Udaipur South,Azithromycin,185,131,22,22,1,9,0
2026-09-01,Rajasthan,Udaipur,PHC Udaipur South,Ibuprofen,169,131,23,24,1,9,0
2026-09-01,Rajasthan,Jodhpur,PHC Jodhpur Desert Edge,Paracetamol,70,149,43,44,1,9,0
2026-09-01,Rajasthan,Jodhpur,PHC Jodhpur Desert Edge,ORS,121,149,35,34,1,9,0
2026-09-01,Rajasthan,Jodhpur,PHC Jodhpur Desert Edge,Amoxicillin,192,149,30,30,1,9,0
2026-09-01,Rajasthan,Jodhpur,PHC Jodhpur Desert Edge,Azithromycin,240,149,26,23,1,9,0
2026-09-01,Rajasthan,Jodhpur,PHC Jodhpur Desert Edge,Ibuprofen,233,149,28,26,1,9,0
2026-09-01,Rajasthan,Kota,PHC Kota Industrial,Paracetamol,252,92,28,27,1,9,0
2026-09-01,Rajasthan,Kota,PHC Kota Industrial,ORS,274,92,25,23,1,9,0
2026-09-01,Rajasthan,Kota,PHC Kota Industrial,Amoxicillin,299,92,22,19,1,9,0
2026-09-01,Rajasthan,Kota,PHC Kota Industrial,Azithromycin,324,92,16,14,1,9,0
2026-09-01,Rajasthan,Kota,PHC Kota Industrial,Ibuprofen,312,92,19,16,1,9,0
2026-09-01,Maharashtra,Pune,PHC Pune East,Paracetamol,559,116,34,33,1,9,0
2026-09-01,Maharashtra,Pune,PHC Pune East,ORS,587,116,27,28,1,9,0
2026-09-01,Maharashtra,Pune,PHC Pune East,Amoxicillin,613,116,21,23,1,9,0
2026-09-01,Maharashtra,Pune,PHC Pune East,Azithromycin,640,116,17,18,1,9,0
2026-09-01,Maharashtra,Pune,PHC Pune East,Ibuprofen,626,116,20,22,1,9,0
2026-09-01,Maharashtra,Nagpur,PHC Nagpur Rural,Paracetamol,114,131,36,36,1,9,0
2026-09-01,Maharashtra,Nagpur,PHC Nagpur Rural,ORS,148,131,35,31,1,9,0
2026-09-01,Maharashtra,Nagpur,PHC Nagpur Rural,Amoxicillin,172,131,29,25,1,9,0
2026-09-01,Maharashtra,Nagpur,PHC Nagpur Rural,Azithromycin,209,131,22,21,1,9,0
2026-09-01,Maharashtra,Nagpur,PHC Nagpur Rural,Ibuprofen,197,131,23,24,1,9,0
2026-09-01,Maharashtra,Nashik,PHC Nashik Tribal Belt,Paracetamol,165,167,46,45,1,9,0
2026-09-01,Maharashtra,Nashik,PHC Nashik Tribal Belt,ORS,218,167,41,43,1,9,0
2026-09-01,Maharashtra,Nashik,PHC Nashik Tribal Belt,Amoxicillin,114,167,33,34,1,9,0
2026-09-01,Maharashtra,Nashik,PHC Nashik Tribal Belt,Azithromycin,172,167,25,26,1,9,0
2026-09-01,Maharashtra,Nashik,PHC Nashik Tribal Belt,Ibuprofen,154,167,31,30,1,9,0
2026-09-01,Maharashtra,Chhatrapati Sambhajinagar,PHC Aurangabad North,Paracetamol,292,97,27,28,1,9,0
2026-09-01,Maharashtra,Chhatrapati Sambhajinagar,PHC Aurangabad North,ORS,308,97,25,22,1,9,0
2026-09-01,Maharashtra,Chhatrapati Sambhajinagar,PHC Aurangabad North,Amoxicillin,335,97,20,20,1,9,0
2026-09-01,Maharashtra,Chhatrapati Sambhajinagar,PHC Aurangabad North,Azithromycin,356,97,17,16,1,9,0
2026-09-01,Maharashtra,Chhatrapati Sambhajinagar,PHC Aurangabad North,Ibuprofen,344,97,18,19,1,9,0
2026-09-01,Uttar Pradesh,Varanasi,PHC Varanasi Ghats,Paracetamol,128,144,46,42,1,9,0
2026-09-01,Uttar Pradesh,Varanasi,PHC Varanasi Ghats,ORS,165,144,36,35,1,9,0
2026-09-01,Uttar Pradesh,Varanasi,PHC Varanasi Ghats,Amoxicillin,201,144,32,28,1,9,0
2026-09-01,Uttar Pradesh,Varanasi,PHC Varanasi Ghats,Azithromycin,239,144,24,24,1,9,0
2026-09-01,Uttar Pradesh,Varanasi,PHC Varanasi Ghats,Ibuprofen,216,144,30,26,1,9,0
2026-09-01,Uttar Pradesh,Lucknow,PHC Lucknow Central Hub,Paracetamol,721,109,31,32,1,9,0
2026-09-01,Uttar Pradesh,Lucknow,PHC Lucknow Central Hub,ORS,745,109,25,27,1,9,0
2026-09-01,Uttar Pradesh,Lucknow,PHC Lucknow Central Hub,Amoxicillin,771,109,21,23,1,9,0
2026-09-01,Uttar Pradesh,Lucknow,PHC Lucknow Central Hub,Azithromycin,797,109,17,18,1,9,0
2026-09-01,Uttar Pradesh,Lucknow,PHC Lucknow Central Hub,Ibuprofen,783,109,21,21,1,9,0
2026-09-01,Uttar Pradesh,Kanpur Nagar,PHC Kanpur South,Paracetamol,217,114,30,31,1,9,0
2026-09-01,Uttar Pradesh,Kanpur Nagar,PHC Kanpur South,ORS,240,114,27,27,1,9,0
2026-09-01,Uttar Pradesh,Kanpur Nagar,PHC Kanpur South,Amoxicillin,267,114,22,23,1,9,0
2026-09-01,Uttar Pradesh,Kanpur Nagar,PHC Kanpur South,Azithromycin,294,114,18,19,1,9,0
2026-09-01,Uttar Pradesh,Kanpur Nagar,PHC Kanpur South,Ibuprofen,279,114,20,19,1,9,0
2026-09-01,Uttar Pradesh,Gorakhpur,PHC Gorakhpur East,Paracetamol,41,174,48,51,1,9,0
2026-09-01,Uttar Pradesh,Gorakhpur,PHC Gorakhpur East,ORS,92,174,40,40,1,9,0
2026-09-01,Uttar Pradesh,Gorakhpur,PHC Gorakhpur East,Amoxicillin,189,174,36,33,1,9,0
2026-09-01,Uttar Pradesh,Gorakhpur,PHC Gorakhpur East,Azithromycin,249,174,28,28,1,9,0
2026-09-01,Uttar Pradesh,Gorakhpur,PHC Gorakhpur East,Ibuprofen,223,174,30,34,1,9,0
2026-09-01,Gujarat,Ahmedabad,PHC Ahmedabad Metro East,Paracetamol,677,101,27,30,1,9,0
2026-09-01,Gujarat,Ahmedabad,PHC Ahmedabad Metro East,ORS,700,101,26,26,1,9,0
2026-09-01,Gujarat,Ahmedabad,PHC Ahmedabad Metro East,Amoxicillin,725,101,22,19,1,9,0
2026-09-01,Gujarat,Ahmedabad,PHC Ahmedabad Metro East,Azithromycin,751,101,18,17,1,9,0
2026-09-01,Gujarat,Ahmedabad,PHC Ahmedabad Metro East,Ibuprofen,738,101,19,18,1,9,0
2026-09-01,Gujarat,Surat,PHC Surat Coastal,Paracetamol,273,129,37,38,1,9,0
2026-09-01,Gujarat,Surat,PHC Surat Coastal,ORS,302,129,33,30,1,9,0
2026-09-01,Gujarat,Surat,PHC Surat Coastal,Amoxicillin,332,129,25,24,1,9,0
2026-09-01,Gujarat,Surat,PHC Surat Coastal,Azithromycin,362,129,19,22,1,9,0
2026-09-01,Gujarat,Surat,PHC Surat Coastal,Ibuprofen,344,129,23,22,1,9,0
2026-09-01,Gujarat,Rajkot,PHC Rajkot West,Paracetamol,342,102,28,30,1,9,0
2026-09-01,Gujarat,Rajkot,PHC Rajkot West,ORS,361,102,24,25,1,9,0
2026-09-01,Gujarat,Rajkot,PHC Rajkot West,Amoxicillin,390,102,19,22,1,9,0
2026-09-01,Gujarat,Rajkot,PHC Rajkot West,Azithromycin,410,102,15,18,1,9,0
2026-09-01,Gujarat,Rajkot,PHC Rajkot West,Ibuprofen,401,102,17,19,1,9,0
2026-09-01,Gujarat,Kutch,PHC Kutch Rural Outpost,Paracetamol,129,163,47,48,1,9,0
2026-09-01,Gujarat,Kutch,PHC Kutch Rural Outpost,ORS,174,163,42,36,1,9,0
2026-09-01,Gujarat,Kutch,PHC Kutch Rural Outpost,Amoxicillin,89,163,32,33,1,9,0
2026-09-01,Gujarat,Kutch,PHC Kutch Rural Outpost,Azithromycin,146,163,27,26,1,9,0
2026-09-01,Gujarat,Kutch,PHC Kutch Rural Outpost,Ibuprofen,122,163,33,30,1,9,0
2026-09-02,Madhya Pradesh,Guna,PHC Guna Central,Paracetamol,53,143,47,41,2,9,0
2026-09-02,Madhya Pradesh,Guna,PHC Guna Central,ORS,105,143,40,36,2,9,0
2026-09-02,Madhya Pradesh,Guna,PHC Guna Central,Amoxicillin,191,143,34,31,2,9,0
2026-09-02,Madhya Pradesh,Guna,PHC Guna Central,Azithromycin,260,143,28,21,2,9,0
2026-09-02,Madhya Pradesh,Guna,PHC Guna Central,Ibuprofen,230,143,31,25,2,9,0
2026-09-02,Madhya Pradesh,Bhopal,PHC Bhopal West,Paracetamol,596,82,28,24,2,9,0
2026-09-02,Madhya Pradesh,Bhopal,PHC Bhopal West,ORS,627,82,26,20,2,9,0
2026-09-02,Madhya Pradesh,Bhopal,PHC Bhopal West,Amoxicillin,652,82,22,17,2,9,0
2026-09-02,Madhya Pradesh,Bhopal,PHC Bhopal West,Azithromycin,684,82,18,13,2,9,0
2026-09-02,Madhya Pradesh,Bhopal,PHC Bhopal West,Ibuprofen,671,82,17,14,2,9,0
2026-09-02,Madhya Pradesh,Indore,PHC Indore Rural,Paracetamol,46,125,39,37,2,9,0
2026-09-02,Madhya Pradesh,Indore,PHC Indore Rural,ORS,81,125,35,29,2,9,0
2026-09-02,Madhya Pradesh,Indore,PHC Indore Rural,Amoxicillin,121,125,29,25,2,9,0
2026-09-02,Madhya Pradesh,Indore,PHC Indore Rural,Azithromycin,165,125,22,19,2,9,0
2026-09-02,Madhya Pradesh,Indore,PHC Indore Rural,Ibuprofen,147,125,24,24,2,9,0
2026-09-02,Madhya Pradesh,Shivpuri,PHC Shivpuri North,Paracetamol,89,82,27,23,2,9,0
2026-09-02,Madhya Pradesh,Shivpuri,PHC Shivpuri North,ORS,109,82,24,18,2,9,0
2026-09-02,Madhya Pradesh,Shivpuri,PHC Shivpuri North,Amoxicillin,140,82,19,17,2,9,0
2026-09-02,Madhya Pradesh,Shivpuri,PHC Shivpuri North,Azithromycin,171,82,16,12,2,9,0
2026-09-02,Madhya Pradesh,Shivpuri,PHC Shivpuri North,Ibuprofen,154,82,18,15,2,9,0
2026-09-02,Rajasthan,Jaipur,PHC Jaipur Rural North,Paracetamol,430,98,31,29,2,9,0
2026-09-02,Rajasthan,Jaipur,PHC Jaipur Rural North,ORS,470,98,24,25,2,9,0
2026-09-02,Rajasthan,Jaipur,PHC Jaipur Rural North,Amoxicillin,496,98,21,19,2,9,0
2026-09-02,Rajasthan,Jaipur,PHC Jaipur Rural North,Azithromycin,527,98,16,16,2,9,0
2026-09-02,Rajasthan,Jaipur,PHC Jaipur Rural North,Ibuprofen,512,98,19,17,2,9,0
2026-09-02,Rajasthan,Udaipur,PHC Udaipur South,Paracetamol,45,109,38,29,2,9,0
2026-09-02,Rajasthan,Udaipur,PHC Udaipur South,ORS,89,109,30,26,2,9,0
2026-09-02,Rajasthan,Udaipur,PHC Udaipur South,Amoxicillin,124,109,24,21,2,9,0
2026-09-02,Rajasthan,Udaipur,PHC Udaipur South,Azithromycin,163,109,22,19,2,9,0
2026-09-02,Rajasthan,Udaipur,PHC Udaipur South,Ibuprofen,145,109,24,18,2,9,0
2026-09-02,Rajasthan,Jodhpur,PHC Jodhpur Desert Edge,Paracetamol,246,128,44,36,2,9,0
2026-09-02,Rajasthan,Jodhpur,PHC Jodhpur Desert Edge,ORS,87,128,34,33,2,9,0
2026-09-02,Rajasthan,Jodhpur,PHC Jodhpur Desert Edge,Amoxicillin,162,128,30,27,2,9,0
2026-09-02,Rajasthan,Jodhpur,PHC Jodhpur Desert Edge,Azithromycin,217,128,23,19,2,9,0
2026-09-02,Rajasthan,Jodhpur,PHC Jodhpur Desert Edge,Ibuprofen,207,128,26,24,2,9,0
2026-09-02,Rajasthan,Kota,PHC Kota Industrial,Paracetamol,225,86,27,26,2,9,0
2026-09-02,Rajasthan,Kota,PHC Kota Industrial,ORS,251,86,23,20,2,9,0
2026-09-02,Rajasthan,Kota,PHC Kota Industrial,Amoxicillin,280,86,19,17,2,9,0
2026-09-02,Rajasthan,Kota,PHC Kota Industrial,Azithromycin,310,86,14,13,2,9,0
2026-09-02,Rajasthan,Kota,PHC Kota Industrial,Ibuprofen,296,86,16,15,2,9,0
2026-09-02,Maharashtra,Pune,PHC Pune East,Paracetamol,526,106,33,29,2,9,0
2026-09-02,Maharashtra,Pune,PHC Pune East,ORS,559,106,28,26,2,9,0
2026-09-02,Maharashtra,Pune,PHC Pune East,Amoxicillin,590,106,23,22,2,9,0
2026-09-02,Maharashtra,Pune,PHC Pune East,Azithromycin,622,106,18,17,2,9,0
2026-09-02,Maharashtra,Pune,PHC Pune East,Ibuprofen,604,106,22,18,2,9,0
2026-09-02,Maharashtra,Nagpur,PHC Nagpur Rural,Paracetamol,78,120,36,32,2,9,0
2026-09-02,Maharashtra,Nagpur,PHC Nagpur Rural,ORS,117,120,31,27,2,9,0
2026-09-02,Maharashtra,Nagpur,PHC Nagpur Rural,Amoxicillin,147,120,25,24,2,9,0
2026-09-02,Maharashtra,Nagpur,PHC Nagpur Rural,Azithromycin,188,120,21,18,2,9,0
2026-09-02,Maharashtra,Nagpur,PHC Nagpur Rural,Ibuprofen,173,120,24,23,2,9,0
2026-09-02,Maharashtra,Nashik,PHC Nashik Tribal Belt,Paracetamol,120,130,45,35,2,9,0
2026-09-02,Maharashtra,Nashik,PHC Nashik Tribal Belt,ORS,175,130,43,33,2,9,0
2026-09-02,Maharashtra,Nashik,PHC Nashik Tribal Belt,Amoxicillin,80,130,34,25,2,9,0
2026-09-02,Maharashtra,Nashik,PHC Nashik Tribal Belt,Azithromycin,146,130,26,20,2,9,0
2026-09-02,Maharashtra,Nashik,PHC Nashik Tribal Belt,Ibuprofen,124,130,30,25,2,9,0
2026-09-02,Maharashtra,Chhatrapati Sambhajinagar,PHC Aurangabad North,Paracetamol,264,72,28,21,2,9,0
2026-09-02,Maharashtra,Chhatrapati Sambhajinagar,PHC Aurangabad North,ORS,286,72,22,16,2,9,0
2026-09-02,Maharashtra,Chhatrapati Sambhajinagar,PHC Aurangabad North,Amoxicillin,315,72,20,14,2,9,0
2026-09-02,Maharashtra,Chhatrapati Sambhajinagar,PHC Aurangabad North,Azithromycin,340,72,16,11,2,9,0
2026-09-02,Maharashtra,Chhatrapati Sambhajinagar,PHC Aurangabad North,Ibuprofen,325,72,19,12,2,9,0
2026-09-02,Uttar Pradesh,Varanasi,PHC Varanasi Ghats,Paracetamol,86,128,42,33,2,9,0
2026-09-02,Uttar Pradesh,Varanasi,PHC Varanasi Ghats,ORS,130,128,35,28,2,9,0
2026-09-02,Uttar Pradesh,Varanasi,PHC Varanasi Ghats,Amoxicillin,173,128,28,27,2,9,0
2026-09-02,Uttar Pradesh,Varanasi,PHC Varanasi Ghats,Azithromycin,215,128,24,20,2,9,0
2026-09-02,Uttar Pradesh,Varanasi,PHC Varanasi Ghats,Ibuprofen,190,128,26,22,2,9,0
2026-09-02,Uttar Pradesh,Lucknow,PHC Lucknow Central Hub,Paracetamol,689,85,32,22,2,9,0
2026-09-02,Uttar Pradesh,Lucknow,PHC Lucknow Central Hub,ORS,718,85,27,21,2,9,0
2026-09-02,Uttar Pradesh,Lucknow,PHC Lucknow Central Hub,Amoxicillin,748,85,23,17,2,9,0
2026-09-02,Uttar Pradesh,Lucknow,PHC Lucknow Central Hub,Azithromycin,779,85,18,14,2,9,0
2026-09-02,Uttar Pradesh,Lucknow,PHC Lucknow Central Hub,Ibuprofen,762,85,21,15,2,9,0
2026-09-02,Uttar Pradesh,Kanpur Nagar,PHC Kanpur South,Paracetamol,186,99,31,28,2,9,0
2026-09-02,Uttar Pradesh,Kanpur Nagar,PHC Kanpur South,ORS,213,99,27,22,2,9,0
2026-09-02,Uttar Pradesh,Kanpur Nagar,PHC Kanpur South,Amoxicillin,244,99,23,20,2,9,0
2026-09-02,Uttar Pradesh,Kanpur Nagar,PHC Kanpur South,Azithromycin,275,99,19,17,2,9,0
2026-09-02,Uttar Pradesh,Kanpur Nagar,PHC Kanpur South,Ibuprofen,260,99,19,17,2,9,0
2026-09-02,Uttar Pradesh,Gorakhpur,PHC Gorakhpur East,Paracetamol,230,155,51,46,2,9,0
2026-09-02,Uttar Pradesh,Gorakhpur,PHC Gorakhpur East,ORS,52,155,40,37,2,9,0
2026-09-02,Uttar Pradesh,Gorakhpur,PHC Gorakhpur East,Amoxicillin,156,155,33,31,2,9,0
2026-09-02,Uttar Pradesh,Gorakhpur,PHC Gorakhpur East,Azithromycin,221,155,28,27,2,9,0
2026-09-02,Uttar Pradesh,Gorakhpur,PHC Gorakhpur East,Ibuprofen,189,155,34,26,2,9,0
2026-09-02,Gujarat,Ahmedabad,PHC Ahmedabad Metro East,Paracetamol,647,85,30,23,2,9,0
2026-09-02,Gujarat,Ahmedabad,PHC Ahmedabad Metro East,ORS,674,85,26,21,2,9,0
2026-09-02,Gujarat,Ahmedabad,PHC Ahmedabad Metro East,Amoxicillin,706,85,19,17,2,9,0
2026-09-02,Gujarat,Ahmedabad,PHC Ahmedabad Metro East,Azithromycin,734,85,17,14,2,9,0
2026-09-02,Gujarat,Ahmedabad,PHC Ahmedabad Metro East,Ibuprofen,720,85,18,14,2,9,0
2026-09-02,Gujarat,Surat,PHC Surat Coastal,Paracetamol,235,98,38,28,2,9,0
2026-09-02,Gujarat,Surat,PHC Surat Coastal,ORS,272,98,30,22,2,9,0
2026-09-02,Gujarat,Surat,PHC Surat Coastal,Amoxicillin,308,98,24,19,2,9,0
2026-09-02,Gujarat,Surat,PHC Surat Coastal,Azithromycin,340,98,22,16,2,9,0
2026-09-02,Gujarat,Surat,PHC Surat Coastal,Ibuprofen,322,98,22,18,2,9,0
2026-09-02,Gujarat,Rajkot,PHC Rajkot West,Paracetamol,312,77,30,23,2,9,0
2026-09-02,Gujarat,Rajkot,PHC Rajkot West,ORS,336,77,25,19,2,9,0
2026-09-02,Gujarat,Rajkot,PHC Rajkot West,Amoxicillin,368,77,22,15,2,9,0
2026-09-02,Gujarat,Rajkot,PHC Rajkot West,Azithromycin,392,77,18,13,2,9,0
2026-09-02,Gujarat,Rajkot,PHC Rajkot West,Ibuprofen,382,77,19,13,2,9,0
2026-09-02,Gujarat,Kutch,PHC Kutch Rural Outpost,Paracetamol,81,143,48,42,2,9,0
2026-09-02,Gujarat,Kutch,PHC Kutch Rural Outpost,ORS,138,143,36,35,2,9,0
2026-09-02,Gujarat,Kutch,PHC Kutch Rural Outpost,Amoxicillin,56,143,33,30,2,9,0
2026-09-02,Gujarat,Kutch,PHC Kutch Rural Outpost,Azithromycin,120,143,26,24,2,9,0
2026-09-02,Gujarat,Kutch,PHC Kutch Rural Outpost,Ibuprofen,92,143,30,25,2,9,0
2026-09-03,Madhya Pradesh,Guna,PHC Guna Central,Paracetamol,262,223,41,99,3,9,1
2026-09-03,Madhya Pradesh,Guna,PHC Guna Central,ORS,69,223,36,89,3,9,1
2026-09-03,Madhya Pradesh,Guna,PHC Guna Central,Amoxicillin,160,223,31,64,3,9,1
2026-09-03,Madhya Pradesh,Guna,PHC Guna Central,Azithromycin,239,223,21,49,3,9,1
2026-09-03,Madhya Pradesh,Guna,PHC Guna Central,Ibuprofen,205,223,25,49,3,9,1
2026-09-03,Madhya Pradesh,Bhopal,PHC Bhopal West,Paracetamol,572,89,24,26,3,9,0
2026-09-03,Madhya Pradesh,Bhopal,PHC Bhopal West,ORS,607,89,20,21,3,9,0
2026-09-03,Madhya Pradesh,Bhopal,PHC Bhopal West,Amoxicillin,635,89,17,17,3,9,0
2026-09-03,Madhya Pradesh,Bhopal,PHC Bhopal West,Azithromycin,671,89,13,15,3,9,0
2026-09-03,Madhya Pradesh,Bhopal,PHC Bhopal West,Ibuprofen,657,89,14,15,3,9,0
2026-09-03,Madhya Pradesh,Indore,PHC Indore Rural,Paracetamol,329,125,37,33,3,9,0
2026-09-03,Madhya Pradesh,Indore,PHC Indore Rural,ORS,52,125,29,28,3,9,0
2026-09-03,Madhya Pradesh,Indore,PHC Indore Rural,Amoxicillin,96,125,25,26,3,9,0
2026-09-03,Madhya Pradesh,Indore,PHC Indore Rural,Azithromycin,146,125,19,21,3,9,0
2026-09-03,Madhya Pradesh,Indore,PHC Indore Rural,Ibuprofen,123,125,24,23,3,9,0
2026-09-03,Madhya Pradesh,Shivpuri,PHC Shivpuri North,Paracetamol,66,86,23,24,3,9,0
2026-09-03,Madhya Pradesh,Shivpuri,PHC Shivpuri North,ORS,91,86,18,20,3,9,0
2026-09-03,Madhya Pradesh,Shivpuri,PHC Shivpuri North,Amoxicillin,123,86,17,16,3,9,0
2026-09-03,Madhya Pradesh,Shivpuri,PHC Shivpuri North,Azithromycin,159,86,12,13,3,9,0
2026-09-03,Madhya Pradesh,Shivpuri,PHC Shivpuri North,Ibuprofen,139,86,15,16,3,9,0
2026-09-03,Rajasthan,Jaipur,PHC Jaipur Rural North,Paracetamol,401,99,29,29,3,9,0
2026-09-03,Rajasthan,Jaipur,PHC Jaipur Rural North,ORS,445,99,25,25,3,9,0
2026-09-03,Rajasthan,Jaipur,PHC Jaipur Rural North,Amoxicillin,477,99,19,21,3,9,0
2026-09-03,Rajasthan,Jaipur,PHC Jaipur Rural North,Azithromycin,511,99,16,16,3,9,0
2026-09-03,Rajasthan,Jaipur,PHC Jaipur Rural North,Ibuprofen,495,99,17,17,3,9,0
2026-09-03,Rajasthan,Udaipur,PHC Udaipur South,Paracetamol,326,111,29,30,3,9,0
2026-09-03,Rajasthan,Udaipur,PHC Udaipur South,ORS,63,111,26,27,3,9,0
2026-09-03,Rajasthan,Udaipur,PHC Udaipur South,Amoxicillin,103,111,21,21,3,9,0
2026-09-03,Rajasthan,Udaipur,PHC Udaipur South,Azithromycin,144,111,19,17,3,9,0
2026-09-03,Rajasthan,Udaipur,PHC Udaipur South,Ibuprofen,127,111,18,21,3,9,0
2026-09-03,Rajasthan,Jodhpur,PHC Jodhpur Desert Edge,Paracetamol,210,206,36,99,3,9,1
2026-09-03,Rajasthan,Jodhpur,PHC Jodhpur Desert Edge,ORS,54,206,33,85,3,9,1
2026-09-03,Rajasthan,Jodhpur,PHC Jodhpur Desert Edge,Amoxicillin,135,206,27,63,3,9,1
2026-09-03,Rajasthan,Jodhpur,PHC Jodhpur Desert Edge,Azithromycin,198,206,19,49,3,9,1
2026-09-03,Rajasthan,Jodhpur,PHC Jodhpur Desert Edge,Ibuprofen,183,206,24,52,3,9,1
2026-09-03,Rajasthan,Kota,PHC Kota Industrial,Paracetamol,199,90,26,26,3,9,0
2026-09-03,Rajasthan,Kota,PHC Kota Industrial,ORS,231,90,20,22,3,9,0
2026-09-03,Rajasthan,Kota,PHC Kota Industrial,Amoxicillin,263,90,17,17,3,9,0
2026-09-03,Rajasthan,Kota,PHC Kota Industrial,Azithromycin,297,90,13,15,3,9,0
2026-09-03,Rajasthan,Kota,PHC Kota Industrial,Ibuprofen,281,90,15,17,3,9,0
2026-09-03,Maharashtra,Pune,PHC Pune East,Paracetamol,497,96,29,26,3,9,0
2026-09-03,Maharashtra,Pune,PHC Pune East,ORS,533,96,26,24,3,9,0
2026-09-03,Maharashtra,Pune,PHC Pune East,Amoxicillin,568,96,22,19,3,9,0
2026-09-03,Maharashtra,Pune,PHC Pune East,Azithromycin,605,96,17,15,3,9,0
2026-09-03,Maharashtra,Pune,PHC Pune East,Ibuprofen,586,96,18,16,3,9,0
2026-09-03,Maharashtra,Nagpur,PHC Nagpur Rural,Paracetamol,46,121,32,34,3,9,0
2026-09-03,Maharashtra,Nagpur,PHC Nagpur Rural,ORS,90,121,27,29,3,9,0
2026-09-03,Maharashtra,Nagpur,PHC Nagpur Rural,Amoxicillin,123,121,24,23,3,9,0
2026-09-03,Maharashtra,Nagpur,PHC Nagpur Rural,Azithromycin,170,121,18,20,3,9,0
2026-09-03,Maharashtra,Nagpur,PHC Nagpur Rural,Ibuprofen,150,121,23,20,3,9,0
2026-09-03,Maharashtra,Nashik,PHC Nashik Tribal Belt,Paracetamol,85,220,35,97,3,9,1
2026-09-03,Maharashtra,Nashik,PHC Nashik Tribal Belt,ORS,142,220,33,89,3,9,1
2026-09-03,Maharashtra,Nashik,PHC Nashik Tribal Belt,Amoxicillin,55,220,25,62,3,9,1
2026-09-03,Maharashtra,Nashik,PHC Nashik Tribal Belt,Azithromycin,126,220,20,48,3,9,1
2026-09-03,Maharashtra,Nashik,PHC Nashik Tribal Belt,Ibuprofen,99,220,25,53,3,9,1
2026-09-03,Maharashtra,Chhatrapati Sambhajinagar,PHC Aurangabad North,Paracetamol,243,84,21,24,3,9,0
2026-09-03,Maharashtra,Chhatrapati Sambhajinagar,PHC Aurangabad North,ORS,270,84,16,19,3,9,0
2026-09-03,Maharashtra,Chhatrapati Sambhajinagar,PHC Aurangabad North,Amoxicillin,301,84,14,16,3,9,0
2026-09-03,Maharashtra,Chhatrapati Sambhajinagar,PHC Aurangabad North,Azithromycin,329,84,11,13,3,9,0
2026-09-03,Maharashtra,Chhatrapati Sambhajinagar,PHC Aurangabad North,Ibuprofen,313,84,12,15,3,9,0
2026-09-03,Uttar Pradesh,Varanasi,PHC Varanasi Ghats,Paracetamol,53,128,33,35,3,9,0
2026-09-03,Uttar Pradesh,Varanasi,PHC Varanasi Ghats,ORS,102,128,28,32,3,9,0
2026-09-03,Uttar Pradesh,Varanasi,PHC Varanasi Ghats,Amoxicillin,146,128,27,26,3,9,0
2026-09-03,Uttar Pradesh,Varanasi,PHC Varanasi Ghats,Azithromycin,195,128,20,20,3,9,0
2026-09-03,Uttar Pradesh,Varanasi,PHC Varanasi Ghats,Ibuprofen,168,128,22,22,3,9,0
2026-09-03,Uttar Pradesh,Lucknow,PHC Lucknow Central Hub,Paracetamol,667,94,22,25,3,9,0
2026-09-03,Uttar Pradesh,Lucknow,PHC Lucknow Central Hub,ORS,697,94,21,22,3,9,0
2026-09-03,Uttar Pradesh,Lucknow,PHC Lucknow Central Hub,Amoxicillin,731,94,17,18,3,9,0
2026-09-03,Uttar Pradesh,Lucknow,PHC Lucknow Central Hub,Azithromycin,765,94,14,15,3,9,0
2026-09-03,Uttar Pradesh,Lucknow,PHC Lucknow Central Hub,Ibuprofen,747,94,15,17,3,9,0
2026-09-03,Uttar Pradesh,Kanpur Nagar,PHC Kanpur South,Paracetamol,158,98,28,25,3,9,0
2026-09-03,Uttar Pradesh,Kanpur Nagar,PHC Kanpur South,ORS,191,98,22,23,3,9,0
2026-09-03,Uttar Pradesh,Kanpur Nagar,PHC Kanpur South,Amoxicillin,224,98,20,20,3,9,0
2026-09-03,Uttar Pradesh,Kanpur Nagar,PHC Kanpur South,Azithromycin,258,98,17,14,3,9,0
2026-09-03,Uttar Pradesh,Kanpur Nagar,PHC Kanpur South,Ibuprofen,243,98,17,17,3,9,0
2026-09-03,Uttar Pradesh,Gorakhpur,PHC Gorakhpur East,Paracetamol,184,235,46,102,3,9,1
2026-09-03,Uttar Pradesh,Gorakhpur,PHC Gorakhpur East,ORS,255,235,37,92,3,9,1
2026-09-03,Uttar Pradesh,Gorakhpur,PHC Gorakhpur East,Amoxicillin,125,235,31,66,3,9,1
2026-09-03,Uttar Pradesh,Gorakhpur,PHC Gorakhpur East,Azithromycin,194,235,27,48,3,9,1
2026-09-03,Uttar Pradesh,Gorakhpur,PHC Gorakhpur East,Ibuprofen,163,235,26,57,3,9,1
2026-09-03,Gujarat,Ahmedabad,PHC Ahmedabad Metro East,Paracetamol,624,80,23,22,3,9,0
2026-09-03,Gujarat,Ahmedabad,PHC Ahmedabad Metro East,ORS,653,80,21,20,3,9,0
2026-09-03,Gujarat,Ahmedabad,PHC Ahmedabad Metro East,Amoxicillin,689,80,17,16,3,9,0
2026-09-03,Gujarat,Ahmedabad,PHC Ahmedabad Metro East,Azithromycin,720,80,14,13,3,9,0
2026-09-03,Gujarat,Ahmedabad,PHC Ahmedabad Metro East,Ibuprofen,706,80,14,15,3,9,0
2026-09-03,Gujarat,Surat,PHC Surat Coastal,Paracetamol,207,98,28,29,3,9,0
2026-09-03,Gujarat,Surat,PHC Surat Coastal,ORS,250,98,22,22,3,9,0
2026-09-03,Gujarat,Surat,PHC Surat Coastal,Amoxicillin,289,98,19,18,3,9,0
2026-09-03,Gujarat,Surat,PHC Surat Coastal,Azithromycin,324,98,16,17,3,9,0
2026-09-03,Gujarat,Surat,PHC Surat Coastal,Ibuprofen,304,98,18,19,3,9,0
2026-09-03,Gujarat,Rajkot,PHC Rajkot West,Paracetamol,289,81,23,23,3,9,0
2026-09-03,Gujarat,Rajkot,PHC Rajkot West,ORS,317,81,19,20,3,9,0
2026-09-03,Gujarat,Rajkot,PHC Rajkot West,Amoxicillin,353,81,15,16,3,9,0
2026-09-03,Gujarat,Rajkot,PHC Rajkot West,Azithromycin,379,81,13,12,3,9,0
2026-09-03,Gujarat,Rajkot,PHC Rajkot West,Ibuprofen,369,81,13,13,3,9,0
2026-09-03,Gujarat,Kutch,PHC Kutch Rural Outpost,Paracetamol,219,221,42,107,3,9,1
2026-09-03,Gujarat,Kutch,PHC Kutch Rural Outpost,ORS,103,221,35,92,3,9,1
2026-09-03,Gujarat,Kutch,PHC Kutch Rural Outpost,Amoxicillin,206,221,30,67,3,9,1
2026-09-03,Gujarat,Kutch,PHC Kutch Rural Outpost,Azithromycin,96,221,24,53,3,9,1
2026-09-03,Gujarat,Kutch,PHC Kutch Rural Outpost,Ibuprofen,67,221,25,48,3,9,1
2026-09-04,Madhya Pradesh,Guna,PHC Guna Central,Paracetamol,163,230,99,102,4,9,1
2026-09-04,Madhya Pradesh,Guna,PHC Guna Central,ORS,230,230,89,95,4,9,1
2026-09-04,Madhya Pradesh,Guna,PHC Guna Central,Amoxicillin,96,230,64,67,4,9,1
2026-09-04,Madhya Pradesh,Guna,PHC Guna Central,Azithromycin,190,230,49,51,4,9,1
2026-09-04,Madhya Pradesh,Guna,PHC Guna Central,Ibuprofen,156,230,49,52,4,9,1
2026-09-04,Madhya Pradesh,Bhopal,PHC Bhopal West,Paracetamol,546,87,26,24,4,9,0
2026-09-04,Madhya Pradesh,Bhopal,PHC Bhopal West,ORS,586,87,21,20,4,9,0
2026-09-04,Madhya Pradesh,Bhopal,PHC Bhopal West,Amoxicillin,618,87,17,17,4,9,0
2026-09-04,Madhya Pradesh,Bhopal,PHC Bhopal West,Azithromycin,656,87,15,13,4,9,0
2026-09-04,Madhya Pradesh,Bhopal,PHC Bhopal West,Ibuprofen,642,87,15,16,4,9,0
2026-09-04,Madhya Pradesh,Indore,PHC Indore Rural,Paracetamol,296,126,33,34,4,9,0
2026-09-04,Madhya Pradesh,Indore,PHC Indore Rural,ORS,344,126,28,31,4,9,0
2026-09-04,Madhya Pradesh,Indore,PHC Indore Rural,Amoxicillin,70,126,26,26,4,9,0
2026-09-04,Madhya Pradesh,Indore,PHC Indore Rural,Azithromycin,125,126,21,21,4,9,0
2026-09-04,Madhya Pradesh,Indore,PHC Indore Rural,Ibuprofen,100,126,23,22,4,9,0
2026-09-04,Madhya Pradesh,Shivpuri,PHC Shivpuri North,Paracetamol,42,79,24,21,4,9,0
2026-09-04,Madhya Pradesh,Shivpuri,PHC Shivpuri North,ORS,71,79,20,19,4,9,0
2026-09-04,Madhya Pradesh,Shivpuri,PHC Shivpuri North,Amoxicillin,107,79,16,16,4,9,0
2026-09-04,Madhya Pradesh,Shivpuri,PHC Shivpuri North,Azithromycin,146,79,13,13,4,9,0
2026-09-04,Madhya Pradesh,Shivpuri,PHC Shivpuri North,Ibuprofen,123,79,16,13,4,9,0
2026-09-04,Rajasthan,Jaipur,PHC Jaipur Rural North,Paracetamol,372,99,29,28,4,9,0
2026-09-04,Rajasthan,Jaipur,PHC Jaipur Rural North,ORS,420,99,25,25,4,9,0
2026-09-04,Rajasthan,Jaipur,PHC Jaipur Rural North,Amoxicillin,456,99,21,21,4,9,0
2026-09-04,Rajasthan,Jaipur,PHC Jaipur Rural North,Azithromycin,495,99,16,16,4,9,0
2026-09-04,Rajasthan,Jaipur,PHC Jaipur Rural North,Ibuprofen,478,99,17,19,4,9,0
2026-09-04,Rajasthan,Udaipur,PHC Udaipur South,Paracetamol,296,111,30,32,4,9,0
2026-09-04,Rajasthan,Udaipur,PHC Udaipur South,ORS,346,111,27,27,4,9,0
2026-09-04,Rajasthan,Udaipur,PHC Udaipur South,Amoxicillin,82,111,21,23,4,9,0
2026-09-04,Rajasthan,Udaipur,PHC Udaipur South,Azithromycin,127,111,17,18,4,9,0
2026-09-04,Rajasthan,Udaipur,PHC Udaipur South,Ibuprofen,106,111,21,19,4,9,0
2026-09-04,Rajasthan,Jodhpur,PHC Jodhpur Desert Edge,Paracetamol,111,201,99,92,4,9,1
2026-09-04,Rajasthan,Jodhpur,PHC Jodhpur Desert Edge,ORS,189,201,85,79,4,9,1
2026-09-04,Rajasthan,Jodhpur,PHC Jodhpur Desert Edge,Amoxicillin,72,201,63,56,4,9,1
2026-09-04,Rajasthan,Jodhpur,PHC Jodhpur Desert Edge,Azithromycin,149,201,49,42,4,9,1
2026-09-04,Rajasthan,Jodhpur,PHC Jodhpur Desert Edge,Ibuprofen,131,201,52,47,4,9,1
2026-09-04,Rajasthan,Kota,PHC Kota Industrial,Paracetamol,173,82,26,23,4,9,0
2026-09-04,Rajasthan,Kota,PHC Kota Industrial,ORS,209,82,22,18,4,9,0
2026-09-04,Rajasthan,Kota,PHC Kota Industrial,Amoxicillin,246,82,17,17,4,9,0
2026-09-04,Rajasthan,Kota,PHC Kota Industrial,Azithromycin,282,82,15,12,4,9,0
2026-09-04,Rajasthan,Kota,PHC Kota Industrial,Ibuprofen,264,82,17,16,4,9,0
2026-09-04,Maharashtra,Pune,PHC Pune East,Paracetamol,471,106,26,30,4,9,0
2026-09-04,Maharashtra,Pune,PHC Pune East,ORS,509,106,24,25,4,9,0
2026-09-04,Maharashtra,Pune,PHC Pune East,Amoxicillin,549,106,19,21,4,9,0
2026-09-04,Maharashtra,Pune,PHC Pune East,Azithromycin,590,106,15,17,4,9,0
2026-09-04,Maharashtra,Pune,PHC Pune East,Ibuprofen,570,106,16,20,4,9,0
2026-09-04,Maharashtra,Nagpur,PHC Nagpur Rural,Paracetamol,352,121,34,34,4,9,0
2026-09-04,Maharashtra,Nagpur,PHC Nagpur Rural,ORS,61,121,29,30,4,9,0
2026-09-04,Maharashtra,Nagpur,PHC Nagpur Rural,Amoxicillin,100,121,23,25,4,9,0
2026-09-04,Maharashtra,Nagpur,PHC Nagpur Rural,Azithromycin,150,121,20,19,4,9,0
2026-09-04,Maharashtra,Nagpur,PHC Nagpur Rural,Ibuprofen,130,121,20,22,4,9,0
2026-09-04,Maharashtra,Nashik,PHC Nashik Tribal Belt,Paracetamol,178,210,97,90,4,9,1
2026-09-04,Maharashtra,Nashik,PHC Nashik Tribal Belt,ORS,53,210,89,80,4,9,1
2026-09-04,Maharashtra,Nashik,PHC Nashik Tribal Belt,Amoxicillin,183,210,62,65,4,9,1
2026-09-04,Maharashtra,Nashik,PHC Nashik Tribal Belt,Azithromycin,78,210,48,46,4,9,1
2026-09-04,Maharashtra,Nashik,PHC Nashik Tribal Belt,Ibuprofen,46,210,53,51,4,9,1
2026-09-04,Maharashtra,Chhatrapati Sambhajinagar,PHC Aurangabad North,Paracetamol,219,80,24,21,4,9,0
2026-09-04,Maharashtra,Chhatrapati Sambhajinagar,PHC Aurangabad North,ORS,251,80,19,18,4,9,0
2026-09-04,Maharashtra,Chhatrapati Sambhajinagar,PHC Aurangabad North,Amoxicillin,285,80,16,16,4,9,0
2026-09-04,Maharashtra,Chhatrapati Sambhajinagar,PHC Aurangabad North,Azithromycin,316,80,13,13,4,9,0
2026-09-04,Maharashtra,Chhatrapati Sambhajinagar,PHC Aurangabad North,Ibuprofen,298,80,15,14,4,9,0
2026-09-04,Uttar Pradesh,Varanasi,PHC Varanasi Ghats,Paracetamol,398,120,35,33,4,9,0
2026-09-04,Uttar Pradesh,Varanasi,PHC Varanasi Ghats,ORS,70,120,32,28,4,9,0
2026-09-04,Uttar Pradesh,Varanasi,PHC Varanasi Ghats,Amoxicillin,120,120,26,24,4,9,0
2026-09-04,Uttar Pradesh,Varanasi,PHC Varanasi Ghats,Azithromycin,175,120,20,19,4,9,0
2026-09-04,Uttar Pradesh,Varanasi,PHC Varanasi Ghats,Ibuprofen,146,120,22,22,4,9,0
2026-09-04,Uttar Pradesh,Lucknow,PHC Lucknow Central Hub,Paracetamol,642,95,25,27,4,9,0
2026-09-04,Uttar Pradesh,Lucknow,PHC Lucknow Central Hub,ORS,675,95,22,21,4,9,0
2026-09-04,Uttar Pradesh,Lucknow,PHC Lucknow Central Hub,Amoxicillin,713,95,18,18,4,9,0
2026-09-04,Uttar Pradesh,Lucknow,PHC Lucknow Central Hub,Azithromycin,750,95,15,16,4,9,0
2026-09-04,Uttar Pradesh,Lucknow,PHC Lucknow Central Hub,Ibuprofen,730,95,17,17,4,9,0
2026-09-04,Uttar Pradesh,Kanpur Nagar,PHC Kanpur South,Paracetamol,133,99,25,28,4,9,0
2026-09-04,Uttar Pradesh,Kanpur Nagar,PHC Kanpur South,ORS,168,99,23,25,4,9,0
2026-09-04,Uttar Pradesh,Kanpur Nagar,PHC Kanpur South,Amoxicillin,204,99,20,21,4,9,0
2026-09-04,Uttar Pradesh,Kanpur Nagar,PHC Kanpur South,Azithromycin,244,99,14,15,4,9,0
2026-09-04,Uttar Pradesh,Kanpur Nagar,PHC Kanpur South,Ibuprofen,226,99,17,18,4,9,0
2026-09-04,Uttar Pradesh,Gorakhpur,PHC Gorakhpur East,Paracetamol,82,234,102,106,4,9,1
2026-09-04,Uttar Pradesh,Gorakhpur,PHC Gorakhpur East,ORS,163,234,92,103,4,9,1
2026-09-04,Uttar Pradesh,Gorakhpur,PHC Gorakhpur East,Amoxicillin,59,234,66,70,4,9,1
2026-09-04,Uttar Pradesh,Gorakhpur,PHC Gorakhpur East,Azithromycin,146,234,48,52,4,9,1
2026-09-04,Uttar Pradesh,Gorakhpur,PHC Gorakhpur East,Ibuprofen,106,234,57,56,4,9,1
2026-09-04,Gujarat,Ahmedabad,PHC Ahmedabad Metro East,Paracetamol,602,92,22,25,4,9,0
2026-09-04,Gujarat,Ahmedabad,PHC Ahmedabad Metro East,ORS,633,92,20,22,4,9,0
2026-09-04,Gujarat,Ahmedabad,PHC Ahmedabad Metro East,Amoxicillin,673,92,16,19,4,9,0
2026-09-04,Gujarat,Ahmedabad,PHC Ahmedabad Metro East,Azithromycin,707,92,13,15,4,9,0
2026-09-04,Gujarat,Ahmedabad,PHC Ahmedabad Metro East,Ibuprofen,691,92,15,17,4,9,0
2026-09-04,Gujarat,Surat,PHC Surat Coastal,Paracetamol,178,110,29,32,4,9,0
2026-09-04,Gujarat,Surat,PHC Surat Coastal,ORS,228,110,22,27,4,9,0
2026-09-04,Gujarat,Surat,PHC Surat Coastal,Amoxicillin,271,110,18,22,4,9,0
2026-09-04,Gujarat,Surat,PHC Surat Coastal,Azithromycin,307,110,17,18,4,9,0
2026-09-04,Gujarat,Surat,PHC Surat Coastal,Ibuprofen,285,110,19,20,4,9,0
2026-09-04,Gujarat,Rajkot,PHC Rajkot West,Paracetamol,266,78,23,21,4,9,0
2026-09-04,Gujarat,Rajkot,PHC Rajkot West,ORS,297,78,20,18,4,9,0
2026-09-04,Gujarat,Rajkot,PHC Rajkot West,Amoxicillin,337,78,16,15,4,9,0
2026-09-04,Gujarat,Rajkot,PHC Rajkot West,Azithromycin,367,78,12,13,4,9,0
2026-09-04,Gujarat,Rajkot,PHC Rajkot West,Ibuprofen,356,78,13,14,4,9,0
2026-09-04,Gujarat,Kutch,PHC Kutch Rural Outpost,Paracetamol,112,220,107,96,4,9,1
2026-09-04,Gujarat,Kutch,PHC Kutch Rural Outpost,ORS,191,220,92,84,4,9,1
2026-09-04,Gujarat,Kutch,PHC Kutch Rural Outpost,Amoxicillin,139,220,67,67,4,9,1
2026-09-04,Gujarat,Kutch,PHC Kutch Rural Outpost,Azithromycin,43,220,53,46,4,9,1
2026-09-04,Gujarat,Kutch,PHC Kutch Rural Outpost,Ibuprofen,199,220,48,54,4,9,1
2026-09-05,Madhya Pradesh,Guna,PHC Guna Central,Paracetamol,61,124,102,37,5,9,0
2026-09-05,Madhya Pradesh,Guna,PHC Guna Central,ORS,135,124,95,28,5,9,0
2026-09-05,Madhya Pradesh,Guna,PHC Guna Central,Amoxicillin,279,124,67,24,5,9,0
2026-09-05,Madhya Pradesh,Guna,PHC Guna Central,Azithromycin,139,124,51,21,5,9,0
2026-09-05,Madhya Pradesh,Guna,PHC Guna Central,Ibuprofen,104,124,52,21,5,9,0
2026-09-05,Madhya Pradesh,Bhopal,PHC Bhopal West,Paracetamol,522,75,24,20,5,9,0
2026-09-05,Madhya Pradesh,Bhopal,PHC Bhopal West,ORS,566,75,20,19,5,9,0
2026-09-05,Madhya Pradesh,Bhopal,PHC Bhopal West,Amoxicillin,601,75,17,16,5,9,0
2026-09-05,Madhya Pradesh,Bhopal,PHC Bhopal West,Azithromycin,643,75,13,13,5,9,0
2026-09-05,Madhya Pradesh,Bhopal,PHC Bhopal West,Ibuprofen,626,75,16,13,5,9,0
2026-09-05,Madhya Pradesh,Indore,PHC Indore Rural,Paracetamol,262,101,34,28,5,9,0
2026-09-05,Madhya Pradesh,Indore,PHC Indore Rural,ORS,313,101,31,25,5,9,0
2026-09-05,Madhya Pradesh,Indore,PHC Indore Rural,Amoxicillin,44,101,26,19,5,9,0
2026-09-05,Madhya Pradesh,Indore,PHC Indore Rural,Azithromycin,104,101,21,16,5,9,0
2026-09-05,Madhya Pradesh,Indore,PHC Indore Rural,Ibuprofen,78,101,22,18,5,9,0
2026-09-05,Madhya Pradesh,Shivpuri,PHC Shivpuri North,Paracetamol,301,76,21,21,5,9,0
2026-09-05,Madhya Pradesh,Shivpuri,PHC Shivpuri North,ORS,52,76,19,18,5,9,0
2026-09-05,Madhya Pradesh,Shivpuri,PHC Shivpuri North,Amoxicillin,91,76,16,15,5,9,0
2026-09-05,Madhya Pradesh,Shivpuri,PHC Shivpuri North,Azithromycin,133,76,13,13,5,9,0
2026-09-05,Madhya Pradesh,Shivpuri,PHC Shivpuri North,Ibuprofen,110,76,13,14,5,9,0
2026-09-05,Rajasthan,Jaipur,PHC Jaipur Rural North,Paracetamol,344,86,28,24,5,9,0
2026-09-05,Rajasthan,Jaipur,PHC Jaipur Rural North,ORS,395,86,25,22,5,9,0
2026-09-05,Rajasthan,Jaipur,PHC Jaipur Rural North,Amoxicillin,435,86,21,19,5,9,0
2026-09-05,Rajasthan,Jaipur,PHC Jaipur Rural North,Azithromycin,479,86,16,14,5,9,0
2026-09-05,Rajasthan,Jaipur,PHC Jaipur Rural North,Ibuprofen,459,86,19,15,5,9,0
2026-09-05,Rajasthan,Udaipur,PHC Udaipur South,Paracetamol,264,92,32,26,5,9,0
2026-09-05,Rajasthan,Udaipur,PHC Udaipur South,ORS,319,92,27,24,5,9,0
2026-09-05,Rajasthan,Udaipur,PHC Udaipur South,Amoxicillin,59,92,23,19,5,9,0
2026-09-05,Rajasthan,Udaipur,PHC Udaipur South,Azithromycin,109,92,18,15,5,9,0
2026-09-05,Rajasthan,Udaipur,PHC Udaipur South,Ibuprofen,87,92,19,16,5,9,0
2026-09-05,Rajasthan,Jodhpur,PHC Jodhpur Desert Edge,Paracetamol,239,107,92,31,5,9,0
2026-09-05,Rajasthan,Jodhpur,PHC Jodhpur Desert Edge,ORS,110,107,79,27,5,9,0
2026-09-05,Rajasthan,Jodhpur,PHC Jodhpur Desert Edge,Amoxicillin,236,107,56,22,5,9,0
2026-09-05,Rajasthan,Jodhpur,PHC Jodhpur Desert Edge,Azithromycin,107,107,42,16,5,9,0
2026-09-05,Rajasthan,Jodhpur,PHC Jodhpur Desert Edge,Ibuprofen,84,107,47,20,5,9,0
2026-09-05,Rajasthan,Kota,PHC Kota Industrial,Paracetamol,150,78,23,21,5,9,0
2026-09-05,Rajasthan,Kota,PHC Kota Industrial,ORS,191,78,18,20,5,9,0
2026-09-05,Rajasthan,Kota,PHC Kota Industrial,Amoxicillin,229,78,17,15,5,9,0
2026-09-05,Rajasthan,Kota,PHC Kota Industrial,Azithromycin,270,78,12,13,5,9,0
2026-09-05,Rajasthan,Kota,PHC Kota Industrial,Ibuprofen,248,78,16,13,5,9,0
2026-09-05,Maharashtra,Pune,PHC Pune East,Paracetamol,441,84,30,25,5,9,0
2026-09-05,Maharashtra,Pune,PHC Pune East,ORS,484,84,25,19,5,9,0
2026-09-05,Maharashtra,Pune,PHC Pune East,Amoxicillin,528,84,21,17,5,9,0
2026-09-05,Maharashtra,Pune,PHC Pune East,Azithromycin,573,84,17,13,5,9,0
2026-09-05,Maharashtra,Pune,PHC Pune East,Ibuprofen,550,84,20,14,5,9,0
2026-09-05,Maharashtra,Nagpur,PHC Nagpur Rural,Paracetamol,318,91,34,25,5,9,0
2026-09-05,Maharashtra,Nagpur,PHC Nagpur Rural,ORS,371,91,30,21,5,9,0
2026-09-05,Maharashtra,Nagpur,PHC Nagpur Rural,Amoxicillin,75,91,25,20,5,9,0
2026-09-05,Maharashtra,Nagpur,PHC Nagpur Rural,Azithromycin,131,91,19,14,5,9,0
2026-09-05,Maharashtra,Nagpur,PHC Nagpur Rural,Ibuprofen,108,91,22,15,5,9,0
2026-09-05,Maharashtra,Nashik,PHC Nashik Tribal Belt,Paracetamol,88,122,90,36,5,9,0
2026-09-05,Maharashtra,Nashik,PHC Nashik Tribal Belt,ORS,163,122,80,30,5,9,0
2026-09-05,Maharashtra,Nashik,PHC Nashik Tribal Belt,Amoxicillin,118,122,65,26,5,9,0
2026-09-05,Maharashtra,Nashik,PHC Nashik Tribal Belt,Azithromycin,222,122,46,18,5,9,0
2026-09-05,Maharashtra,Nashik,PHC Nashik Tribal Belt,Ibuprofen,185,122,51,21,5,9,0
2026-09-05,Maharashtra,Chhatrapati Sambhajinagar,PHC Aurangabad North,Paracetamol,198,73,21,21,5,9,0
2026-09-05,Maharashtra,Chhatrapati Sambhajinagar,PHC Aurangabad North,ORS,233,73,18,17,5,9,0
2026-09-05,Maharashtra,Chhatrapati Sambhajinagar,PHC Aurangabad North,Amoxicillin,269,73,16,15,5,9,0
2026-09-05,Maharashtra,Chhatrapati Sambhajinagar,PHC Aurangabad North,Azithromycin,303,73,13,12,5,9,0
2026-09-05,Maharashtra,Chhatrapati Sambhajinagar,PHC Aurangabad North,Ibuprofen,284,73,14,12,5,9,0
2026-09-05,Uttar Pradesh,Varanasi,PHC Varanasi Ghats,Paracetamol,365,100,33,27,5,9,0
2026-09-05,Uttar Pradesh,Varanasi,PHC Varanasi Ghats,ORS,42,100,28,25,5,9,0
2026-09-05,Uttar Pradesh,Varanasi,PHC Varanasi Ghats,Amoxicillin,96,100,24,20,5,9,0
2026-09-05,Uttar Pradesh,Varanasi,PHC Varanasi Ghats,Azithromycin,156,100,19,17,5,9,0
2026-09-05,Uttar Pradesh,Varanasi,PHC Varanasi Ghats,Ibuprofen,124,100,22,18,5,9,0
2026-09-05,Uttar Pradesh,Lucknow,PHC Lucknow Central Hub,Paracetamol,615,70,27,19,5,9,0
2026-09-05,Uttar Pradesh,Lucknow,PHC Lucknow Central Hub,ORS,654,70,21,16,5,9,0
2026-09-05,Uttar Pradesh,Lucknow,PHC Lucknow Central Hub,Amoxicillin,695,70,18,13,5,9,0
2026-09-05,Uttar Pradesh,Lucknow,PHC Lucknow Central Hub,Azithromycin,734,70,16,11,5,9,0
2026-09-05,Uttar Pradesh,Lucknow,PHC Lucknow Central Hub,Ibuprofen,713,70,17,13,5,9,0
2026-09-05,Uttar Pradesh,Kanpur Nagar,PHC Kanpur South,Paracetamol,105,80,28,21,5,9,0
2026-09-05,Uttar Pradesh,Kanpur Nagar,PHC Kanpur South,ORS,143,80,25,20,5,9,0
2026-09-05,Uttar Pradesh,Kanpur Nagar,PHC Kanpur South,Amoxicillin,183,80,21,16,5,9,0
2026-09-05,Uttar Pradesh,Kanpur Nagar,PHC Kanpur South,Azithromycin,229,80,15,12,5,9,0
2026-09-05,Uttar Pradesh,Kanpur Nagar,PHC Kanpur South,Ibuprofen,208,80,18,14,5,9,0
2026-09-05,Uttar Pradesh,Gorakhpur,PHC Gorakhpur East,Paracetamol,216,123,106,32,5,9,0
2026-09-05,Uttar Pradesh,Gorakhpur,PHC Gorakhpur East,ORS,60,123,103,29,5,9,0
2026-09-05,Uttar Pradesh,Gorakhpur,PHC Gorakhpur East,Amoxicillin,229,123,70,25,5,9,0
2026-09-05,Uttar Pradesh,Gorakhpur,PHC Gorakhpur East,Azithromycin,94,123,52,19,5,9,0
2026-09-05,Uttar Pradesh,Gorakhpur,PHC Gorakhpur East,Ibuprofen,50,123,56,22,5,9,0
2026-09-05,Gujarat,Ahmedabad,PHC Ahmedabad Metro East,Paracetamol,577,75,25,20,5,9,0
2026-09-05,Gujarat,Ahmedabad,PHC Ahmedabad Metro East,ORS,611,75,22,19,5,9,0
2026-09-05,Gujarat,Ahmedabad,PHC Ahmedabad Metro East,Amoxicillin,654,75,19,14,5,9,0
2026-09-05,Gujarat,Ahmedabad,PHC Ahmedabad Metro East,Azithromycin,692,75,15,12,5,9,0
2026-09-05,Gujarat,Ahmedabad,PHC Ahmedabad Metro East,Ibuprofen,674,75,17,14,5,9,0
2026-09-05,Gujarat,Surat,PHC Surat Coastal,Paracetamol,146,97,32,27,5,9,0
2026-09-05,Gujarat,Surat,PHC Surat Coastal,ORS,201,97,27,23,5,9,0
2026-09-05,Gujarat,Surat,PHC Surat Coastal,Amoxicillin,249,97,22,19,5,9,0
2026-09-05,Gujarat,Surat,PHC Surat Coastal,Azithromycin,289,97,18,16,5,9,0
2026-09-05,Gujarat,Surat,PHC Surat Coastal,Ibuprofen,265,97,20,19,5,9,0
2026-09-05,Gujarat,Rajkot,PHC Rajkot West,Paracetamol,245,64,21,17,5,9,0
2026-09-05,Gujarat,Rajkot,PHC Rajkot West,ORS,279,64,18,16,5,9,0
2026-09-05,Gujarat,Rajkot,PHC Rajkot West,Amoxicillin,322,64,15,12,5,9,0
2026-09-05,Gujarat,Rajkot,PHC Rajkot West,Azithromycin,354,64,13,11,5,9,0
2026-09-05,Gujarat,Rajkot,PHC Rajkot West,Ibuprofen,342,64,14,12,5,9,0
2026-09-05,Gujarat,Kutch,PHC Kutch Rural Outpost,Paracetamol,196,123,96,36,5,9,0
2026-09-05,Gujarat,Kutch,PHC Kutch Rural Outpost,ORS,107,123,84,29,5,9,0
2026-09-05,Gujarat,Kutch,PHC Kutch Rural Outpost,Amoxicillin,72,123,67,23,5,9,0
2026-09-05,Gujarat,Kutch,PHC Kutch Rural Outpost,Azithromycin,177,123,46,20,5,9,0
2026-09-05,Gujarat,Kutch,PHC Kutch Rural Outpost,Ibuprofen,145,123,54,23,5,9,0
2026-09-06,Madhya Pradesh,Guna,PHC Guna Central,Paracetamol,274,114,37,33,6,9,0
2026-09-06,Madhya Pradesh,Guna,PHC Guna Central,ORS,107,114,28,27,6,9,0
2026-09-06,Madhya Pradesh,Guna,PHC Guna Central,Amoxicillin,255,114,24,24,6,9,0
2026-09-06,Madhya Pradesh,Guna,PHC Guna Central,Azithromycin,118,114,21,19,6,9,0
2026-09-06,Madhya Pradesh,Guna,PHC Guna Central,Ibuprofen,83,114,21,22,6,9,0
2026-09-06,Madhya Pradesh,Bhopal,PHC Bhopal West,Paracetamol,502,70,20,20,6,9,0
2026-09-06,Madhya Pradesh,Bhopal,PHC Bhopal West,ORS,547,70,19,17,6,9,0
2026-09-06,Madhya Pradesh,Bhopal,PHC Bhopal West,Amoxicillin,585,70,16,14,6,9,0
2026-09-06,Madhya Pradesh,Bhopal,PHC Bhopal West,Azithromycin,630,70,13,10,6,9,0
2026-09-06,Madhya Pradesh,Bhopal,PHC Bhopal West,Ibuprofen,613,70,13,12,6,9,0
2026-09-06,Madhya Pradesh,Indore,PHC Indore Rural,Paracetamol,234,95,28,28,6,9,0
2026-09-06,Madhya Pradesh,Indore,PHC Indore Rural,ORS,288,95,25,23,6,9,0
2026-09-06,Madhya Pradesh,Indore,PHC Indore Rural,Amoxicillin,345,95,19,20,6,9,0
2026-09-06,Madhya Pradesh,Indore,PHC Indore Rural,Azithromycin,88,95,16,15,6,9,0
2026-09-06,Madhya Pradesh,Indore,PHC Indore Rural,Ibuprofen,60,95,18,16,6,9,0
2026-09-06,Madhya Pradesh,Shivpuri,PHC Shivpuri North,Paracetamol,280,76,21,20,6,9,0
2026-09-06,Madhya Pradesh,Shivpuri,PHC Shivpuri North,ORS,314,76,18,18,6,9,0
2026-09-06,Madhya Pradesh,Shivpuri,PHC Shivpuri North,Amoxicillin,76,76,15,16,6,9,0
2026-09-06,Madhya Pradesh,Shivpuri,PHC Shivpuri North,Azithromycin,120,76,13,13,6,9,0
2026-09-06,Madhya Pradesh,Shivpuri,PHC Shivpuri North,Ibuprofen,96,76,14,13,6,9,0
2026-09-06,Rajasthan,Jaipur,PHC Jaipur Rural North,Paracetamol,320,75,24,21,6,9,0
2026-09-06,Rajasthan,Jaipur,PHC Jaipur Rural North,ORS,373,75,22,19,6,9,0
2026-09-06,Rajasthan,Jaipur,PHC Jaipur Rural North,Amoxicillin,416,75,19,16,6,9,0
2026-09-06,Rajasthan,Jaipur,PHC Jaipur Rural North,Azithromycin,465,75,14,13,6,9,0
2026-09-06,Rajasthan,Jaipur,PHC Jaipur Rural North,Ibuprofen,444,75,15,13,6,9,0
2026-09-06,Rajasthan,Udaipur,PHC Udaipur South,Paracetamol,238,101,26,28,6,9,0
2026-09-06,Rajasthan,Udaipur,PHC Udaipur South,ORS,295,101,24,24,6,9,0
2026-09-06,Rajasthan,Udaipur,PHC Udaipur South,Amoxicillin,40,101,19,22,6,9,0
2026-09-06,Rajasthan,Udaipur,PHC Udaipur South,Azithromycin,94,101,15,16,6,9,0
2026-09-06,Rajasthan,Udaipur,PHC Udaipur South,Ibuprofen,71,101,16,19,6,9,0
2026-09-06,Rajasthan,Jodhpur,PHC Jodhpur Desert Edge,Paracetamol,208,114,31,30,6,9,0
2026-09-06,Rajasthan,Jodhpur,PHC Jodhpur Desert Edge,ORS,83,114,27,28,6,9,0
2026-09-06,Rajasthan,Jodhpur,PHC Jodhpur Desert Edge,Amoxicillin,214,114,22,24,6,9,0
2026-09-06,Rajasthan,Jodhpur,PHC Jodhpur Desert Edge,Azithromycin,91,114,16,18,6,9,0
2026-09-06,Rajasthan,Jodhpur,PHC Jodhpur Desert Edge,Ibuprofen,64,114,20,20,6,9,0
2026-09-06,Rajasthan,Kota,PHC Kota Industrial,Paracetamol,129,66,21,19,6,9,0
2026-09-06,Rajasthan,Kota,PHC Kota Industrial,ORS,171,66,20,15,6,9,0
2026-09-06,Rajasthan,Kota,PHC Kota Industrial,Amoxicillin,214,66,15,13,6,9,0
2026-09-06,Rajasthan,Kota,PHC Kota Industrial,Azithromycin,257,66,13,10,6,9,0
2026-09-06,Rajasthan,Kota,PHC Kota Industrial,Ibuprofen,235,66,13,12,6,9,0
2026-09-06,Maharashtra,Pune,PHC Pune East,Paracetamol,416,83,25,22,6,9,0
2026-09-06,Maharashtra,Pune,PHC Pune East,ORS,465,83,19,21,6,9,0
2026-09-06,Maharashtra,Pune,PHC Pune East,Amoxicillin,511,83,17,16,6,9,0
2026-09-06,Maharashtra,Pune,PHC Pune East,Azithromycin,560,83,13,14,6,9,0
2026-09-06,Maharashtra,Pune,PHC Pune East,Ibuprofen,536,83,14,14,6,9,0
2026-09-06,Maharashtra,Nagpur,PHC Nagpur Rural,Paracetamol,293,105,25,32,6,9,0
2026-09-06,Maharashtra,Nagpur,PHC Nagpur Rural,ORS,350,105,21,23,6,9,0
2026-09-06,Maharashtra,Nagpur,PHC Nagpur Rural,Amoxicillin,55,105,20,21,6,9,0
2026-09-06,Maharashtra,Nagpur,PHC Nagpur Rural,Azithromycin,117,105,14,16,6,9,0
2026-09-06,Maharashtra,Nagpur,PHC Nagpur Rural,Ibuprofen,93,105,15,20,6,9,0
2026-09-06,Maharashtra,Nashik,PHC Nashik Tribal Belt,Paracetamol,52,118,36,35,6,9,0
2026-09-06,Maharashtra,Nashik,PHC Nashik Tribal Belt,ORS,133,118,30,27,6,9,0
2026-09-06,Maharashtra,Nashik,PHC Nashik Tribal Belt,Amoxicillin,92,118,26,24,6,9,0
2026-09-06,Maharashtra,Nashik,PHC Nashik Tribal Belt,Azithromycin,204,118,18,20,6,9,0
2026-09-06,Maharashtra,Nashik,PHC Nashik Tribal Belt,Ibuprofen,164,118,21,20,6,9,0
2026-09-06,Maharashtra,Chhatrapati Sambhajinagar,PHC Aurangabad North,Paracetamol,177,61,21,18,6,9,0
2026-09-06,Maharashtra,Chhatrapati Sambhajinagar,PHC Aurangabad North,ORS,216,61,17,14,6,9,0
2026-09-06,Maharashtra,Chhatrapati Sambhajinagar,PHC Aurangabad North,Amoxicillin,254,61,15,12,6,9,0
2026-09-06,Maharashtra,Chhatrapati Sambhajinagar,PHC Aurangabad North,Azithromycin,291,61,12,10,6,9,0
2026-09-06,Maharashtra,Chhatrapati Sambhajinagar,PHC Aurangabad North,Ibuprofen,272,61,12,11,6,9,0
2026-09-06,Uttar Pradesh,Varanasi,PHC Varanasi Ghats,Paracetamol,338,109,27,33,6,9,0
2026-09-06,Uttar Pradesh,Varanasi,PHC Varanasi Ghats,ORS,397,109,25,26,6,9,0
2026-09-06,Uttar Pradesh,Varanasi,PHC Varanasi Ghats,Amoxicillin,76,109,20,23,6,9,0
2026-09-06,Uttar Pradesh,Varanasi,PHC Varanasi Ghats,Azithromycin,139,109,17,18,6,9,0
2026-09-06,Uttar Pradesh,Varanasi,PHC Varanasi Ghats,Ibuprofen,106,109,18,20,6,9,0
2026-09-06,Uttar Pradesh,Lucknow,PHC Lucknow Central Hub,Paracetamol,596,75,19,22,6,9,0
2026-09-06,Uttar Pradesh,Lucknow,PHC Lucknow Central Hub,ORS,638,75,16,17,6,9,0
2026-09-06,Uttar Pradesh,Lucknow,PHC Lucknow Central Hub,Amoxicillin,682,75,13,14,6,9,0
2026-09-06,Uttar Pradesh,Lucknow,PHC Lucknow Central Hub,Azithromycin,723,75,11,12,6,9,0
2026-09-06,Uttar Pradesh,Lucknow,PHC Lucknow Central Hub,Ibuprofen,700,75,13,13,6,9,0
2026-09-06,Uttar Pradesh,Kanpur Nagar,PHC Kanpur South,Paracetamol,84,79,21,22,6,9,0
2026-09-06,Uttar Pradesh,Kanpur Nagar,PHC Kanpur South,ORS,123,79,20,18,6,9,0
2026-09-06,Uttar Pradesh,Kanpur Nagar,PHC Kanpur South,Amoxicillin,167,79,16,15,6,9,0
2026-09-06,Uttar Pradesh,Kanpur Nagar,PHC Kanpur South,Azithromycin,217,79,12,13,6,9,0
2026-09-06,Uttar Pradesh,Kanpur Nagar,PHC Kanpur South,Ibuprofen,194,79,14,15,6,9,0
2026-09-06,Uttar Pradesh,Gorakhpur,PHC Gorakhpur East,Paracetamol,184,124,32,37,6,9,0
2026-09-06,Uttar Pradesh,Gorakhpur,PHC Gorakhpur East,ORS,271,124,29,30,6,9,0
2026-09-06,Uttar Pradesh,Gorakhpur,PHC Gorakhpur East,Amoxicillin,204,124,25,23,6,9,0
2026-09-06,Uttar Pradesh,Gorakhpur,PHC Gorakhpur East,Azithromycin,75,124,19,21,6,9,0
2026-09-06,Uttar Pradesh,Gorakhpur,PHC Gorakhpur East,Ibuprofen,268,124,22,22,6,9,0
2026-09-06,Gujarat,Ahmedabad,PHC Ahmedabad Metro East,Paracetamol,557,79,20,22,6,9,0
2026-09-06,Gujarat,Ahmedabad,PHC Ahmedabad Metro East,ORS,592,79,19,18,6,9,0
2026-09-06,Gujarat,Ahmedabad,PHC Ahmedabad Metro East,Amoxicillin,640,79,14,16,6,9,0
2026-09-06,Gujarat,Ahmedabad,PHC Ahmedabad Metro East,Azithromycin,680,79,12,13,6,9,0
2026-09-06,Gujarat,Ahmedabad,PHC Ahmedabad Metro East,Ibuprofen,660,79,14,14,6,9,0
2026-09-06,Gujarat,Surat,PHC Surat Coastal,Paracetamol,119,87,27,23,6,9,0
2026-09-06,Gujarat,Surat,PHC Surat Coastal,ORS,178,87,23,21,6,9,0
2026-09-06,Gujarat,Surat,PHC Surat Coastal,Amoxicillin,230,87,19,18,6,9,0
2026-09-06,Gujarat,Surat,PHC Surat Coastal,Azithromycin,273,87,16,15,6,9,0
2026-09-06,Gujarat,Surat,PHC Surat Coastal,Ibuprofen,246,87,19,16,6,9,0
2026-09-06,Gujarat,Rajkot,PHC Rajkot West,Paracetamol,228,75,17,21,6,9,0
2026-09-06,Gujarat,Rajkot,PHC Rajkot West,ORS,263,75,16,19,6,9,0
2026-09-06,Gujarat,Rajkot,PHC Rajkot West,Amoxicillin,310,75,12,15,6,9,0
2026-09-06,Gujarat,Rajkot,PHC Rajkot West,Azithromycin,343,75,11,11,6,9,0
2026-09-06,Gujarat,Rajkot,PHC Rajkot West,Ibuprofen,330,75,12,13,6,9,0
2026-09-06,Gujarat,Kutch,PHC Kutch Rural Outpost,Paracetamol,160,113,36,33,6,9,0
2026-09-06,Gujarat,Kutch,PHC Kutch Rural Outpost,ORS,78,113,29,25,6,9,0
2026-09-06,Gujarat,Kutch,PHC Kutch Rural Outpost,Amoxicillin,49,113,23,23,6,9,0
2026-09-06,Gujarat,Kutch,PHC Kutch Rural Outpost,Azithromycin,157,113,20,18,6,9,0
2026-09-06,Gujarat,Kutch,PHC Kutch Rural Outpost,Ibuprofen,122,113,23,21,6,9,0
2026-09-07,Madhya Pradesh,Guna,PHC Guna Central,Paracetamol,241,166,33,47,0,9,0
2026-09-07,Madhya Pradesh,Guna,PHC Guna Central,ORS,80,166,27,37,0,9,0
2026-09-07,Madhya Pradesh,Guna,PHC Guna Central,Amoxicillin,231,166,24,32,0,9,0
2026-09-07,Madhya Pradesh,Guna,PHC Guna Central,Azithromycin,99,166,19,29,0,9,0
2026-09-07,Madhya Pradesh,Guna,PHC Guna Central,Ibuprofen,61,166,22,31,0,9,0
2026-09-07,Madhya Pradesh,Bhopal,PHC Bhopal West,Paracetamol,482,107,20,31,0,9,0
2026-09-07,Madhya Pradesh,Bhopal,PHC Bhopal West,ORS,530,107,17,27,0,9,0
2026-09-07,Madhya Pradesh,Bhopal,PHC Bhopal West,Amoxicillin,571,107,14,20,0,9,0
2026-09-07,Madhya Pradesh,Bhopal,PHC Bhopal West,Azithromycin,620,107,10,18,0,9,0
2026-09-07,Madhya Pradesh,Bhopal,PHC Bhopal West,Ibuprofen,601,107,12,20,0,9,0
2026-09-07,Madhya Pradesh,Indore,PHC Indore Rural,Paracetamol,206,141,28,41,0,9,0
2026-09-07,Madhya Pradesh,Indore,PHC Indore Rural,ORS,265,141,23,33,0,9,0
2026-09-07,Madhya Pradesh,Indore,PHC Indore Rural,Amoxicillin,325,141,20,30,0,9,0
2026-09-07,Madhya Pradesh,Indore,PHC Indore Rural,Azithromycin,73,141,15,24,0,9,0
2026-09-07,Madhya Pradesh,Indore,PHC Indore Rural,Ibuprofen,44,141,16,26,0,9,0
2026-09-07,Madhya Pradesh,Shivpuri,PHC Shivpuri North,Paracetamol,260,95,20,29,0,9,0
2026-09-07,Madhya Pradesh,Shivpuri,PHC Shivpuri North,ORS,296,95,18,23,0,9,0
2026-09-07,Madhya Pradesh,Shivpuri,PHC Shivpuri North,Amoxicillin,60,95,16,20,0,9,0
2026-09-07,Madhya Pradesh,Shivpuri,PHC Shivpuri North,Azithromycin,107,95,13,14,0,9,0
2026-09-07,Madhya Pradesh,Shivpuri,PHC Shivpuri North,Ibuprofen,83,95,13,16,0,9,0
2026-09-07,Rajasthan,Jaipur,PHC Jaipur Rural North,Paracetamol,299,107,21,28,0,9,0
2026-09-07,Rajasthan,Jaipur,PHC Jaipur Rural North,ORS,354,107,19,25,0,9,0
2026-09-07,Rajasthan,Jaipur,PHC Jaipur Rural North,Amoxicillin,400,107,16,22,0,9,0
2026-09-07,Rajasthan,Jaipur,PHC Jaipur Rural North,Azithromycin,452,107,13,17,0,9,0
2026-09-07,Rajasthan,Jaipur,PHC Jaipur Rural North,Ibuprofen,431,107,13,21,0,9,0
2026-09-07,Rajasthan,Udaipur,PHC Udaipur South,Paracetamol,210,136,28,40,0,9,0
2026-09-07,Rajasthan,Udaipur,PHC Udaipur South,ORS,271,136,24,31,0,9,0
2026-09-07,Rajasthan,Udaipur,PHC Udaipur South,Amoxicillin,328,136,22,28,0,9,0
2026-09-07,Rajasthan,Udaipur,PHC Udaipur South,Azithromycin,78,136,16,22,0,9,0
2026-09-07,Rajasthan,Udaipur,PHC Udaipur South,Ibuprofen,52,136,19,23,0,9,0
2026-09-07,Rajasthan,Jodhpur,PHC Jodhpur Desert Edge,Paracetamol,178,150,30,42,0,9,0
2026-09-07,Rajasthan,Jodhpur,PHC Jodhpur Desert Edge,ORS,55,150,28,36,0,9,0
2026-09-07,Rajasthan,Jodhpur,PHC Jodhpur Desert Edge,Amoxicillin,190,150,24,28,0,9,0
2026-09-07,Rajasthan,Jodhpur,PHC Jodhpur Desert Edge,Azithromycin,73,150,18,26,0,9,0
2026-09-07,Rajasthan,Jodhpur,PHC Jodhpur Desert Edge,Ibuprofen,44,150,20,26,0,9,0
2026-09-07,Rajasthan,Kota,PHC Kota Industrial,Paracetamol,110,103,19,30,0,9,0
2026-09-07,Rajasthan,Kota,PHC Kota Industrial,ORS,156,103,15,25,0,9,0
2026-09-07,Rajasthan,Kota,PHC Kota Industrial,Amoxicillin,201,103,13,22,0,9,0
2026-09-07,Rajasthan,Kota,PHC Kota Industrial,Azithromycin,247,103,10,17,0,9,0
2026-09-07,Rajasthan,Kota,PHC Kota Industrial,Ibuprofen,223,103,12,20,0,9,0
2026-09-07,Maharashtra,Pune,PHC Pune East,Paracetamol,394,110,22,29,0,9,0
2026-09-07,Maharashtra,Pune,PHC Pune East,ORS,444,110,21,27,0,9,0
2026-09-07,Maharashtra,Pune,PHC Pune East,Amoxicillin,495,110,16,22,0,9,0
2026-09-07,Maharashtra,Pune,PHC Pune East,Azithromycin,546,110,14,18,0,9,0
2026-09-07,Maharashtra,Pune,PHC Pune East,Ibuprofen,522,110,14,21,0,9,0
2026-09-07,Maharashtra,Nagpur,PHC Nagpur Rural,Paracetamol,261,134,32,38,0,9,0
2026-09-07,Maharashtra,Nagpur,PHC Nagpur Rural,ORS,327,134,23,32,0,9,0
2026-09-07,Maharashtra,Nagpur,PHC Nagpur Rural,Amoxicillin,374,134,21,27,0,9,0
2026-09-07,Maharashtra,Nagpur,PHC Nagpur Rural,Azithromycin,101,134,16,21,0,9,0
2026-09-07,Maharashtra,Nagpur,PHC Nagpur Rural,Ibuprofen,73,134,20,26,0,9,0
2026-09-07,Maharashtra,Nashik,PHC Nashik Tribal Belt,Paracetamol,207,159,35,47,0,9,0
2026-09-07,Maharashtra,Nashik,PHC Nashik Tribal Belt,ORS,106,159,27,39,0,9,0
2026-09-07,Maharashtra,Nashik,PHC Nashik Tribal Belt,Amoxicillin,68,159,24,31,0,9,0
2026-09-07,Maharashtra,Nashik,PHC Nashik Tribal Belt,Azithromycin,184,159,20,24,0,9,0
2026-09-07,Maharashtra,Nashik,PHC Nashik Tribal Belt,Ibuprofen,144,159,20,27,0,9,0
2026-09-07,Maharashtra,Chhatrapati Sambhajinagar,PHC Aurangabad North,Paracetamol,159,93,18,26,0,9,0
2026-09-07,Maharashtra,Chhatrapati Sambhajinagar,PHC Aurangabad North,ORS,202,93,14,21,0,9,0
2026-09-07,Maharashtra,Chhatrapati Sambhajinagar,PHC Aurangabad North,Amoxicillin,242,93,12,19,0,9,0
2026-09-07,Maharashtra,Chhatrapati Sambhajinagar,PHC Aurangabad North,Azithromycin,281,93,10,14,0,9,0
2026-09-07,Maharashtra,Chhatrapati Sambhajinagar,PHC Aurangabad North,Ibuprofen,261,93,11,17,0,9,0
2026-09-07,Uttar Pradesh,Varanasi,PHC Varanasi Ghats,Paracetamol,305,151,33,45,0,9,0
2026-09-07,Uttar Pradesh,Varanasi,PHC Varanasi Ghats,ORS,371,151,26,39,0,9,0
2026-09-07,Uttar Pradesh,Varanasi,PHC Varanasi Ghats,Amoxicillin,53,151,23,28,0,9,0
2026-09-07,Uttar Pradesh,Varanasi,PHC Varanasi Ghats,Azithromycin,121,151,18,24,0,9,0
2026-09-07,Uttar Pradesh,Varanasi,PHC Varanasi Ghats,Ibuprofen,86,151,20,27,0,9,0
2026-09-07,Uttar Pradesh,Lucknow,PHC Lucknow Central Hub,Paracetamol,574,103,22,29,0,9,0
2026-09-07,Uttar Pradesh,Lucknow,PHC Lucknow Central Hub,ORS,621,103,17,24,0,9,0
2026-09-07,Uttar Pradesh,Lucknow,PHC Lucknow Central Hub,Amoxicillin,668,103,14,20,0,9,0
2026-09-07,Uttar Pradesh,Lucknow,PHC Lucknow Central Hub,Azithromycin,711,103,12,15,0,9,0
2026-09-07,Uttar Pradesh,Lucknow,PHC Lucknow Central Hub,Ibuprofen,687,103,13,18,0,9,0
2026-09-07,Uttar Pradesh,Kanpur Nagar,PHC Kanpur South,Paracetamol,62,110,22,31,0,9,0
2026-09-07,Uttar Pradesh,Kanpur Nagar,PHC Kanpur South,ORS,105,110,18,25,0,9,0
2026-09-07,Uttar Pradesh,Kanpur Nagar,PHC Kanpur South,Amoxicillin,152,110,15,23,0,9,0
2026-09-07,Uttar Pradesh,Kanpur Nagar,PHC Kanpur South,Azithromycin,204,110,13,17,0,9,0
2026-09-07,Uttar Pradesh,Kanpur Nagar,PHC Kanpur South,Ibuprofen,179,110,15,19,0,9,0
2026-09-07,Uttar Pradesh,Gorakhpur,PHC Gorakhpur East,Paracetamol,147,178,37,48,0,9,0
2026-09-07,Uttar Pradesh,Gorakhpur,PHC Gorakhpur East,ORS,241,178,30,45,0,9,0
2026-09-07,Uttar Pradesh,Gorakhpur,PHC Gorakhpur East,Amoxicillin,181,178,23,36,0,9,0
2026-09-07,Uttar Pradesh,Gorakhpur,PHC Gorakhpur East,Azithromycin,54,178,21,29,0,9,0
2026-09-07,Uttar Pradesh,Gorakhpur,PHC Gorakhpur East,Ibuprofen,246,178,22,32,0,9,0
2026-09-07,Gujarat,Ahmedabad,PHC Ahmedabad Metro East,Paracetamol,535,97,22,25,0,9,0
2026-09-07,Gujarat,Ahmedabad,PHC Ahmedabad Metro East,ORS,574,97,18,25,0,9,0
2026-09-07,Gujarat,Ahmedabad,PHC Ahmedabad Metro East,Amoxicillin,624,97,16,19,0,9,0
2026-09-07,Gujarat,Ahmedabad,PHC Ahmedabad Metro East,Azithromycin,667,97,13,17,0,9,0
2026-09-07,Gujarat,Ahmedabad,PHC Ahmedabad Metro East,Ibuprofen,646,97,14,17,0,9,0
2026-09-07,Gujarat,Surat,PHC Surat Coastal,Paracetamol,96,122,23,32,0,9,0
2026-09-07,Gujarat,Surat,PHC Surat Coastal,ORS,157,122,21,29,0,9,0
2026-09-07,Gujarat,Surat,PHC Surat Coastal,Amoxicillin,212,122,18,26,0,9,0
2026-09-07,Gujarat,Surat,PHC Surat Coastal,Azithromycin,258,122,15,20,0,9,0
2026-09-07,Gujarat,Surat,PHC Surat Coastal,Ibuprofen,230,122,16,22,0,9,0
2026-09-07,Gujarat,Rajkot,PHC Rajkot West,Paracetamol,207,95,21,28,0,9,0
2026-09-07,Gujarat,Rajkot,PHC Rajkot West,ORS,244,95,19,23,0,9,0
2026-09-07,Gujarat,Rajkot,PHC Rajkot West,Amoxicillin,295,95,15,20,0,9,0
2026-09-07,Gujarat,Rajkot,PHC Rajkot West,Azithromycin,332,95,11,16,0,9,0
2026-09-07,Gujarat,Rajkot,PHC Rajkot West,Ibuprofen,317,95,13,18,0,9,0
2026-09-07,Gujarat,Kutch,PHC Kutch Rural Outpost,Paracetamol,127,163,33,45,0,9,0
2026-09-07,Gujarat,Kutch,PHC Kutch Rural Outpost,ORS,53,163,25,40,0,9,0
2026-09-07,Gujarat,Kutch,PHC Kutch Rural Outpost,Amoxicillin,206,163,23,31,0,9,0
2026-09-07,Gujarat,Kutch,PHC Kutch Rural Outpost,Azithromycin,139,163,18,26,0,9,0
2026-09-07,Gujarat,Kutch,PHC Kutch Rural Outpost,Ibuprofen,101,163,21,27,0,9,0
2026-09-08,Madhya Pradesh,Guna,PHC Guna Central,Paracetamol,194,165,47,48,1,9,0
2026-09-08,Madhya Pradesh,Guna,PHC Guna Central,ORS,43,165,37,38,1,9,0
2026-09-08,Madhya Pradesh,Guna,PHC Guna Central,Amoxicillin,199,165,32,36,1,9,0
2026-09-08,Madhya Pradesh,Guna,PHC Guna Central,Azithromycin,70,165,29,27,1,9,0
2026-09-08,Madhya Pradesh,Guna,PHC Guna Central,Ibuprofen,280,165,31,28,1,9,0
2026-09-08,Madhya Pradesh,Bhopal,PHC Bhopal West,Paracetamol,451,114,31,31,1,9,0
2026-09-08,Madhya Pradesh,Bhopal,PHC Bhopal West,ORS,503,114,27,29,1,9,0
2026-09-08,Madhya Pradesh,Bhopal,PHC Bhopal West,Amoxicillin,551,114,20,22,1,9,0
2026-09-08,Madhya Pradesh,Bhopal,PHC Bhopal West,Azithromycin,602,114,18,20,1,9,0
2026-09-08,Madhya Pradesh,Bhopal,PHC Bhopal West,Ibuprofen,581,114,20,21,1,9,0
2026-09-08,Madhya Pradesh,Indore,PHC Indore Rural,Paracetamol,165,137,41,38,1,9,0
2026-09-08,Madhya Pradesh,Indore,PHC Indore Rural,ORS,232,137,33,33,1,9,0
2026-09-08,Madhya Pradesh,Indore,PHC Indore Rural,Amoxicillin,295,137,30,25,1,9,0
2026-09-08,Madhya Pradesh,Indore,PHC Indore Rural,Azithromycin,49,137,24,21,1,9,0
2026-09-08,Madhya Pradesh,Indore,PHC Indore Rural,Ibuprofen,338,137,26,24,1,9,0
2026-09-08,Madhya Pradesh,Shivpuri,PHC Shivpuri North,Paracetamol,231,100,29,28,1,9,0
2026-09-08,Madhya Pradesh,Shivpuri,PHC Shivpuri North,ORS,273,100,23,24,1,9,0
2026-09-08,Madhya Pradesh,Shivpuri,PHC Shivpuri North,Amoxicillin,40,100,20,20,1,9,0
2026-09-08,Madhya Pradesh,Shivpuri,PHC Shivpuri North,Azithromycin,93,100,14,16,1,9,0
2026-09-08,Madhya Pradesh,Shivpuri,PHC Shivpuri North,Ibuprofen,67,100,16,18,1,9,0
2026-09-08,Rajasthan,Jaipur,PHC Jaipur Rural North,Paracetamol,271,107,28,32,1,9,0
2026-09-08,Rajasthan,Jaipur,PHC Jaipur Rural North,ORS,329,107,25,27,1,9,0
2026-09-08,Rajasthan,Jaipur,PHC Jaipur Rural North,Amoxicillin,378,107,22,21,1,9,0
2026-09-08,Rajasthan,Jaipur,PHC Jaipur Rural North,Azithromycin,435,107,17,17,1,9,0
2026-09-08,Rajasthan,Jaipur,PHC Jaipur Rural North,Ibuprofen,410,107,21,20,1,9,0
2026-09-08,Rajasthan,Udaipur,PHC Udaipur South,Paracetamol,170,130,40,38,1,9,0
2026-09-08,Rajasthan,Udaipur,PHC Udaipur South,ORS,240,130,31,30,1,9,0
2026-09-08,Rajasthan,Udaipur,PHC Udaipur South,Amoxicillin,300,130,28,27,1,9,0
2026-09-08,Rajasthan,Udaipur,PHC Udaipur South,Azithromycin,56,130,22,20,1,9,0
2026-09-08,Rajasthan,Udaipur,PHC Udaipur South,Ibuprofen,339,130,23,24,1,9,0
2026-09-08,Rajasthan,Jodhpur,PHC Jodhpur Desert Edge,Paracetamol,136,161,42,46,1,9,0
2026-09-08,Rajasthan,Jodhpur,PHC Jodhpur Desert Edge,ORS,239,161,36,40,1,9,0
2026-09-08,Rajasthan,Jodhpur,PHC Jodhpur Desert Edge,Amoxicillin,162,161,28,33,1,9,0
2026-09-08,Rajasthan,Jodhpur,PHC Jodhpur Desert Edge,Azithromycin,47,161,26,27,1,9,0
2026-09-08,Rajasthan,Jodhpur,PHC Jodhpur Desert Edge,Ibuprofen,238,161,26,27,1,9,0
2026-09-08,Rajasthan,Kota,PHC Kota Industrial,Paracetamol,80,100,30,30,1,9,0
2026-09-08,Rajasthan,Kota,PHC Kota Industrial,ORS,131,100,25,25,1,9,0
2026-09-08,Rajasthan,Kota,PHC Kota Industrial,Amoxicillin,179,100,22,21,1,9,0
2026-09-08,Rajasthan,Kota,PHC Kota Industrial,Azithromycin,230,100,17,16,1,9,0
2026-09-08,Rajasthan,Kota,PHC Kota Industrial,Ibuprofen,203,100,20,19,1,9,0
2026-09-08,Maharashtra,Pune,PHC Pune East,Paracetamol,365,119,29,32,1,9,0
2026-09-08,Maharashtra,Pune,PHC Pune East,ORS,417,119,27,29,1,9,0
2026-09-08,Maharashtra,Pune,PHC Pune East,Amoxicillin,473,119,22,24,1,9,0
2026-09-08,Maharashtra,Pune,PHC Pune East,Azithromycin,528,119,18,20,1,9,0
2026-09-08,Maharashtra,Pune,PHC Pune East,Ibuprofen,501,119,21,20,1,9,0
2026-09-08,Maharashtra,Nagpur,PHC Nagpur Rural,Paracetamol,223,139,38,36,1,9,0
2026-09-08,Maharashtra,Nagpur,PHC Nagpur Rural,ORS,295,139,32,36,1,9,0
2026-09-08,Maharashtra,Nagpur,PHC Nagpur Rural,Amoxicillin,347,139,27,26,1,9,0
2026-09-08,Maharashtra,Nagpur,PHC Nagpur Rural,Azithromycin,80,139,21,21,1,9,0
2026-09-08,Maharashtra,Nagpur,PHC Nagpur Rural,Ibuprofen,47,139,26,24,1,9,0
2026-09-08,Maharashtra,Nashik,PHC Nashik Tribal Belt,Paracetamol,160,154,47,44,1,9,0
2026-09-08,Maharashtra,Nashik,PHC Nashik Tribal Belt,ORS,67,154,39,36,1,9,0
2026-09-08,Maharashtra,Nashik,PHC Nashik Tribal Belt,Amoxicillin,227,154,31,32,1,9,0
2026-09-08,Maharashtra,Nashik,PHC Nashik Tribal Belt,Azithromycin,160,154,24,26,1,9,0
2026-09-08,Maharashtra,Nashik,PHC Nashik Tribal Belt,Ibuprofen,117,154,27,29,1,9,0
2026-09-08,Maharashtra,Chhatrapati Sambhajinagar,PHC Aurangabad North,Paracetamol,133,98,26,26,1,9,0
2026-09-08,Maharashtra,Chhatrapati Sambhajinagar,PHC Aurangabad North,ORS,181,98,21,22,1,9,0
2026-09-08,Maharashtra,Chhatrapati Sambhajinagar,PHC Aurangabad North,Amoxicillin,223,98,19,19,1,9,0
2026-09-08,Maharashtra,Chhatrapati Sambhajinagar,PHC Aurangabad North,Azithromycin,267,98,14,15,1,9,0
2026-09-08,Maharashtra,Chhatrapati Sambhajinagar,PHC Aurangabad North,Ibuprofen,244,98,17,18,1,9,0
2026-09-08,Uttar Pradesh,Varanasi,PHC Varanasi Ghats,Paracetamol,260,148,45,40,1,9,0
2026-09-08,Uttar Pradesh,Varanasi,PHC Varanasi Ghats,ORS,332,148,39,34,1,9,0
2026-09-08,Uttar Pradesh,Varanasi,PHC Varanasi Ghats,Amoxicillin,405,148,28,32,1,9,0
2026-09-08,Uttar Pradesh,Varanasi,PHC Varanasi Ghats,Azithromycin,97,148,24,23,1,9,0
2026-09-08,Uttar Pradesh,Varanasi,PHC Varanasi Ghats,Ibuprofen,59,148,27,26,1,9,0
2026-09-08,Uttar Pradesh,Lucknow,PHC Lucknow Central Hub,Paracetamol,545,111,29,32,1,9,0
2026-09-08,Uttar Pradesh,Lucknow,PHC Lucknow Central Hub,ORS,597,111,24,27,1,9,0
2026-09-08,Uttar Pradesh,Lucknow,PHC Lucknow Central Hub,Amoxicillin,648,111,20,23,1,9,0
2026-09-08,Uttar Pradesh,Lucknow,PHC Lucknow Central Hub,Azithromycin,696,111,15,18,1,9,0
2026-09-08,Uttar Pradesh,Lucknow,PHC Lucknow Central Hub,Ibuprofen,669,111,18,19,1,9,0
2026-09-08,Uttar Pradesh,Kanpur Nagar,PHC Kanpur South,Paracetamol,431,108,31,31,1,9,0
2026-09-08,Uttar Pradesh,Kanpur Nagar,PHC Kanpur South,ORS,80,108,25,25,1,9,0
2026-09-08,Uttar Pradesh,Kanpur Nagar,PHC Kanpur South,Amoxicillin,129,108,23,23,1,9,0
2026-09-08,Uttar Pradesh,Kanpur Nagar,PHC Kanpur South,Azithromycin,187,108,17,17,1,9,0
2026-09-08,Uttar Pradesh,Kanpur Nagar,PHC Kanpur South,Ibuprofen,160,108,19,19,1,9,0
2026-09-08,Uttar Pradesh,Gorakhpur,PHC Gorakhpur East,Paracetamol,99,172,48,50,1,9,0
2026-09-08,Uttar Pradesh,Gorakhpur,PHC Gorakhpur East,ORS,196,172,45,40,1,9,0
2026-09-08,Uttar Pradesh,Gorakhpur,PHC Gorakhpur East,Amoxicillin,145,172,36,34,1,9,0
2026-09-08,Uttar Pradesh,Gorakhpur,PHC Gorakhpur East,Azithromycin,265,172,29,29,1,9,0
2026-09-08,Uttar Pradesh,Gorakhpur,PHC Gorakhpur East,Ibuprofen,214,172,32,32,1,9,0
2026-09-08,Gujarat,Ahmedabad,PHC Ahmedabad Metro East,Paracetamol,510,97,25,26,1,9,0
2026-09-08,Gujarat,Ahmedabad,PHC Ahmedabad Metro East,ORS,549,97,25,24,1,9,0
2026-09-08,Gujarat,Ahmedabad,PHC Ahmedabad Metro East,Amoxicillin,605,97,19,19,1,9,0
2026-09-08,Gujarat,Ahmedabad,PHC Ahmedabad Metro East,Azithromycin,650,97,17,17,1,9,0
2026-09-08,Gujarat,Ahmedabad,PHC Ahmedabad Metro East,Ibuprofen,629,97,17,18,1,9,0
2026-09-08,Gujarat,Surat,PHC Surat Coastal,Paracetamol,64,131,32,38,1,9,0
2026-09-08,Gujarat,Surat,PHC Surat Coastal,ORS,128,131,29,30,1,9,0
2026-09-08,Gujarat,Surat,PHC Surat Coastal,Amoxicillin,186,131,26,25,1,9,0
2026-09-08,Gujarat,Surat,PHC Surat Coastal,Azithromycin,238,131,20,22,1,9,0
2026-09-08,Gujarat,Surat,PHC Surat Coastal,Ibuprofen,208,131,22,23,1,9,0
2026-09-08,Gujarat,Rajkot,PHC Rajkot West,Paracetamol,179,93,28,25,1,9,0
2026-09-08,Gujarat,Rajkot,PHC Rajkot West,ORS,221,93,23,22,1,9,0
2026-09-08,Gujarat,Rajkot,PHC Rajkot West,Amoxicillin,275,93,20,18,1,9,0
2026-09-08,Gujarat,Rajkot,PHC Rajkot West,Azithromycin,316,93,16,15,1,9,0
2026-09-08,Gujarat,Rajkot,PHC Rajkot West,Ibuprofen,299,93,18,18,1,9,0
2026-09-08,Gujarat,Kutch,PHC Kutch Rural Outpost,Paracetamol,82,168,45,44,1,9,0
2026-09-08,Gujarat,Kutch,PHC Kutch Rural Outpost,ORS,193,168,40,41,1,9,0
2026-09-08,Gujarat,Kutch,PHC Kutch Rural Outpost,Amoxicillin,175,168,31,34,1,9,0
2026-09-08,Gujarat,Kutch,PHC Kutch Rural Outpost,Azithromycin,113,168,26,26,1,9,0
2026-09-08,Gujarat,Kutch,PHC Kutch Rural Outpost,Ibuprofen,74,168,27,31,1,9,0
2026-09-09,Madhya Pradesh,Guna,PHC Guna Central,Paracetamol,146,140,48,40,2,9,0
2026-09-09,Madhya Pradesh,Guna,PHC Guna Central,ORS,255,140,38,31,2,9,0
2026-09-09,Madhya Pradesh,Guna,PHC Guna Central,Amoxicillin,163,140,36,28,2,9,0
2026-09-09,Madhya Pradesh,Guna,PHC Guna Central,Azithromycin,43,140,27,23,2,9,0
2026-09-09,Madhya Pradesh,Guna,PHC Guna Central,Ibuprofen,252,140,28,24,2,9,0
2026-09-09,Madhya Pradesh,Bhopal,PHC Bhopal West,Paracetamol,420,94,31,24,2,9,0
2026-09-09,Madhya Pradesh,Bhopal,PHC Bhopal West,ORS,474,94,29,23,2,9,0
2026-09-09,Madhya Pradesh,Bhopal,PHC Bhopal West,Amoxicillin,529,94,22,20,2,9,0
2026-09-09,Madhya Pradesh,Bhopal,PHC Bhopal West,Azithromycin,582,94,20,15,2,9,0
2026-09-09,Madhya Pradesh,Bhopal,PHC Bhopal West,Ibuprofen,560,94,21,18,2,9,0
2026-09-09,Madhya Pradesh,Indore,PHC Indore Rural,Paracetamol,127,126,38,35,2,9,0
2026-09-09,Madhya Pradesh,Indore,PHC Indore Rural,ORS,199,126,33,29,2,9,0
2026-09-09,Madhya Pradesh,Indore,PHC Indore Rural,Amoxicillin,270,126,25,27,2,9,0
2026-09-09,Madhya Pradesh,Indore,PHC Indore Rural,Azithromycin,348,126,21,20,2,9,0
2026-09-09,Madhya Pradesh,Indore,PHC Indore Rural,Ibuprofen,314,126,24,23,2,9,0
2026-09-09,Madhya Pradesh,Shivpuri,PHC Shivpuri North,Paracetamol,203,92,28,24,2,9,0
2026-09-09,Madhya Pradesh,Shivpuri,PHC Shivpuri North,ORS,249,92,24,22,2,9,0
2026-09-09,Madhya Pradesh,Shivpuri,PHC Shivpuri North,Amoxicillin,300,92,20,19,2,9,0
2026-09-09,Madhya Pradesh,Shivpuri,PHC Shivpuri North,Azithromycin,77,92,16,15,2,9,0
2026-09-09,Madhya Pradesh,Shivpuri,PHC Shivpuri North,Ibuprofen,49,92,18,18,2,9,0
2026-09-09,Rajasthan,Jaipur,PHC Jaipur Rural North,Paracetamol,239,102,32,27,2,9,0
2026-09-09,Rajasthan,Jaipur,PHC Jaipur Rural North,ORS,302,102,27,26,2,9,0
2026-09-09,Rajasthan,Jaipur,PHC Jaipur Rural North,Amoxicillin,357,102,21,19,2,9,0
2026-09-09,Rajasthan,Jaipur,PHC Jaipur Rural North,Azithromycin,418,102,17,17,2,9,0
2026-09-09,Rajasthan,Jaipur,PHC Jaipur Rural North,Ibuprofen,390,102,20,20,2,9,0
2026-09-09,Rajasthan,Udaipur,PHC Udaipur South,Paracetamol,132,108,38,30,2,9,0
2026-09-09,Rajasthan,Udaipur,PHC Udaipur South,ORS,210,108,30,28,2,9,0
2026-09-09,Rajasthan,Udaipur,PHC Udaipur South,Amoxicillin,273,108,27,23,2,9,0
2026-09-09,Rajasthan,Udaipur,PHC Udaipur South,Azithromycin,346,108,20,18,2,9,0
2026-09-09,Rajasthan,Udaipur,PHC Udaipur South,Ibuprofen,315,108,24,21,2,9,0
2026-09-09,Rajasthan,Jodhpur,PHC Jodhpur Desert Edge,Paracetamol,90,122,46,35,2,9,0
2026-09-09,Rajasthan,Jodhpur,PHC Jodhpur Desert Edge,ORS,199,122,40,27,2,9,0
2026-09-09,Rajasthan,Jodhpur,PHC Jodhpur Desert Edge,Amoxicillin,129,122,33,26,2,9,0
2026-09-09,Rajasthan,Jodhpur,PHC Jodhpur Desert Edge,Azithromycin,240,122,27,19,2,9,0
2026-09-09,Rajasthan,Jodhpur,PHC Jodhpur Desert Edge,Ibuprofen,211,122,27,24,2,9,0
2026-09-09,Rajasthan,Kota,PHC Kota Industrial,Paracetamol,50,86,30,24,2,9,0
2026-09-09,Rajasthan,Kota,PHC Kota Industrial,ORS,106,86,25,22,2,9,0
2026-09-09,Rajasthan,Kota,PHC Kota Industrial,Amoxicillin,158,86,21,18,2,9,0
2026-09-09,Rajasthan,Kota,PHC Kota Industrial,Azithromycin,214,86,16,14,2,9,0
2026-09-09,Rajasthan,Kota,PHC Kota Industrial,Ibuprofen,184,86,19,15,2,9,0
2026-09-09,Maharashtra,Pune,PHC Pune East,Paracetamol,333,94,32,25,2,9,0
2026-09-09,Maharashtra,Pune,PHC Pune East,ORS,388,94,29,22,2,9,0
2026-09-09,Maharashtra,Pune,PHC Pune East,Amoxicillin,449,94,24,18,2,9,0
2026-09-09,Maharashtra,Pune,PHC Pune East,Azithromycin,508,94,20,14,2,9,0
2026-09-09,Maharashtra,Pune,PHC Pune East,Ibuprofen,481,94,20,18,2,9,0
2026-09-09,Maharashtra,Nagpur,PHC Nagpur Rural,Paracetamol,187,120,36,34,2,9,0
2026-09-09,Maharashtra,Nagpur,PHC Nagpur Rural,ORS,259,120,36,30,2,9,0
2026-09-09,Maharashtra,Nagpur,PHC Nagpur Rural,Amoxicillin,321,120,26,23,2,9,0
2026-09-09,Maharashtra,Nagpur,PHC Nagpur Rural,Azithromycin,59,120,21,20,2,9,0
2026-09-09,Maharashtra,Nagpur,PHC Nagpur Rural,Ibuprofen,363,120,24,23,2,9,0
2026-09-09,Maharashtra,Nashik,PHC Nashik Tribal Belt,Paracetamol,116,140,44,39,2,9,0
2026-09-09,Maharashtra,Nashik,PHC Nashik Tribal Belt,ORS,221,140,36,31,2,9,0
2026-09-09,Maharashtra,Nashik,PHC Nashik Tribal Belt,Amoxicillin,195,140,32,29,2,9,0
2026-09-09,Maharashtra,Nashik,PHC Nashik Tribal Belt,Azithromycin,134,140,26,21,2,9,0
2026-09-09,Maharashtra,Nashik,PHC Nashik Tribal Belt,Ibuprofen,88,140,29,24,2,9,0
2026-09-09,Maharashtra,Chhatrapati Sambhajinagar,PHC Aurangabad North,Paracetamol,107,77,26,21,2,9,0
2026-09-09,Maharashtra,Chhatrapati Sambhajinagar,PHC Aurangabad North,ORS,159,77,22,18,2,9,0
2026-09-09,Maharashtra,Chhatrapati Sambhajinagar,PHC Aurangabad North,Amoxicillin,204,77,19,15,2,9,0
2026-09-09,Maharashtra,Chhatrapati Sambhajinagar,PHC Aurangabad North,Azithromycin,252,77,15,13,2,9,0
2026-09-09,Maharashtra,Chhatrapati Sambhajinagar,PHC Aurangabad North,Ibuprofen,226,77,18,15,2,9,0
2026-09-09,Uttar Pradesh,Varanasi,PHC Varanasi Ghats,Paracetamol,220,122,40,35,2,9,0
2026-09-09,Uttar Pradesh,Varanasi,PHC Varanasi Ghats,ORS,298,122,34,27,2,9,0
2026-09-09,Uttar Pradesh,Varanasi,PHC Varanasi Ghats,Amoxicillin,373,122,32,25,2,9,0
2026-09-09,Uttar Pradesh,Varanasi,PHC Varanasi Ghats,Azithromycin,74,122,23,20,2,9,0
2026-09-09,Uttar Pradesh,Varanasi,PHC Varanasi Ghats,Ibuprofen,413,122,26,20,2,9,0
2026-09-09,Uttar Pradesh,Lucknow,PHC Lucknow Central Hub,Paracetamol,513,84,32,23,2,9,0
2026-09-09,Uttar Pradesh,Lucknow,PHC Lucknow Central Hub,ORS,570,84,27,20,2,9,0
2026-09-09,Uttar Pradesh,Lucknow,PHC Lucknow Central Hub,Amoxicillin,625,84,23,17,2,9,0
2026-09-09,Uttar Pradesh,Lucknow,PHC Lucknow Central Hub,Azithromycin,678,84,18,14,2,9,0
2026-09-09,Uttar Pradesh,Lucknow,PHC Lucknow Central Hub,Ibuprofen,650,84,19,16,2,9,0
2026-09-09,Uttar Pradesh,Kanpur Nagar,PHC Kanpur South,Paracetamol,400,92,31,24,2,9,0
2026-09-09,Uttar Pradesh,Kanpur Nagar,PHC Kanpur South,ORS,55,92,25,24,2,9,0
2026-09-09,Uttar Pradesh,Kanpur Nagar,PHC Kanpur South,Amoxicillin,106,92,23,18,2,9,0
2026-09-09,Uttar Pradesh,Kanpur Nagar,PHC Kanpur South,Azithromycin,170,92,17,15,2,9,0
2026-09-09,Uttar Pradesh,Kanpur Nagar,PHC Kanpur South,Ibuprofen,141,92,19,16,2,9,0
2026-09-09,Uttar Pradesh,Gorakhpur,PHC Gorakhpur East,Paracetamol,49,144,50,38,2,9,0
2026-09-09,Uttar Pradesh,Gorakhpur,PHC Gorakhpur East,ORS,156,144,40,36,2,9,0
2026-09-09,Uttar Pradesh,Gorakhpur,PHC Gorakhpur East,Amoxicillin,111,144,34,29,2,9,0
2026-09-09,Uttar Pradesh,Gorakhpur,PHC Gorakhpur East,Azithromycin,236,144,29,23,2,9,0
2026-09-09,Uttar Pradesh,Gorakhpur,PHC Gorakhpur East,Ibuprofen,182,144,32,26,2,9,0
2026-09-09,Gujarat,Ahmedabad,PHC Ahmedabad Metro East,Paracetamol,484,85,26,24,2,9,0
2026-09-09,Gujarat,Ahmedabad,PHC Ahmedabad Metro East,ORS,525,85,24,21,2,9,0
2026-09-09,Gujarat,Ahmedabad,PHC Ahmedabad Metro East,Amoxicillin,586,85,19,16,2,9,0
2026-09-09,Gujarat,Ahmedabad,PHC Ahmedabad Metro East,Azithromycin,633,85,17,13,2,9,0
2026-09-09,Gujarat,Ahmedabad,PHC Ahmedabad Metro East,Ibuprofen,611,85,18,16,2,9,0
2026-09-09,Gujarat,Surat,PHC Surat Coastal,Paracetamol,506,111,38,29,2,9,0
2026-09-09,Gujarat,Surat,PHC Surat Coastal,ORS,98,111,30,26,2,9,0
2026-09-09,Gujarat,Surat,PHC Surat Coastal,Amoxicillin,161,111,25,23,2,9,0
2026-09-09,Gujarat,Surat,PHC Surat Coastal,Azithromycin,216,111,22,17,2,9,0
2026-09-09,Gujarat,Surat,PHC Surat Coastal,Ibuprofen,185,111,23,20,2,9,0
2026-09-09,Gujarat,Rajkot,PHC Rajkot West,Paracetamol,154,73,25,21,2,9,0
2026-09-09,Gujarat,Rajkot,PHC Rajkot West,ORS,199,73,22,18,2,9,0
2026-09-09,Gujarat,Rajkot,PHC Rajkot West,Amoxicillin,257,73,18,15,2,9,0
2026-09-09,Gujarat,Rajkot,PHC Rajkot West,Azithromycin,301,73,15,11,2,9,0
2026-09-09,Gujarat,Rajkot,PHC Rajkot West,Ibuprofen,281,73,18,13,2,9,0
2026-09-09,Gujarat,Kutch,PHC Kutch Rural Outpost,Paracetamol,218,140,44,37,2,9,0
2026-09-09,Gujarat,Kutch,PHC Kutch Rural Outpost,ORS,152,140,41,32,2,9,0
2026-09-09,Gujarat,Kutch,PHC Kutch Rural Outpost,Amoxicillin,141,140,34,28,2,9,0
2026-09-09,Gujarat,Kutch,PHC Kutch Rural Outpost,Azithromycin,87,140,26,21,2,9,0
2026-09-09,Gujarat,Kutch,PHC Kutch Rural Outpost,Ibuprofen,43,140,31,25,2,9,0
2026-09-10,Madhya Pradesh,Guna,PHC Guna Central,Paracetamol,106,229,40,105,3,9,1
2026-09-10,Madhya Pradesh,Guna,PHC Guna Central,ORS,224,229,31,94,3,9,1
2026-09-10,Madhya Pradesh,Guna,PHC Guna Central,Amoxicillin,135,229,28,66,3,9,1
2026-09-10,Madhya Pradesh,Guna,PHC Guna Central,Azithromycin,270,229,23,48,3,9,1
2026-09-10,Madhya Pradesh,Guna,PHC Guna Central,Ibuprofen,228,229,24,53,3,9,1
2026-09-10,Madhya Pradesh,Bhopal,PHC Bhopal West,Paracetamol,396,95,24,28,3,9,0
2026-09-10,Madhya Pradesh,Bhopal,PHC Bhopal West,ORS,451,95,23,22,3,9,0
2026-09-10,Madhya Pradesh,Bhopal,PHC Bhopal West,Amoxicillin,509,95,20,20,3,9,0
2026-09-10,Madhya Pradesh,Bhopal,PHC Bhopal West,Azithromycin,567,95,15,16,3,9,0
2026-09-10,Madhya Pradesh,Bhopal,PHC Bhopal West,Ibuprofen,542,95,18,17,3,9,0
2026-09-10,Madhya Pradesh,Indore,PHC Indore Rural,Paracetamol,92,113,35,31,3,9,0
2026-09-10,Madhya Pradesh,Indore,PHC Indore Rural,ORS,170,113,29,25,3,9,0
2026-09-10,Madhya Pradesh,Indore,PHC Indore Rural,Amoxicillin,243,113,27,24,3,9,0
2026-09-10,Madhya Pradesh,Indore,PHC Indore Rural,Azithromycin,328,113,20,19,3,9,0
2026-09-10,Madhya Pradesh,Indore,PHC Indore Rural,Ibuprofen,291,113,23,19,3,9,0
2026-09-10,Madhya Pradesh,Shivpuri,PHC Shivpuri North,Paracetamol,179,92,24,24,3,9,0
2026-09-10,Madhya Pradesh,Shivpuri,PHC Shivpuri North,ORS,227,92,22,22,3,9,0
2026-09-10,Madhya Pradesh,Shivpuri,PHC Shivpuri North,Amoxicillin,281,92,19,19,3,9,0
2026-09-10,Madhya Pradesh,Shivpuri,PHC Shivpuri North,Azithromycin,62,92,15,15,3,9,0
2026-09-10,Madhya Pradesh,Shivpuri,PHC Shivpuri North,Ibuprofen,311,92,18,18,3,9,0
2026-09-10,Rajasthan,Jaipur,PHC Jaipur Rural North,Paracetamol,212,97,27,27,3,9,0
2026-09-10,Rajasthan,Jaipur,PHC Jaipur Rural North,ORS,276,97,26,25,3,9,0
2026-09-10,Rajasthan,Jaipur,PHC Jaipur Rural North,Amoxicillin,338,97,19,19,3,9,0
2026-09-10,Rajasthan,Jaipur,PHC Jaipur Rural North,Azithromycin,401,97,17,16,3,9,0
2026-09-10,Rajasthan,Jaipur,PHC Jaipur Rural North,Ibuprofen,370,97,20,19,3,9,0
2026-09-10,Rajasthan,Udaipur,PHC Udaipur South,Paracetamol,102,108,30,31,3,9,0
2026-09-10,Rajasthan,Udaipur,PHC Udaipur South,ORS,182,108,28,27,3,9,0
2026-09-10,Rajasthan,Udaipur,PHC Udaipur South,Amoxicillin,250,108,23,22,3,9,0
2026-09-10,Rajasthan,Udaipur,PHC Udaipur South,Azithromycin,328,108,18,18,3,9,0
2026-09-10,Rajasthan,Udaipur,PHC Udaipur South,Ibuprofen,294,108,21,19,3,9,0
2026-09-10,Rajasthan,Jodhpur,PHC Jodhpur Desert Edge,Paracetamol,55,203,35,94,3,9,1
2026-09-10,Rajasthan,Jodhpur,PHC Jodhpur Desert Edge,ORS,172,203,27,83,3,9,1
2026-09-10,Rajasthan,Jodhpur,PHC Jodhpur Desert Edge,Amoxicillin,103,203,26,61,3,9,1
2026-09-10,Rajasthan,Jodhpur,PHC Jodhpur Desert Edge,Azithromycin,221,203,19,43,3,9,1
2026-09-10,Rajasthan,Jodhpur,PHC Jodhpur Desert Edge,Ibuprofen,187,203,24,44,3,9,1
2026-09-10,Rajasthan,Kota,PHC Kota Industrial,Paracetamol,446,77,24,21,3,9,0
2026-09-10,Rajasthan,Kota,PHC Kota Industrial,ORS,84,77,22,19,3,9,0
2026-09-10,Rajasthan,Kota,PHC Kota Industrial,Amoxicillin,140,77,18,16,3,9,0
2026-09-10,Rajasthan,Kota,PHC Kota Industrial,Azithromycin,200,77,14,12,3,9,0
2026-09-10,Rajasthan,Kota,PHC Kota Industrial,Ibuprofen,169,77,15,15,3,9,0
2026-09-10,Maharashtra,Pune,PHC Pune East,Paracetamol,308,96,25,26,3,9,0
2026-09-10,Maharashtra,Pune,PHC Pune East,ORS,366,96,22,22,3,9,0
2026-09-10,Maharashtra,Pune,PHC Pune East,Amoxicillin,431,96,18,21,3,9,0
2026-09-10,Maharashtra,Pune,PHC Pune East,Azithromycin,494,96,14,16,3,9,0
2026-09-10,Maharashtra,Pune,PHC Pune East,Ibuprofen,463,96,18,16,3,9,0
2026-09-10,Maharashtra,Nagpur,PHC Nagpur Rural,Paracetamol,153,120,34,33,3,9,0
2026-09-10,Maharashtra,Nagpur,PHC Nagpur Rural,ORS,229,120,30,30,3,9,0
2026-09-10,Maharashtra,Nagpur,PHC Nagpur Rural,Amoxicillin,298,120,23,25,3,9,0
2026-09-10,Maharashtra,Nagpur,PHC Nagpur Rural,Azithromycin,379,120,20,18,3,9,0
2026-09-10,Maharashtra,Nagpur,PHC Nagpur Rural,Ibuprofen,340,120,23,21,3,9,0
2026-09-10,Maharashtra,Nashik,PHC Nashik Tribal Belt,Paracetamol,77,210,39,90,3,9,1
2026-09-10,Maharashtra,Nashik,PHC Nashik Tribal Belt,ORS,190,210,31,87,3,9,1
2026-09-10,Maharashtra,Nashik,PHC Nashik Tribal Belt,Amoxicillin,166,210,29,63,3,9,1
2026-09-10,Maharashtra,Nashik,PHC Nashik Tribal Belt,Azithromycin,113,210,21,44,3,9,1
2026-09-10,Maharashtra,Nashik,PHC Nashik Tribal Belt,Ibuprofen,64,210,24,51,3,9,1
2026-09-10,Maharashtra,Chhatrapati Sambhajinagar,PHC Aurangabad North,Paracetamol,86,78,21,21,3,9,0
2026-09-10,Maharashtra,Chhatrapati Sambhajinagar,PHC Aurangabad North,ORS,141,78,18,18,3,9,0
2026-09-10,Maharashtra,Chhatrapati Sambhajinagar,PHC Aurangabad North,Amoxicillin,189,78,15,17,3,9,0
2026-09-10,Maharashtra,Chhatrapati Sambhajinagar,PHC Aurangabad North,Azithromycin,239,78,13,12,3,9,0
2026-09-10,Maharashtra,Chhatrapati Sambhajinagar,PHC Aurangabad North,Ibuprofen,211,78,15,14,3,9,0
2026-09-10,Uttar Pradesh,Varanasi,PHC Varanasi Ghats,Paracetamol,185,122,35,36,3,9,0
2026-09-10,Uttar Pradesh,Varanasi,PHC Varanasi Ghats,ORS,271,122,27,30,3,9,0
2026-09-10,Uttar Pradesh,Varanasi,PHC Varanasi Ghats,Amoxicillin,348,122,25,24,3,9,0
2026-09-10,Uttar Pradesh,Varanasi,PHC Varanasi Ghats,Azithromycin,54,122,20,20,3,9,0
2026-09-10,Uttar Pradesh,Varanasi,PHC Varanasi Ghats,Ibuprofen,393,122,20,23,3,9,0
2026-09-10,Uttar Pradesh,Lucknow,PHC Lucknow Central Hub,Paracetamol,490,87,23,24,3,9,0
2026-09-10,Uttar Pradesh,Lucknow,PHC Lucknow Central Hub,ORS,550,87,20,20,3,9,0
2026-09-10,Uttar Pradesh,Lucknow,PHC Lucknow Central Hub,Amoxicillin,608,87,17,18,3,9,0
2026-09-10,Uttar Pradesh,Lucknow,PHC Lucknow Central Hub,Azithromycin,664,87,14,13,3,9,0
2026-09-10,Uttar Pradesh,Lucknow,PHC Lucknow Central Hub,Ibuprofen,634,87,16,15,3,9,0
2026-09-10,Uttar Pradesh,Kanpur Nagar,PHC Kanpur South,Paracetamol,376,88,24,26,3,9,0
2026-09-10,Uttar Pradesh,Kanpur Nagar,PHC Kanpur South,ORS,431,88,24,22,3,9,0
2026-09-10,Uttar Pradesh,Kanpur Nagar,PHC Kanpur South,Amoxicillin,88,88,18,19,3,9,0
2026-09-10,Uttar Pradesh,Kanpur Nagar,PHC Kanpur South,Azithromycin,155,88,15,14,3,9,0
2026-09-10,Uttar Pradesh,Kanpur Nagar,PHC Kanpur South,Ibuprofen,125,88,16,16,3,9,0
2026-09-10,Uttar Pradesh,Gorakhpur,PHC Gorakhpur East,Paracetamol,251,240,38,119,3,9,1
2026-09-10,Uttar Pradesh,Gorakhpur,PHC Gorakhpur East,ORS,120,240,36,105,3,9,1
2026-09-10,Uttar Pradesh,Gorakhpur,PHC Gorakhpur East,Amoxicillin,82,240,29,72,3,9,1
2026-09-10,Uttar Pradesh,Gorakhpur,PHC Gorakhpur East,Azithromycin,213,240,23,56,3,9,1
2026-09-10,Uttar Pradesh,Gorakhpur,PHC Gorakhpur East,Ibuprofen,156,240,26,55,3,9,1
2026-09-10,Gujarat,Ahmedabad,PHC Ahmedabad Metro East,Paracetamol,460,84,24,22,3,9,0
2026-09-10,Gujarat,Ahmedabad,PHC Ahmedabad Metro East,ORS,504,84,21,20,3,9,0
2026-09-10,Gujarat,Ahmedabad,PHC Ahmedabad Metro East,Amoxicillin,570,84,16,17,3,9,0
2026-09-10,Gujarat,Ahmedabad,PHC Ahmedabad Metro East,Azithromycin,620,84,13,13,3,9,0
2026-09-10,Gujarat,Ahmedabad,PHC Ahmedabad Metro East,Ibuprofen,595,84,16,16,3,9,0
2026-09-10,Gujarat,Surat,PHC Surat Coastal,Paracetamol,477,102,29,30,3,9,0
2026-09-10,Gujarat,Surat,PHC Surat Coastal,ORS,72,102,26,26,3,9,0
2026-09-10,Gujarat,Surat,PHC Surat Coastal,Amoxicillin,138,102,23,22,3,9,0
2026-09-10,Gujarat,Surat,PHC Surat Coastal,Azithromycin,199,102,17,16,3,9,0
2026-09-10,Gujarat,Surat,PHC Surat Coastal,Ibuprofen,165,102,20,20,3,9,0
2026-09-10,Gujarat,Rajkot,PHC Rajkot West,Paracetamol,133,81,21,21,3,9,0
2026-09-10,Gujarat,Rajkot,PHC Rajkot West,ORS,181,81,18,19,3,9,0
2026-09-10,Gujarat,Rajkot,PHC Rajkot West,Amoxicillin,242,81,15,15,3,9,0
2026-09-10,Gujarat,Rajkot,PHC Rajkot West,Azithromycin,290,81,11,13,3,9,0
2026-09-10,Gujarat,Rajkot,PHC Rajkot West,Ibuprofen,268,81,13,16,3,9,0
2026-09-10,Gujarat,Kutch,PHC Kutch Rural Outpost,Paracetamol,181,230,37,99,3,9,1
2026-09-10,Gujarat,Kutch,PHC Kutch Rural Outpost,ORS,120,230,32,97,3,9,1
2026-09-10,Gujarat,Kutch,PHC Kutch Rural Outpost,Amoxicillin,113,230,28,63,3,9,1
2026-09-10,Gujarat,Kutch,PHC Kutch Rural Outpost,Azithromycin,66,230,21,50,3,9,1
2026-09-10,Gujarat,Kutch,PHC Kutch Rural Outpost,Ibuprofen,198,230,25,55,3,9,1
2026-09-11,Madhya Pradesh,Guna,PHC Guna Central,Paracetamol,251,226,105,111,4,9,1
2026-09-11,Madhya Pradesh,Guna,PHC Guna Central,ORS,130,226,94,88,4,9,1
2026-09-11,Madhya Pradesh,Guna,PHC Guna Central,Amoxicillin,69,226,66,68,4,9,1
2026-09-11,Madhya Pradesh,Guna,PHC Guna Central,Azithromycin,222,226,48,52,4,9,1
2026-09-11,Madhya Pradesh,Guna,PHC Guna Central,Ibuprofen,175,226,53,53,4,9,1
2026-09-11,Madhya Pradesh,Bhopal,PHC Bhopal West,Paracetamol,368,90,28,27,4,9,0
2026-09-11,Madhya Pradesh,Bhopal,PHC Bhopal West,ORS,429,90,22,21,4,9,0
2026-09-11,Madhya Pradesh,Bhopal,PHC Bhopal West,Amoxicillin,489,90,20,19,4,9,0
2026-09-11,Madhya Pradesh,Bhopal,PHC Bhopal West,Azithromycin,551,90,16,13,4,9,0
2026-09-11,Madhya Pradesh,Bhopal,PHC Bhopal West,Ibuprofen,525,90,17,17,4,9,0
2026-09-11,Madhya Pradesh,Indore,PHC Indore Rural,Paracetamol,61,127,31,33,4,9,0
2026-09-11,Madhya Pradesh,Indore,PHC Indore Rural,ORS,145,127,25,33,4,9,0
2026-09-11,Madhya Pradesh,Indore,PHC Indore Rural,Amoxicillin,219,127,24,25,4,9,0
2026-09-11,Madhya Pradesh,Indore,PHC Indore Rural,Azithromycin,309,127,19,19,4,9,0
2026-09-11,Madhya Pradesh,Indore,PHC Indore Rural,Ibuprofen,272,127,19,23,4,9,0
2026-09-11,Madhya Pradesh,Shivpuri,PHC Shivpuri North,Paracetamol,155,80,24,24,4,9,0
2026-09-11,Madhya Pradesh,Shivpuri,PHC Shivpuri North,ORS,205,80,22,19,4,9,0
2026-09-11,Madhya Pradesh,Shivpuri,PHC Shivpuri North,Amoxicillin,262,80,19,17,4,9,0
2026-09-11,Madhya Pradesh,Shivpuri,PHC Shivpuri North,Azithromycin,47,80,15,13,4,9,0
2026-09-11,Madhya Pradesh,Shivpuri,PHC Shivpuri North,Ibuprofen,293,80,18,14,4,9,0
2026-09-11,Rajasthan,Jaipur,PHC Jaipur Rural North,Paracetamol,185,93,27,25,4,9,0
2026-09-11,Rajasthan,Jaipur,PHC Jaipur Rural North,ORS,251,93,25,22,4,9,0
2026-09-11,Rajasthan,Jaipur,PHC Jaipur Rural North,Amoxicillin,319,93,19,19,4,9,0
2026-09-11,Rajasthan,Jaipur,PHC Jaipur Rural North,Azithromycin,385,93,16,14,4,9,0
2026-09-11,Rajasthan,Jaipur,PHC Jaipur Rural North,Ibuprofen,351,93,19,18,4,9,0
2026-09-11,Rajasthan,Udaipur,PHC Udaipur South,Paracetamol,71,110,31,32,4,9,0
2026-09-11,Rajasthan,Udaipur,PHC Udaipur South,ORS,155,110,27,28,4,9,0
2026-09-11,Rajasthan,Udaipur,PHC Udaipur South,Amoxicillin,228,110,22,22,4,9,0
2026-09-11,Rajasthan,Udaipur,PHC Udaipur South,Azithromycin,310,110,18,17,4,9,0
2026-09-11,Rajasthan,Udaipur,PHC Udaipur South,Ibuprofen,275,110,19,20,4,9,0
2026-09-11,Rajasthan,Jodhpur,PHC Jodhpur Desert Edge,Paracetamol,181,204,94,89,4,9,1
2026-09-11,Rajasthan,Jodhpur,PHC Jodhpur Desert Edge,ORS,89,204,83,80,4,9,1
2026-09-11,Rajasthan,Jodhpur,PHC Jodhpur Desert Edge,Amoxicillin,42,204,61,63,4,9,1
2026-09-11,Rajasthan,Jodhpur,PHC Jodhpur Desert Edge,Azithromycin,178,204,43,46,4,9,1
2026-09-11,Rajasthan,Jodhpur,PHC Jodhpur Desert Edge,Ibuprofen,143,204,44,47,4,9,1
2026-09-11,Rajasthan,Kota,PHC Kota Industrial,Paracetamol,425,79,21,22,4,9,0
2026-09-11,Rajasthan,Kota,PHC Kota Industrial,ORS,65,79,19,19,4,9,0
2026-09-11,Rajasthan,Kota,PHC Kota Industrial,Amoxicillin,124,79,16,17,4,9,0
2026-09-11,Rajasthan,Kota,PHC Kota Industrial,Azithromycin,188,79,12,13,4,9,0
2026-09-11,Rajasthan,Kota,PHC Kota Industrial,Ibuprofen,154,79,15,15,4,9,0
2026-09-11,Maharashtra,Pune,PHC Pune East,Paracetamol,282,103,26,28,4,9,0
2026-09-11,Maharashtra,Pune,PHC Pune East,ORS,344,103,22,26,4,9,0
2026-09-11,Maharashtra,Pune,PHC Pune East,Amoxicillin,410,103,21,22,4,9,0
2026-09-11,Maharashtra,Pune,PHC Pune East,Azithromycin,478,103,16,17,4,9,0
2026-09-11,Maharashtra,Pune,PHC Pune East,Ibuprofen,447,103,16,19,4,9,0
2026-09-11,Maharashtra,Nagpur,PHC Nagpur Rural,Paracetamol,120,110,33,32,4,9,0
2026-09-11,Maharashtra,Nagpur,PHC Nagpur Rural,ORS,199,110,30,25,4,9,0
2026-09-11,Maharashtra,Nagpur,PHC Nagpur Rural,Amoxicillin,273,110,25,23,4,9,0
2026-09-11,Maharashtra,Nagpur,PHC Nagpur Rural,Azithromycin,361,110,18,18,4,9,0
2026-09-11,Maharashtra,Nagpur,PHC Nagpur Rural,Ibuprofen,319,110,21,21,4,9,0
2026-09-11,Maharashtra,Nashik,PHC Nashik Tribal Belt,Paracetamol,177,217,90,103,4,9,1
2026-09-11,Maharashtra,Nashik,PHC Nashik Tribal Belt,ORS,103,217,87,82,4,9,1
2026-09-11,Maharashtra,Nashik,PHC Nashik Tribal Belt,Amoxicillin,103,217,63,58,4,9,1
2026-09-11,Maharashtra,Nashik,PHC Nashik Tribal Belt,Azithromycin,69,217,44,51,4,9,1
2026-09-11,Maharashtra,Nashik,PHC Nashik Tribal Belt,Ibuprofen,203,217,51,54,4,9,1
2026-09-11,Maharashtra,Chhatrapati Sambhajinagar,PHC Aurangabad North,Paracetamol,65,83,21,24,4,9,0
2026-09-11,Maharashtra,Chhatrapati Sambhajinagar,PHC Aurangabad North,ORS,123,83,18,20,4,9,0
2026-09-11,Maharashtra,Chhatrapati Sambhajinagar,PHC Aurangabad North,Amoxicillin,172,83,17,18,4,9,0
2026-09-11,Maharashtra,Chhatrapati Sambhajinagar,PHC Aurangabad North,Azithromycin,227,83,12,13,4,9,0
2026-09-11,Maharashtra,Chhatrapati Sambhajinagar,PHC Aurangabad North,Ibuprofen,197,83,14,15,4,9,0
2026-09-11,Uttar Pradesh,Varanasi,PHC Varanasi Ghats,Paracetamol,149,117,36,33,4,9,0
2026-09-11,Uttar Pradesh,Varanasi,PHC Varanasi Ghats,ORS,241,117,30,28,4,9,0
2026-09-11,Uttar Pradesh,Varanasi,PHC Varanasi Ghats,Amoxicillin,324,117,24,24,4,9,0
2026-09-11,Uttar Pradesh,Varanasi,PHC Varanasi Ghats,Azithromycin,414,117,20,19,4,9,0
2026-09-11,Uttar Pradesh,Varanasi,PHC Varanasi Ghats,Ibuprofen,370,117,23,21,4,9,0
2026-09-11,Uttar Pradesh,Lucknow,PHC Lucknow Central Hub,Paracetamol,466,90,24,25,4,9,0
2026-09-11,Uttar Pradesh,Lucknow,PHC Lucknow Central Hub,ORS,530,90,20,20,4,9,0
2026-09-11,Uttar Pradesh,Lucknow,PHC Lucknow Central Hub,Amoxicillin,590,90,18,18,4,9,0
2026-09-11,Uttar Pradesh,Lucknow,PHC Lucknow Central Hub,Azithromycin,651,90,13,13,4,9,0
2026-09-11,Uttar Pradesh,Lucknow,PHC Lucknow Central Hub,Ibuprofen,619,90,15,16,4,9,0
2026-09-11,Uttar Pradesh,Kanpur Nagar,PHC Kanpur South,Paracetamol,350,91,26,27,4,9,0
2026-09-11,Uttar Pradesh,Kanpur Nagar,PHC Kanpur South,ORS,409,91,22,20,4,9,0
2026-09-11,Uttar Pradesh,Kanpur Nagar,PHC Kanpur South,Amoxicillin,69,91,19,19,4,9,0
2026-09-11,Uttar Pradesh,Kanpur Nagar,PHC Kanpur South,Azithromycin,141,91,14,15,4,9,0
2026-09-11,Uttar Pradesh,Kanpur Nagar,PHC Kanpur South,Ibuprofen,109,91,16,17,4,9,0
2026-09-11,Uttar Pradesh,Gorakhpur,PHC Gorakhpur East,Paracetamol,132,247,119,107,4,9,1
2026-09-11,Uttar Pradesh,Gorakhpur,PHC Gorakhpur East,ORS,255,247,105,94,4,9,1
2026-09-11,Uttar Pradesh,Gorakhpur,PHC Gorakhpur East,Amoxicillin,250,247,72,68,4,9,1
2026-09-11,Uttar Pradesh,Gorakhpur,PHC Gorakhpur East,Azithromycin,157,247,56,53,4,9,1
2026-09-11,Uttar Pradesh,Gorakhpur,PHC Gorakhpur East,Ibuprofen,101,247,55,58,4,9,1
2026-09-11,Gujarat,Ahmedabad,PHC Ahmedabad Metro East,Paracetamol,438,90,22,24,4,9,0
2026-09-11,Gujarat,Ahmedabad,PHC Ahmedabad Metro East,ORS,484,90,20,21,4,9,0
2026-09-11,Gujarat,Ahmedabad,PHC Ahmedabad Metro East,Amoxicillin,553,90,17,18,4,9,0
2026-09-11,Gujarat,Ahmedabad,PHC Ahmedabad Metro East,Azithromycin,607,90,13,14,4,9,0
2026-09-11,Gujarat,Ahmedabad,PHC Ahmedabad Metro East,Ibuprofen,579,90,16,16,4,9,0
2026-09-11,Gujarat,Surat,PHC Surat Coastal,Paracetamol,447,113,30,30,4,9,0
2026-09-11,Gujarat,Surat,PHC Surat Coastal,ORS,46,113,26,28,4,9,0
2026-09-11,Gujarat,Surat,PHC Surat Coastal,Amoxicillin,116,113,22,24,4,9,0
2026-09-11,Gujarat,Surat,PHC Surat Coastal,Azithromycin,183,113,16,19,4,9,0
2026-09-11,Gujarat,Surat,PHC Surat Coastal,Ibuprofen,145,113,20,22,4,9,0
2026-09-11,Gujarat,Rajkot,PHC Rajkot West,Paracetamol,112,84,21,22,4,9,0
2026-09-11,Gujarat,Rajkot,PHC Rajkot West,ORS,162,84,19,20,4,9,0
2026-09-11,Gujarat,Rajkot,PHC Rajkot West,Amoxicillin,227,84,15,17,4,9,0
2026-09-11,Gujarat,Rajkot,PHC Rajkot West,Azithromycin,277,84,13,12,4,9,0
2026-09-11,Gujarat,Rajkot,PHC Rajkot West,Ibuprofen,252,84,16,14,4,9,0
2026-09-11,Gujarat,Kutch,PHC Kutch Rural Outpost,Paracetamol,82,219,99,101,4,9,1
2026-09-11,Gujarat,Kutch,PHC Kutch Rural Outpost,ORS,203,219,97,88,4,9,1
2026-09-11,Gujarat,Kutch,PHC Kutch Rural Outpost,Amoxicillin,50,219,63,66,4,9,1
2026-09-11,Gujarat,Kutch,PHC Kutch Rural Outpost,Azithromycin,196,219,50,50,4,9,1
2026-09-11,Gujarat,Kutch,PHC Kutch Rural Outpost,Ibuprofen,143,219,55,54,4,9,1
2026-09-12,Madhya Pradesh,Guna,PHC Guna Central,Paracetamol,140,113,111,32,5,9,0
2026-09-12,Madhya Pradesh,Guna,PHC Guna Central,ORS,42,113,88,25,5,9,0
2026-09-12,Madhya Pradesh,Guna,PHC Guna Central,Amoxicillin,251,113,68,22,5,9,0
2026-09-12,Madhya Pradesh,Guna,PHC Guna Central,Azithromycin,170,113,52,19,5,9,0
2026-09-12,Madhya Pradesh,Guna,PHC Guna Central,Ibuprofen,122,113,53,22,5,9,0
2026-09-12,Madhya Pradesh,Bhopal,PHC Bhopal West,Paracetamol,341,76,27,20,5,9,0
2026-09-12,Madhya Pradesh,Bhopal,PHC Bhopal West,ORS,408,76,21,17,5,9,0
2026-09-12,Madhya Pradesh,Bhopal,PHC Bhopal West,Amoxicillin,470,76,19,16,5,9,0
2026-09-12,Madhya Pradesh,Bhopal,PHC Bhopal West,Azithromycin,538,76,13,13,5,9,0
2026-09-12,Madhya Pradesh,Bhopal,PHC Bhopal West,Ibuprofen,508,76,17,14,5,9,0
2026-09-12,Madhya Pradesh,Indore,PHC Indore Rural,Paracetamol,348,95,33,28,5,9,0
2026-09-12,Madhya Pradesh,Indore,PHC Indore Rural,ORS,112,95,33,22,5,9,0
2026-09-12,Madhya Pradesh,Indore,PHC Indore Rural,Amoxicillin,194,95,25,20,5,9,0
2026-09-12,Madhya Pradesh,Indore,PHC Indore Rural,Azithromycin,290,95,19,15,5,9,0
2026-09-12,Madhya Pradesh,Indore,PHC Indore Rural,Ibuprofen,249,95,23,18,5,9,0
2026-09-12,Madhya Pradesh,Shivpuri,PHC Shivpuri North,Paracetamol,131,76,24,21,5,9,0
2026-09-12,Madhya Pradesh,Shivpuri,PHC Shivpuri North,ORS,186,76,19,17,5,9,0
2026-09-12,Madhya Pradesh,Shivpuri,PHC Shivpuri North,Amoxicillin,245,76,17,14,5,9,0
2026-09-12,Madhya Pradesh,Shivpuri,PHC Shivpuri North,Azithromycin,314,76,13,12,5,9,0
2026-09-12,Madhya Pradesh,Shivpuri,PHC Shivpuri North,Ibuprofen,279,76,14,14,5,9,0
2026-09-12,Rajasthan,Jaipur,PHC Jaipur Rural North,Paracetamol,160,79,25,24,5,9,0
2026-09-12,Rajasthan,Jaipur,PHC Jaipur Rural North,ORS,229,79,22,18,5,9,0
2026-09-12,Rajasthan,Jaipur,PHC Jaipur Rural North,Amoxicillin,300,79,19,16,5,9,0
2026-09-12,Rajasthan,Jaipur,PHC Jaipur Rural North,Azithromycin,371,79,14,12,5,9,0
2026-09-12,Rajasthan,Jaipur,PHC Jaipur Rural North,Ibuprofen,333,79,18,15,5,9,0
2026-09-12,Rajasthan,Udaipur,PHC Udaipur South,Paracetamol,349,97,32,27,5,9,0
2026-09-12,Rajasthan,Udaipur,PHC Udaipur South,ORS,127,97,28,25,5,9,0
2026-09-12,Rajasthan,Udaipur,PHC Udaipur South,Amoxicillin,206,97,22,18,5,9,0
2026-09-12,Rajasthan,Udaipur,PHC Udaipur South,Azithromycin,293,97,17,15,5,9,0
2026-09-12,Rajasthan,Udaipur,PHC Udaipur South,Ibuprofen,255,97,20,18,5,9,0
2026-09-12,Rajasthan,Jodhpur,PHC Jodhpur Desert Edge,Paracetamol,92,108,89,32,5,9,0
2026-09-12,Rajasthan,Jodhpur,PHC Jodhpur Desert Edge,ORS,229,108,80,28,5,9,0
2026-09-12,Rajasthan,Jodhpur,PHC Jodhpur Desert Edge,Amoxicillin,199,108,63,21,5,9,0
2026-09-12,Rajasthan,Jodhpur,PHC Jodhpur Desert Edge,Azithromycin,132,108,46,18,5,9,0
2026-09-12,Rajasthan,Jodhpur,PHC Jodhpur Desert Edge,Ibuprofen,96,108,47,18,5,9,0
2026-09-12,Rajasthan,Kota,PHC Kota Industrial,Paracetamol,403,69,22,21,5,9,0
2026-09-12,Rajasthan,Kota,PHC Kota Industrial,ORS,46,69,19,17,5,9,0
2026-09-12,Rajasthan,Kota,PHC Kota Industrial,Amoxicillin,107,69,17,13,5,9,0
2026-09-12,Rajasthan,Kota,PHC Kota Industrial,Azithromycin,175,69,13,12,5,9,0
2026-09-12,Rajasthan,Kota,PHC Kota Industrial,Ibuprofen,139,69,15,12,5,9,0
2026-09-12,Maharashtra,Pune,PHC Pune East,Paracetamol,254,88,28,25,5,9,0
2026-09-12,Maharashtra,Pune,PHC Pune East,ORS,318,88,26,20,5,9,0
2026-09-12,Maharashtra,Pune,PHC Pune East,Amoxicillin,388,88,22,18,5,9,0
2026-09-12,Maharashtra,Pune,PHC Pune East,Azithromycin,461,88,17,15,5,9,0
2026-09-12,Maharashtra,Pune,PHC Pune East,Ibuprofen,428,88,19,16,5,9,0
2026-09-12,Maharashtra,Nagpur,PHC Nagpur Rural,Paracetamol,88,91,32,24,5,9,0
2026-09-12,Maharashtra,Nagpur,PHC Nagpur Rural,ORS,174,91,25,23,5,9,0
2026-09-12,Maharashtra,Nagpur,PHC Nagpur Rural,Amoxicillin,250,91,23,19,5,9,0
2026-09-12,Maharashtra,Nagpur,PHC Nagpur Rural,Azithromycin,343,91,18,15,5,9,0
2026-09-12,Maharashtra,Nagpur,PHC Nagpur Rural,Ibuprofen,298,91,21,16,5,9,0
2026-09-12,Maharashtra,Nashik,PHC Nashik Tribal Belt,Paracetamol,74,108,103,28,5,9,0
2026-09-12,Maharashtra,Nashik,PHC Nashik Tribal Belt,ORS,211,108,82,25,5,9,0
2026-09-12,Maharashtra,Nashik,PHC Nashik Tribal Belt,Amoxicillin,45,108,58,21,5,9,0
2026-09-12,Maharashtra,Nashik,PHC Nashik Tribal Belt,Azithromycin,208,108,51,17,5,9,0
2026-09-12,Maharashtra,Nashik,PHC Nashik Tribal Belt,Ibuprofen,149,108,54,18,5,9,0
2026-09-12,Maharashtra,Chhatrapati Sambhajinagar,PHC Aurangabad North,Paracetamol,41,63,24,17,5,9,0
2026-09-12,Maharashtra,Chhatrapati Sambhajinagar,PHC Aurangabad North,ORS,103,63,20,15,5,9,0
2026-09-12,Maharashtra,Chhatrapati Sambhajinagar,PHC Aurangabad North,Amoxicillin,154,63,18,12,5,9,0
2026-09-12,Maharashtra,Chhatrapati Sambhajinagar,PHC Aurangabad North,Azithromycin,214,63,13,9,5,9,0
2026-09-12,Maharashtra,Chhatrapati Sambhajinagar,PHC Aurangabad North,Ibuprofen,182,63,15,11,5,9,0
2026-09-12,Uttar Pradesh,Varanasi,PHC Varanasi Ghats,Paracetamol,116,100,33,28,5,9,0
2026-09-12,Uttar Pradesh,Varanasi,PHC Varanasi Ghats,ORS,213,100,28,23,5,9,0
2026-09-12,Uttar Pradesh,Varanasi,PHC Varanasi Ghats,Amoxicillin,300,100,24,20,5,9,0
2026-09-12,Uttar Pradesh,Varanasi,PHC Varanasi Ghats,Azithromycin,395,100,19,15,5,9,0
2026-09-12,Uttar Pradesh,Varanasi,PHC Varanasi Ghats,Ibuprofen,349,100,21,18,5,9,0
2026-09-12,Uttar Pradesh,Lucknow,PHC Lucknow Central Hub,Paracetamol,441,70,25,21,5,9,0
2026-09-12,Uttar Pradesh,Lucknow,PHC Lucknow Central Hub,ORS,510,70,20,18,5,9,0
2026-09-12,Uttar Pradesh,Lucknow,PHC Lucknow Central Hub,Amoxicillin,572,70,18,15,5,9,0
2026-09-12,Uttar Pradesh,Lucknow,PHC Lucknow Central Hub,Azithromycin,638,70,13,11,5,9,0
2026-09-12,Uttar Pradesh,Lucknow,PHC Lucknow Central Hub,Ibuprofen,603,70,16,12,5,9,0
2026-09-12,Uttar Pradesh,Kanpur Nagar,PHC Kanpur South,Paracetamol,323,79,27,21,5,9,0
2026-09-12,Uttar Pradesh,Kanpur Nagar,PHC Kanpur South,ORS,389,79,20,18,5,9,0
2026-09-12,Uttar Pradesh,Kanpur Nagar,PHC Kanpur South,Amoxicillin,50,79,19,16,5,9,0
2026-09-12,Uttar Pradesh,Kanpur Nagar,PHC Kanpur South,Azithromycin,126,79,15,12,5,9,0
2026-09-12,Uttar Pradesh,Kanpur Nagar,PHC Kanpur South,Ibuprofen,92,79,17,14,5,9,0
2026-09-12,Uttar Pradesh,Gorakhpur,PHC Gorakhpur East,Paracetamol,265,126,107,35,5,9,0
2026-09-12,Uttar Pradesh,Gorakhpur,PHC Gorakhpur East,ORS,161,126,94,28,5,9,0
2026-09-12,Uttar Pradesh,Gorakhpur,PHC Gorakhpur East,Amoxicillin,182,126,68,24,5,9,0
2026-09-12,Uttar Pradesh,Gorakhpur,PHC Gorakhpur East,Azithromycin,104,126,53,19,5,9,0
2026-09-12,Uttar Pradesh,Gorakhpur,PHC Gorakhpur East,Ibuprofen,43,126,58,23,5,9,0
2026-09-12,Gujarat,Ahmedabad,PHC Ahmedabad Metro East,Paracetamol,414,74,24,20,5,9,0
2026-09-12,Gujarat,Ahmedabad,PHC Ahmedabad Metro East,ORS,463,74,21,17,5,9,0
2026-09-12,Gujarat,Ahmedabad,PHC Ahmedabad Metro East,Amoxicillin,535,74,18,14,5,9,0
2026-09-12,Gujarat,Ahmedabad,PHC Ahmedabad Metro East,Azithromycin,593,74,14,13,5,9,0
2026-09-12,Gujarat,Ahmedabad,PHC Ahmedabad Metro East,Ibuprofen,563,74,16,13,5,9,0
2026-09-12,Gujarat,Surat,PHC Surat Coastal,Paracetamol,417,91,30,27,5,9,0
2026-09-12,Gujarat,Surat,PHC Surat Coastal,ORS,498,91,28,21,5,9,0
2026-09-12,Gujarat,Surat,PHC Surat Coastal,Amoxicillin,92,91,24,18,5,9,0
2026-09-12,Gujarat,Surat,PHC Surat Coastal,Azithromycin,164,91,19,15,5,9,0
2026-09-12,Gujarat,Surat,PHC Surat Coastal,Ibuprofen,123,91,22,17,5,9,0
2026-09-12,Gujarat,Rajkot,PHC Rajkot West,Paracetamol,90,76,22,20,5,9,0
2026-09-12,Gujarat,Rajkot,PHC Rajkot West,ORS,142,76,20,18,5,9,0
2026-09-12,Gujarat,Rajkot,PHC Rajkot West,Amoxicillin,210,76,17,16,5,9,0
2026-09-12,Gujarat,Rajkot,PHC Rajkot West,Azithromycin,265,76,12,12,5,9,0
2026-09-12,Gujarat,Rajkot,PHC Rajkot West,Ibuprofen,238,76,14,13,5,9,0
2026-09-12,Gujarat,Kutch,PHC Kutch Rural Outpost,Paracetamol,161,126,101,38,5,9,0
2026-09-12,Gujarat,Kutch,PHC Kutch Rural Outpost,ORS,115,126,88,29,5,9,0
2026-09-12,Gujarat,Kutch,PHC Kutch Rural Outpost,Amoxicillin,164,126,66,26,5,9,0
2026-09-12,Gujarat,Kutch,PHC Kutch Rural Outpost,Azithromycin,146,126,50,20,5,9,0
2026-09-12,Gujarat,Kutch,PHC Kutch Rural Outpost,Ibuprofen,89,126,54,23,5,9,0
2026-09-13,Madhya Pradesh,Guna,PHC Guna Central,Paracetamol,108,115,32,32,6,9,0
2026-09-13,Madhya Pradesh,Guna,PHC Guna Central,ORS,267,115,25,29,6,9,0
2026-09-13,Madhya Pradesh,Guna,PHC Guna Central,Amoxicillin,229,115,22,23,6,9,0
2026-09-13,Madhya Pradesh,Guna,PHC Guna Central,Azithromycin,151,115,19,17,6,9,0
2026-09-13,Madhya Pradesh,Guna,PHC Guna Central,Ibuprofen,100,115,22,21,6,9,0
2026-09-13,Madhya Pradesh,Bhopal,PHC Bhopal West,Paracetamol,321,78,20,22,6,9,0
2026-09-13,Madhya Pradesh,Bhopal,PHC Bhopal West,ORS,391,78,17,19,6,9,0
2026-09-13,Madhya Pradesh,Bhopal,PHC Bhopal West,Amoxicillin,454,78,16,16,6,9,0
2026-09-13,Madhya Pradesh,Bhopal,PHC Bhopal West,Azithromycin,525,78,13,13,6,9,0
2026-09-13,Madhya Pradesh,Bhopal,PHC Bhopal West,Ibuprofen,494,78,14,14,6,9,0
2026-09-13,Madhya Pradesh,Indore,PHC Indore Rural,Paracetamol,320,105,28,29,6,9,0
2026-09-13,Madhya Pradesh,Indore,PHC Indore Rural,ORS,90,105,22,24,6,9,0
2026-09-13,Madhya Pradesh,Indore,PHC Indore Rural,Amoxicillin,174,105,20,22,6,9,0
2026-09-13,Madhya Pradesh,Indore,PHC Indore Rural,Azithromycin,275,105,15,18,6,9,0
2026-09-13,Madhya Pradesh,Indore,PHC Indore Rural,Ibuprofen,231,105,18,20,6,9,0
2026-09-13,Madhya Pradesh,Shivpuri,PHC Shivpuri North,Paracetamol,110,71,21,20,6,9,0
2026-09-13,Madhya Pradesh,Shivpuri,PHC Shivpuri North,ORS,169,71,17,17,6,9,0
2026-09-13,Madhya Pradesh,Shivpuri,PHC Shivpuri North,Amoxicillin,231,71,14,14,6,9,0
2026-09-13,Madhya Pradesh,Shivpuri,PHC Shivpuri North,Azithromycin,302,71,12,12,6,9,0
2026-09-13,Madhya Pradesh,Shivpuri,PHC Shivpuri North,Ibuprofen,265,71,14,13,6,9,0
2026-09-13,Rajasthan,Jaipur,PHC Jaipur Rural North,Paracetamol,136,85,24,22,6,9,0
2026-09-13,Rajasthan,Jaipur,PHC Jaipur Rural North,ORS,211,85,18,22,6,9,0
2026-09-13,Rajasthan,Jaipur,PHC Jaipur Rural North,Amoxicillin,284,85,16,17,6,9,0
2026-09-13,Rajasthan,Jaipur,PHC Jaipur Rural North,Azithromycin,359,85,12,13,6,9,0
2026-09-13,Rajasthan,Jaipur,PHC Jaipur Rural North,Ibuprofen,318,85,15,15,6,9,0
2026-09-13,Rajasthan,Udaipur,PHC Udaipur South,Paracetamol,322,100,27,29,6,9,0
2026-09-13,Rajasthan,Udaipur,PHC Udaipur South,ORS,102,100,25,24,6,9,0
2026-09-13,Rajasthan,Udaipur,PHC Udaipur South,Amoxicillin,188,100,18,21,6,9,0
2026-09-13,Rajasthan,Udaipur,PHC Udaipur South,Azithromycin,278,100,15,16,6,9,0
2026-09-13,Rajasthan,Udaipur,PHC Udaipur South,Ibuprofen,237,100,18,19,6,9,0
2026-09-13,Rajasthan,Jodhpur,PHC Jodhpur Desert Edge,Paracetamol,60,111,32,32,6,9,0
2026-09-13,Rajasthan,Jodhpur,PHC Jodhpur Desert Edge,ORS,201,111,28,25,6,9,0
2026-09-13,Rajasthan,Jodhpur,PHC Jodhpur Desert Edge,Amoxicillin,178,111,21,23,6,9,0
2026-09-13,Rajasthan,Jodhpur,PHC Jodhpur Desert Edge,Azithromycin,114,111,18,18,6,9,0
2026-09-13,Rajasthan,Jodhpur,PHC Jodhpur Desert Edge,Ibuprofen,78,111,18,20,6,9,0
2026-09-13,Rajasthan,Kota,PHC Kota Industrial,Paracetamol,382,75,21,19,6,9,0
2026-09-13,Rajasthan,Kota,PHC Kota Industrial,ORS,449,75,17,19,6,9,0
2026-09-13,Rajasthan,Kota,PHC Kota Industrial,Amoxicillin,94,75,13,15,6,9,0
2026-09-13,Rajasthan,Kota,PHC Kota Industrial,Azithromycin,163,75,12,12,6,9,0
2026-09-13,Rajasthan,Kota,PHC Kota Industrial,Ibuprofen,127,75,12,14,6,9,0
2026-09-13,Maharashtra,Pune,PHC Pune East,Paracetamol,229,92,25,25,6,9,0
2026-09-13,Maharashtra,Pune,PHC Pune East,ORS,298,92,20,20,6,9,0
2026-09-13,Maharashtra,Pune,PHC Pune East,Amoxicillin,370,92,18,18,6,9,0
2026-09-13,Maharashtra,Pune,PHC Pune East,Azithromycin,446,92,15,15,6,9,0
2026-09-13,Maharashtra,Pune,PHC Pune East,Ibuprofen,412,92,16,17,6,9,0
2026-09-13,Maharashtra,Nagpur,PHC Nagpur Rural,Paracetamol,64,99,24,28,6,9,0
2026-09-13,Maharashtra,Nagpur,PHC Nagpur Rural,ORS,151,99,23,24,6,9,0
2026-09-13,Maharashtra,Nagpur,PHC Nagpur Rural,Amoxicillin,231,99,19,19,6,9,0
2026-09-13,Maharashtra,Nagpur,PHC Nagpur Rural,Azithromycin,328,99,15,17,6,9,0
2026-09-13,Maharashtra,Nagpur,PHC Nagpur Rural,Ibuprofen,282,99,16,18,6,9,0
2026-09-13,Maharashtra,Nashik,PHC Nashik Tribal Belt,Paracetamol,46,115,28,31,6,9,0
2026-09-13,Maharashtra,Nashik,PHC Nashik Tribal Belt,ORS,186,115,25,26,6,9,0
2026-09-13,Maharashtra,Nashik,PHC Nashik Tribal Belt,Amoxicillin,214,115,21,22,6,9,0
2026-09-13,Maharashtra,Nashik,PHC Nashik Tribal Belt,Azithromycin,191,115,17,18,6,9,0
2026-09-13,Maharashtra,Nashik,PHC Nashik Tribal Belt,Ibuprofen,131,115,18,22,6,9,0
2026-09-13,Maharashtra,Chhatrapati Sambhajinagar,PHC Aurangabad North,Paracetamol,474,62,17,19,6,9,0
2026-09-13,Maharashtra,Chhatrapati Sambhajinagar,PHC Aurangabad North,ORS,88,62,15,14,6,9,0
2026-09-13,Maharashtra,Chhatrapati Sambhajinagar,PHC Aurangabad North,Amoxicillin,142,62,12,12,6,9,0
2026-09-13,Maharashtra,Chhatrapati Sambhajinagar,PHC Aurangabad North,Azithromycin,205,62,9,10,6,9,0
2026-09-13,Maharashtra,Chhatrapati Sambhajinagar,PHC Aurangabad North,Ibuprofen,171,62,11,11,6,9,0
2026-09-13,Uttar Pradesh,Varanasi,PHC Varanasi Ghats,Paracetamol,88,106,28,30,6,9,0
2026-09-13,Uttar Pradesh,Varanasi,PHC Varanasi Ghats,ORS,190,106,23,25,6,9,0
2026-09-13,Uttar Pradesh,Varanasi,PHC Varanasi Ghats,Amoxicillin,280,106,20,22,6,9,0
2026-09-13,Uttar Pradesh,Varanasi,PHC Varanasi Ghats,Azithromycin,380,106,15,16,6,9,0
2026-09-13,Uttar Pradesh,Varanasi,PHC Varanasi Ghats,Ibuprofen,331,106,18,18,6,9,0
2026-09-13,Uttar Pradesh,Lucknow,PHC Lucknow Central Hub,Paracetamol,420,81,21,21,6,9,0
2026-09-13,Uttar Pradesh,Lucknow,PHC Lucknow Central Hub,ORS,492,81,18,21,6,9,0
2026-09-13,Uttar Pradesh,Lucknow,PHC Lucknow Central Hub,Amoxicillin,557,81,15,17,6,9,0
2026-09-13,Uttar Pradesh,Lucknow,PHC Lucknow Central Hub,Azithromycin,627,81,11,13,6,9,0
2026-09-13,Uttar Pradesh,Lucknow,PHC Lucknow Central Hub,Ibuprofen,591,81,12,14,6,9,0
2026-09-13,Uttar Pradesh,Kanpur Nagar,PHC Kanpur South,Paracetamol,302,88,21,24,6,9,0
2026-09-13,Uttar Pradesh,Kanpur Nagar,PHC Kanpur South,ORS,371,88,18,20,6,9,0
2026-09-13,Uttar Pradesh,Kanpur Nagar,PHC Kanpur South,Amoxicillin,434,88,16,17,6,9,0
2026-09-13,Uttar Pradesh,Kanpur Nagar,PHC Kanpur South,Azithromycin,114,88,12,14,6,9,0
2026-09-13,Uttar Pradesh,Kanpur Nagar,PHC Kanpur South,Ibuprofen,78,88,14,17,6,9,0
2026-09-13,Uttar Pradesh,Gorakhpur,PHC Gorakhpur East,Paracetamol,230,123,35,34,6,9,0
2026-09-13,Uttar Pradesh,Gorakhpur,PHC Gorakhpur East,ORS,133,123,28,28,6,9,0
2026-09-13,Uttar Pradesh,Gorakhpur,PHC Gorakhpur East,Amoxicillin,158,123,24,25,6,9,0
2026-09-13,Uttar Pradesh,Gorakhpur,PHC Gorakhpur East,Azithromycin,85,123,19,19,6,9,0
2026-09-13,Uttar Pradesh,Gorakhpur,PHC Gorakhpur East,Ibuprofen,260,123,23,20,6,9,0
2026-09-13,Gujarat,Ahmedabad,PHC Ahmedabad Metro East,Paracetamol,394,74,20,20,6,9,0
2026-09-13,Gujarat,Ahmedabad,PHC Ahmedabad Metro East,ORS,446,74,17,18,6,9,0
2026-09-13,Gujarat,Ahmedabad,PHC Ahmedabad Metro East,Amoxicillin,521,74,14,15,6,9,0
2026-09-13,Gujarat,Ahmedabad,PHC Ahmedabad Metro East,Azithromycin,580,74,13,12,6,9,0
2026-09-13,Gujarat,Ahmedabad,PHC Ahmedabad Metro East,Ibuprofen,550,74,13,13,6,9,0
2026-09-13,Gujarat,Surat,PHC Surat Coastal,Paracetamol,390,93,27,27,6,9,0
2026-09-13,Gujarat,Surat,PHC Surat Coastal,ORS,477,93,21,21,6,9,0
2026-09-13,Gujarat,Surat,PHC Surat Coastal,Amoxicillin,74,93,18,17,6,9,0
2026-09-13,Gujarat,Surat,PHC Surat Coastal,Azithromycin,149,93,15,16,6,9,0
2026-09-13,Gujarat,Surat,PHC Surat Coastal,Ibuprofen,106,93,17,16,6,9,0
2026-09-13,Gujarat,Rajkot,PHC Rajkot West,Paracetamol,70,65,20,18,6,9,0
2026-09-13,Gujarat,Rajkot,PHC Rajkot West,ORS,124,65,18,15,6,9,0
2026-09-13,Gujarat,Rajkot,PHC Rajkot West,Amoxicillin,194,65,16,14,6,9,0
2026-09-13,Gujarat,Rajkot,PHC Rajkot West,Azithromycin,253,65,12,10,6,9,0
2026-09-13,Gujarat,Rajkot,PHC Rajkot West,Ibuprofen,225,65,13,12,6,9,0
2026-09-13,Gujarat,Kutch,PHC Kutch Rural Outpost,Paracetamol,123,121,38,34,6,9,0
2026-09-13,Gujarat,Kutch,PHC Kutch Rural Outpost,ORS,86,121,29,29,6,9,0
2026-09-13,Gujarat,Kutch,PHC Kutch Rural Outpost,Amoxicillin,138,121,26,24,6,9,0
2026-09-13,Gujarat,Kutch,PHC Kutch Rural Outpost,Azithromycin,126,121,20,20,6,9,0
2026-09-13,Gujarat,Kutch,PHC Kutch Rural Outpost,Ibuprofen,66,121,23,22,6,9,0
2026-09-14,Madhya Pradesh,Guna,PHC Guna Central,Paracetamol,76,170,32,49,0,9,0
2026-09-14,Madhya Pradesh,Guna,PHC Guna Central,ORS,238,170,29,39,0,9,0
2026-09-14,Madhya Pradesh,Guna,PHC Guna Central,Amoxicillin,206,170,23,35,0,9,0
2026-09-14,Madhya Pradesh,Guna,PHC Guna Central,Azithromycin,134,170,17,25,0,9,0
2026-09-14,Madhya Pradesh,Guna,PHC Guna Central,Ibuprofen,79,170,21,29,0,9,0
2026-09-14,Madhya Pradesh,Bhopal,PHC Bhopal West,Paracetamol,299,100,22,27,0,9,0
2026-09-14,Madhya Pradesh,Bhopal,PHC Bhopal West,ORS,372,100,19,23,0,9,0
2026-09-14,Madhya Pradesh,Bhopal,PHC Bhopal West,Amoxicillin,438,100,16,21,0,9,0
2026-09-14,Madhya Pradesh,Bhopal,PHC Bhopal West,Azithromycin,512,100,13,16,0,9,0
2026-09-14,Madhya Pradesh,Bhopal,PHC Bhopal West,Ibuprofen,480,100,14,18,0,9,0
2026-09-14,Madhya Pradesh,Indore,PHC Indore Rural,Paracetamol,291,136,29,37,0,9,0
2026-09-14,Madhya Pradesh,Indore,PHC Indore Rural,ORS,66,136,24,31,0,9,0
2026-09-14,Madhya Pradesh,Indore,PHC Indore Rural,Amoxicillin,152,136,22,28,0,9,0
2026-09-14,Madhya Pradesh,Indore,PHC Indore Rural,Azithromycin,257,136,18,22,0,9,0
2026-09-14,Madhya Pradesh,Indore,PHC Indore Rural,Ibuprofen,211,136,20,25,0,9,0
2026-09-14,Madhya Pradesh,Shivpuri,PHC Shivpuri North,Paracetamol,90,108,20,31,0,9,0
2026-09-14,Madhya Pradesh,Shivpuri,PHC Shivpuri North,ORS,152,108,17,26,0,9,0
2026-09-14,Madhya Pradesh,Shivpuri,PHC Shivpuri North,Amoxicillin,217,108,14,20,0,9,0
2026-09-14,Madhya Pradesh,Shivpuri,PHC Shivpuri North,Azithromycin,290,108,12,17,0,9,0
2026-09-14,Madhya Pradesh,Shivpuri,PHC Shivpuri North,Ibuprofen,252,108,13,19,0,9,0
2026-09-14,Rajasthan,Jaipur,PHC Jaipur Rural North,Paracetamol,114,105,22,29,0,9,0
2026-09-14,Rajasthan,Jaipur,PHC Jaipur Rural North,ORS,189,105,22,23,0,9,0
2026-09-14,Rajasthan,Jaipur,PHC Jaipur Rural North,Amoxicillin,267,105,17,20,0,9,0
2026-09-14,Rajasthan,Jaipur,PHC Jaipur Rural North,Azithromycin,346,105,13,18,0,9,0
2026-09-14,Rajasthan,Jaipur,PHC Jaipur Rural North,Ibuprofen,303,105,15,20,0,9,0
2026-09-14,Rajasthan,Udaipur,PHC Udaipur South,Paracetamol,293,130,29,36,0,9,0
2026-09-14,Rajasthan,Udaipur,PHC Udaipur South,ORS,78,130,24,32,0,9,0
2026-09-14,Rajasthan,Udaipur,PHC Udaipur South,Amoxicillin,167,130,21,26,0,9,0
2026-09-14,Rajasthan,Udaipur,PHC Udaipur South,Azithromycin,262,130,16,22,0,9,0
2026-09-14,Rajasthan,Udaipur,PHC Udaipur South,Ibuprofen,218,130,19,23,0,9,0
2026-09-14,Rajasthan,Jodhpur,PHC Jodhpur Desert Edge,Paracetamol,248,147,32,38,0,9,0
2026-09-14,Rajasthan,Jodhpur,PHC Jodhpur Desert Edge,ORS,176,147,25,37,0,9,0
2026-09-14,Rajasthan,Jodhpur,PHC Jodhpur Desert Edge,Amoxicillin,155,147,23,28,0,9,0
2026-09-14,Rajasthan,Jodhpur,PHC Jodhpur Desert Edge,Azithromycin,96,147,18,23,0,9,0
2026-09-14,Rajasthan,Jodhpur,PHC Jodhpur Desert Edge,Ibuprofen,58,147,20,27,0,9,0
2026-09-14,Rajasthan,Kota,PHC Kota Industrial,Paracetamol,363,95,19,26,0,9,0
2026-09-14,Rajasthan,Kota,PHC Kota Industrial,ORS,430,95,19,24,0,9,0
2026-09-14,Rajasthan,Kota,PHC Kota Industrial,Amoxicillin,79,95,15,20,0,9,0
2026-09-14,Rajasthan,Kota,PHC Kota Industrial,Azithromycin,151,95,12,15,0,9,0
2026-09-14,Rajasthan,Kota,PHC Kota Industrial,Ibuprofen,113,95,14,16,0,9,0
2026-09-14,Maharashtra,Pune,PHC Pune East,Paracetamol,204,112,25,33,0,9,0
2026-09-14,Maharashtra,Pune,PHC Pune East,ORS,278,112,20,28,0,9,0
2026-09-14,Maharashtra,Pune,PHC Pune East,Amoxicillin,352,112,18,22,0,9,0
2026-09-14,Maharashtra,Pune,PHC Pune East,Azithromycin,431,112,15,19,0,9,0
2026-09-14,Maharashtra,Pune,PHC Pune East,Ibuprofen,395,112,17,19,0,9,0
2026-09-14,Maharashtra,Nagpur,PHC Nagpur Rural,Paracetamol,376,139,28,39,0,9,0
2026-09-14,Maharashtra,Nagpur,PHC Nagpur Rural,ORS,127,139,24,36,0,9,0
2026-09-14,Maharashtra,Nagpur,PHC Nagpur Rural,Amoxicillin,212,139,19,26,0,9,0
2026-09-14,Maharashtra,Nagpur,PHC Nagpur Rural,Azithromycin,311,139,17,23,0,9,0
2026-09-14,Maharashtra,Nagpur,PHC Nagpur Rural,Ibuprofen,264,139,18,26,0,9,0
2026-09-14,Maharashtra,Nashik,PHC Nashik Tribal Belt,Paracetamol,205,156,31,47,0,9,0
2026-09-14,Maharashtra,Nashik,PHC Nashik Tribal Belt,ORS,160,156,26,37,0,9,0
2026-09-14,Maharashtra,Nashik,PHC Nashik Tribal Belt,Amoxicillin,192,156,22,30,0,9,0
2026-09-14,Maharashtra,Nashik,PHC Nashik Tribal Belt,Azithromycin,173,156,18,26,0,9,0
2026-09-14,Maharashtra,Nashik,PHC Nashik Tribal Belt,Ibuprofen,109,156,22,28,0,9,0
2026-09-14,Maharashtra,Chhatrapati Sambhajinagar,PHC Aurangabad North,Paracetamol,455,102,19,30,0,9,0
2026-09-14,Maharashtra,Chhatrapati Sambhajinagar,PHC Aurangabad North,ORS,74,102,14,23,0,9,0
2026-09-14,Maharashtra,Chhatrapati Sambhajinagar,PHC Aurangabad North,Amoxicillin,130,102,12,21,0,9,0
2026-09-14,Maharashtra,Chhatrapati Sambhajinagar,PHC Aurangabad North,Azithromycin,195,102,10,17,0,9,0
2026-09-14,Maharashtra,Chhatrapati Sambhajinagar,PHC Aurangabad North,Ibuprofen,160,102,11,18,0,9,0
2026-09-14,Uttar Pradesh,Varanasi,PHC Varanasi Ghats,Paracetamol,58,151,30,43,0,9,0
2026-09-14,Uttar Pradesh,Varanasi,PHC Varanasi Ghats,ORS,165,151,25,34,0,9,0
2026-09-14,Uttar Pradesh,Varanasi,PHC Varanasi Ghats,Amoxicillin,258,151,22,28,0,9,0
2026-09-14,Uttar Pradesh,Varanasi,PHC Varanasi Ghats,Azithromycin,364,151,16,23,0,9,0
2026-09-14,Uttar Pradesh,Varanasi,PHC Varanasi Ghats,Ibuprofen,313,151,18,26,0,9,0
2026-09-14,Uttar Pradesh,Lucknow,PHC Lucknow Central Hub,Paracetamol,399,99,21,27,0,9,0
2026-09-14,Uttar Pradesh,Lucknow,PHC Lucknow Central Hub,ORS,471,99,21,23,0,9,0
2026-09-14,Uttar Pradesh,Lucknow,PHC Lucknow Central Hub,Amoxicillin,540,99,17,20,0,9,0
2026-09-14,Uttar Pradesh,Lucknow,PHC Lucknow Central Hub,Azithromycin,614,99,13,15,0,9,0
2026-09-14,Uttar Pradesh,Lucknow,PHC Lucknow Central Hub,Ibuprofen,577,99,14,18,0,9,0
2026-09-14,Uttar Pradesh,Kanpur Nagar,PHC Kanpur South,Paracetamol,278,109,24,29,0,9,0
2026-09-14,Uttar Pradesh,Kanpur Nagar,PHC Kanpur South,ORS,351,109,20,28,0,9,0
2026-09-14,Uttar Pradesh,Kanpur Nagar,PHC Kanpur South,Amoxicillin,417,109,17,23,0,9,0
2026-09-14,Uttar Pradesh,Kanpur Nagar,PHC Kanpur South,Azithromycin,100,109,14,18,0,9,0
2026-09-14,Uttar Pradesh,Kanpur Nagar,PHC Kanpur South,Ibuprofen,61,109,17,18,0,9,0
2026-09-14,Uttar Pradesh,Gorakhpur,PHC Gorakhpur East,Paracetamol,196,184,34,54,0,9,0
2026-09-14,Uttar Pradesh,Gorakhpur,PHC Gorakhpur East,ORS,105,184,28,47,0,9,0
2026-09-14,Uttar Pradesh,Gorakhpur,PHC Gorakhpur East,Amoxicillin,133,184,25,40,0,9,0
2026-09-14,Uttar Pradesh,Gorakhpur,PHC Gorakhpur East,Azithromycin,66,184,19,31,0,9,0
2026-09-14,Uttar Pradesh,Gorakhpur,PHC Gorakhpur East,Ibuprofen,240,184,20,31,0,9,0
2026-09-14,Gujarat,Ahmedabad,PHC Ahmedabad Metro East,Paracetamol,374,106,20,28,0,9,0
2026-09-14,Gujarat,Ahmedabad,PHC Ahmedabad Metro East,ORS,428,106,18,26,0,9,0
2026-09-14,Gujarat,Ahmedabad,PHC Ahmedabad Metro East,Amoxicillin,506,106,15,22,0,9,0
2026-09-14,Gujarat,Ahmedabad,PHC Ahmedabad Metro East,Azithromycin,568,106,12,18,0,9,0
2026-09-14,Gujarat,Ahmedabad,PHC Ahmedabad Metro East,Ibuprofen,537,106,13,20,0,9,0
2026-09-14,Gujarat,Surat,PHC Surat Coastal,Paracetamol,363,124,27,35,0,9,0
2026-09-14,Gujarat,Surat,PHC Surat Coastal,ORS,456,124,21,29,0,9,0
2026-09-14,Gujarat,Surat,PHC Surat Coastal,Amoxicillin,57,124,17,24,0,9,0
2026-09-14,Gujarat,Surat,PHC Surat Coastal,Azithromycin,133,124,16,20,0,9,0
2026-09-14,Gujarat,Surat,PHC Surat Coastal,Ibuprofen,90,124,16,23,0,9,0
2026-09-14,Gujarat,Rajkot,PHC Rajkot West,Paracetamol,52,100,18,26,0,9,0
2026-09-14,Gujarat,Rajkot,PHC Rajkot West,ORS,109,100,15,24,0,9,0
2026-09-14,Gujarat,Rajkot,PHC Rajkot West,Amoxicillin,180,100,14,19,0,9,0
2026-09-14,Gujarat,Rajkot,PHC Rajkot West,Azithromycin,243,100,10,17,0,9,0
2026-09-14,Gujarat,Rajkot,PHC Rajkot West,Ibuprofen,213,100,12,18,0,9,0
2026-09-14,Gujarat,Kutch,PHC Kutch Rural Outpost,Paracetamol,89,172,34,47,0,9,0
2026-09-14,Gujarat,Kutch,PHC Kutch Rural Outpost,ORS,57,172,29,38,0,9,0
2026-09-14,Gujarat,Kutch,PHC Kutch Rural Outpost,Amoxicillin,114,172,24,36,0,9,0
2026-09-14,Gujarat,Kutch,PHC Kutch Rural Outpost,Azithromycin,106,172,20,29,0,9,0
2026-09-14,Gujarat,Kutch,PHC Kutch Rural Outpost,Ibuprofen,44,172,22,32,0,9,0
2026-09-15,Madhya Pradesh,Guna,PHC Guna Central,Paracetamol,277,165,49,47,1,9,0
2026-09-15,Madhya Pradesh,Guna,PHC Guna Central,ORS,199,165,39,39,1,9,0
2026-09-15,Madhya Pradesh,Guna,PHC Guna Central,Amoxicillin,171,165,35,31,1,9,0
2026-09-15,Madhya Pradesh,Guna,PHC Guna Central,Azithromycin,109,165,25,27,1,9,0
2026-09-15,Madhya Pradesh,Guna,PHC Guna Central,Ibuprofen,50,165,29,28,1,9,0
2026-09-15,Madhya Pradesh,Bhopal,PHC Bhopal West,Paracetamol,272,105,27,28,1,9,0
2026-09-15,Madhya Pradesh,Bhopal,PHC Bhopal West,ORS,349,105,23,24,1,9,0
2026-09-15,Madhya Pradesh,Bhopal,PHC Bhopal West,Amoxicillin,417,105,21,22,1,9,0
2026-09-15,Madhya Pradesh,Bhopal,PHC Bhopal West,Azithromycin,496,105,16,16,1,9,0
2026-09-15,Madhya Pradesh,Bhopal,PHC Bhopal West,Ibuprofen,462,105,18,19,1,9,0
2026-09-15,Madhya Pradesh,Indore,PHC Indore Rural,Paracetamol,254,143,37,40,1,9,0
2026-09-15,Madhya Pradesh,Indore,PHC Indore Rural,ORS,355,143,31,33,1,9,0
2026-09-15,Madhya Pradesh,Indore,PHC Indore Rural,Amoxicillin,124,143,28,29,1,9,0
2026-09-15,Madhya Pradesh,Indore,PHC Indore Rural,Azithromycin,235,143,22,21,1,9,0
2026-09-15,Madhya Pradesh,Indore,PHC Indore Rural,Ibuprofen,186,143,25,24,1,9,0
2026-09-15,Madhya Pradesh,Shivpuri,PHC Shivpuri North,Paracetamol,59,105,31,29,1,9,0
2026-09-15,Madhya Pradesh,Shivpuri,PHC Shivpuri North,ORS,126,105,26,24,1,9,0
2026-09-15,Madhya Pradesh,Shivpuri,PHC Shivpuri North,Amoxicillin,197,105,20,22,1,9,0
2026-09-15,Madhya Pradesh,Shivpuri,PHC Shivpuri North,Azithromycin,273,105,17,17,1,9,0
2026-09-15,Madhya Pradesh,Shivpuri,PHC Shivpuri North,Ibuprofen,233,105,19,17,1,9,0
2026-09-15,Rajasthan,Jaipur,PHC Jaipur Rural North,Paracetamol,85,119,29,32,1,9,0
2026-09-15,Rajasthan,Jaipur,PHC Jaipur Rural North,ORS,166,119,23,29,1,9,0
2026-09-15,Rajasthan,Jaipur,PHC Jaipur Rural North,Amoxicillin,247,119,20,22,1,9,0
2026-09-15,Rajasthan,Jaipur,PHC Jaipur Rural North,Azithromycin,328,119,18,19,1,9,0
2026-09-15,Rajasthan,Jaipur,PHC Jaipur Rural North,Ibuprofen,283,119,20,20,1,9,0
2026-09-15,Rajasthan,Udaipur,PHC Udaipur South,Paracetamol,257,137,36,37,1,9,0
2026-09-15,Rajasthan,Udaipur,PHC Udaipur South,ORS,46,137,32,34,1,9,0
2026-09-15,Rajasthan,Udaipur,PHC Udaipur South,Amoxicillin,141,137,26,26,1,9,0
2026-09-15,Rajasthan,Udaipur,PHC Udaipur South,Azithromycin,240,137,22,21,1,9,0
2026-09-15,Rajasthan,Udaipur,PHC Udaipur South,Ibuprofen,195,137,23,26,1,9,0
2026-09-15,Rajasthan,Jodhpur,PHC Jodhpur Desert Edge,Paracetamol,210,148,38,41,1,9,0
2026-09-15,Rajasthan,Jodhpur,PHC Jodhpur Desert Edge,ORS,139,148,37,34,1,9,0
2026-09-15,Rajasthan,Jodhpur,PHC Jodhpur Desert Edge,Amoxicillin,127,148,28,31,1,9,0
2026-09-15,Rajasthan,Jodhpur,PHC Jodhpur Desert Edge,Azithromycin,73,148,23,23,1,9,0
2026-09-15,Rajasthan,Jodhpur,PHC Jodhpur Desert Edge,Ibuprofen,251,148,27,27,1,9,0
2026-09-15,Rajasthan,Kota,PHC Kota Industrial,Paracetamol,337,104,26,27,1,9,0
2026-09-15,Rajasthan,Kota,PHC Kota Industrial,ORS,406,104,24,25,1,9,0
2026-09-15,Rajasthan,Kota,PHC Kota Industrial,Amoxicillin,59,104,20,20,1,9,0
2026-09-15,Rajasthan,Kota,PHC Kota Industrial,Azithromycin,136,104,15,16,1,9,0
2026-09-15,Rajasthan,Kota,PHC Kota Industrial,Ibuprofen,97,104,16,19,1,9,0
2026-09-15,Maharashtra,Pune,PHC Pune East,Paracetamol,171,110,33,32,1,9,0
2026-09-15,Maharashtra,Pune,PHC Pune East,ORS,250,110,28,28,1,9,0
2026-09-15,Maharashtra,Pune,PHC Pune East,Amoxicillin,330,110,22,24,1,9,0
2026-09-15,Maharashtra,Pune,PHC Pune East,Azithromycin,412,110,19,17,1,9,0
2026-09-15,Maharashtra,Pune,PHC Pune East,Ibuprofen,376,110,19,19,1,9,0
2026-09-15,Maharashtra,Nagpur,PHC Nagpur Rural,Paracetamol,337,129,39,35,1,9,0
2026-09-15,Maharashtra,Nagpur,PHC Nagpur Rural,ORS,91,129,36,32,1,9,0
2026-09-15,Maharashtra,Nagpur,PHC Nagpur Rural,Amoxicillin,186,129,26,24,1,9,0
2026-09-15,Maharashtra,Nagpur,PHC Nagpur Rural,Azithromycin,288,129,23,20,1,9,0
2026-09-15,Maharashtra,Nagpur,PHC Nagpur Rural,Ibuprofen,238,129,26,25,1,9,0
2026-09-15,Maharashtra,Nashik,PHC Nashik Tribal Belt,Paracetamol,158,153,47,45,1,9,0
2026-09-15,Maharashtra,Nashik,PHC Nashik Tribal Belt,ORS,123,153,37,38,1,9,0
2026-09-15,Maharashtra,Nashik,PHC Nashik Tribal Belt,Amoxicillin,162,153,30,29,1,9,0
2026-09-15,Maharashtra,Nashik,PHC Nashik Tribal Belt,Azithromycin,147,153,26,26,1,9,0
2026-09-15,Maharashtra,Nashik,PHC Nashik Tribal Belt,Ibuprofen,81,153,28,26,1,9,0
2026-09-15,Maharashtra,Chhatrapati Sambhajinagar,PHC Aurangabad North,Paracetamol,425,95,30,25,1,9,0
2026-09-15,Maharashtra,Chhatrapati Sambhajinagar,PHC Aurangabad North,ORS,51,95,23,23,1,9,0
2026-09-15,Maharashtra,Chhatrapati Sambhajinagar,PHC Aurangabad North,Amoxicillin,109,95,21,19,1,9,0
2026-09-15,Maharashtra,Chhatrapati Sambhajinagar,PHC Aurangabad North,Azithromycin,178,95,17,16,1,9,0
2026-09-15,Maharashtra,Chhatrapati Sambhajinagar,PHC Aurangabad North,Ibuprofen,142,95,18,17,1,9,0
2026-09-15,Uttar Pradesh,Varanasi,PHC Varanasi Ghats,Paracetamol,395,142,43,39,1,9,0
2026-09-15,Uttar Pradesh,Varanasi,PHC Varanasi Ghats,ORS,131,142,34,35,1,9,0
2026-09-15,Uttar Pradesh,Varanasi,PHC Varanasi Ghats,Amoxicillin,230,142,28,30,1,9,0
2026-09-15,Uttar Pradesh,Varanasi,PHC Varanasi Ghats,Azithromycin,341,142,23,21,1,9,0
2026-09-15,Uttar Pradesh,Varanasi,PHC Varanasi Ghats,Ibuprofen,287,142,26,24,1,9,0
2026-09-15,Uttar Pradesh,Lucknow,PHC Lucknow Central Hub,Paracetamol,372,110,27,31,1,9,0
2026-09-15,Uttar Pradesh,Lucknow,PHC Lucknow Central Hub,ORS,448,110,23,26,1,9,0
2026-09-15,Uttar Pradesh,Lucknow,PHC Lucknow Central Hub,Amoxicillin,520,110,20,24,1,9,0
2026-09-15,Uttar Pradesh,Lucknow,PHC Lucknow Central Hub,Azithromycin,599,110,15,17,1,9,0
2026-09-15,Uttar Pradesh,Lucknow,PHC Lucknow Central Hub,Ibuprofen,559,110,18,19,1,9,0
2026-09-15,Uttar Pradesh,Kanpur Nagar,PHC Kanpur South,Paracetamol,249,109,29,28,1,9,0
2026-09-15,Uttar Pradesh,Kanpur Nagar,PHC Kanpur South,ORS,323,109,28,26,1,9,0
2026-09-15,Uttar Pradesh,Kanpur Nagar,PHC Kanpur South,Amoxicillin,394,109,23,22,1,9,0
2026-09-15,Uttar Pradesh,Kanpur Nagar,PHC Kanpur South,Azithromycin,82,109,18,18,1,9,0
2026-09-15,Uttar Pradesh,Kanpur Nagar,PHC Kanpur South,Ibuprofen,43,109,18,20,1,9,0
2026-09-15,Uttar Pradesh,Gorakhpur,PHC Gorakhpur East,Paracetamol,142,180,54,53,1,9,0
2026-09-15,Uttar Pradesh,Gorakhpur,PHC Gorakhpur East,ORS,58,180,47,44,1,9,0
2026-09-15,Uttar Pradesh,Gorakhpur,PHC Gorakhpur East,Amoxicillin,93,180,40,35,1,9,0
2026-09-15,Uttar Pradesh,Gorakhpur,PHC Gorakhpur East,Azithromycin,275,180,31,29,1,9,0
2026-09-15,Uttar Pradesh,Gorakhpur,PHC Gorakhpur East,Ibuprofen,209,180,31,32,1,9,0
2026-09-15,Gujarat,Ahmedabad,PHC Ahmedabad Metro East,Paracetamol,346,104,28,28,1,9,0
2026-09-15,Gujarat,Ahmedabad,PHC Ahmedabad Metro East,ORS,402,104,26,23,1,9,0
2026-09-15,Gujarat,Ahmedabad,PHC Ahmedabad Metro East,Amoxicillin,484,104,22,22,1,9,0
2026-09-15,Gujarat,Ahmedabad,PHC Ahmedabad Metro East,Azithromycin,550,104,18,18,1,9,0
2026-09-15,Gujarat,Ahmedabad,PHC Ahmedabad Metro East,Ibuprofen,517,104,20,19,1,9,0
2026-09-15,Gujarat,Surat,PHC Surat Coastal,Paracetamol,328,118,35,33,1,9,0
2026-09-15,Gujarat,Surat,PHC Surat Coastal,ORS,427,118,29,29,1,9,0
2026-09-15,Gujarat,Surat,PHC Surat Coastal,Amoxicillin,513,118,24,24,1,9,0
2026-09-15,Gujarat,Surat,PHC Surat Coastal,Azithromycin,113,118,20,20,1,9,0
2026-09-15,Gujarat,Surat,PHC Surat Coastal,Ibuprofen,67,118,23,23,1,9,0
2026-09-15,Gujarat,Rajkot,PHC Rajkot West,Paracetamol,526,101,26,27,1,9,0
2026-09-15,Gujarat,Rajkot,PHC Rajkot West,ORS,85,101,24,26,1,9,0
2026-09-15,Gujarat,Rajkot,PHC Rajkot West,Amoxicillin,161,101,19,20,1,9,0
2026-09-15,Gujarat,Rajkot,PHC Rajkot West,Azithromycin,226,101,17,16,1,9,0
2026-09-15,Gujarat,Rajkot,PHC Rajkot West,Ibuprofen,195,101,18,19,1,9,0
2026-09-15,Gujarat,Kutch,PHC Kutch Rural Outpost,Paracetamol,42,169,47,51,1,9,0
2026-09-15,Gujarat,Kutch,PHC Kutch Rural Outpost,ORS,199,169,38,42,1,9,0
2026-09-15,Gujarat,Kutch,PHC Kutch Rural Outpost,Amoxicillin,78,169,36,31,1,9,0
2026-09-15,Gujarat,Kutch,PHC Kutch Rural Outpost,Azithromycin,77,169,29,25,1,9,0
2026-09-15,Gujarat,Kutch,PHC Kutch Rural Outpost,Ibuprofen,192,169,32,29,1,9,0
2026-09-16,Madhya Pradesh,Guna,PHC Guna Central,Paracetamol,230,133,47,35,2,9,0
2026-09-16,Madhya Pradesh,Guna,PHC Guna Central,ORS,160,133,39,33,2,9,0
2026-09-16,Madhya Pradesh,Guna,PHC Guna Central,Amoxicillin,140,133,31,27,2,9,0
2026-09-16,Madhya Pradesh,Guna,PHC Guna Central,Azithromycin,82,133,27,22,2,9,0
2026-09-16,Madhya Pradesh,Guna,PHC Guna Central,Ibuprofen,272,133,28,24,2,9,0
2026-09-16,Madhya Pradesh,Bhopal,PHC Bhopal West,Paracetamol,244,89,28,26,2,9,0
2026-09-16,Madhya Pradesh,Bhopal,PHC Bhopal West,ORS,325,89,24,20,2,9,0
2026-09-16,Madhya Pradesh,Bhopal,PHC Bhopal West,Amoxicillin,395,89,22,18,2,9,0
2026-09-16,Madhya Pradesh,Bhopal,PHC Bhopal West,Azithromycin,480,89,16,15,2,9,0
2026-09-16,Madhya Pradesh,Bhopal,PHC Bhopal West,Ibuprofen,443,89,19,15,2,9,0
2026-09-16,Madhya Pradesh,Indore,PHC Indore Rural,Paracetamol,214,117,40,33,2,9,0
2026-09-16,Madhya Pradesh,Indore,PHC Indore Rural,ORS,322,117,33,27,2,9,0
2026-09-16,Madhya Pradesh,Indore,PHC Indore Rural,Amoxicillin,95,117,29,25,2,9,0
2026-09-16,Madhya Pradesh,Indore,PHC Indore Rural,Azithromycin,214,117,21,19,2,9,0
2026-09-16,Madhya Pradesh,Indore,PHC Indore Rural,Ibuprofen,162,117,24,21,2,9,0
2026-09-16,Madhya Pradesh,Shivpuri,PHC Shivpuri North,Paracetamol,310,87,29,26,2,9,0
2026-09-16,Madhya Pradesh,Shivpuri,PHC Shivpuri North,ORS,102,87,24,21,2,9,0
2026-09-16,Madhya Pradesh,Shivpuri,PHC Shivpuri North,Amoxicillin,175,87,22,16,2,9,0
2026-09-16,Madhya Pradesh,Shivpuri,PHC Shivpuri North,Azithromycin,256,87,17,14,2,9,0
2026-09-16,Madhya Pradesh,Shivpuri,PHC Shivpuri North,Ibuprofen,216,87,17,16,2,9,0
2026-09-16,Rajasthan,Jaipur,PHC Jaipur Rural North,Paracetamol,53,101,32,26,2,9,0
2026-09-16,Rajasthan,Jaipur,PHC Jaipur Rural North,ORS,137,101,29,23,2,9,0
2026-09-16,Rajasthan,Jaipur,PHC Jaipur Rural North,Amoxicillin,225,101,22,20,2,9,0
2026-09-16,Rajasthan,Jaipur,PHC Jaipur Rural North,Azithromycin,309,101,19,16,2,9,0
2026-09-16,Rajasthan,Jaipur,PHC Jaipur Rural North,Ibuprofen,263,101,20,18,2,9,0
2026-09-16,Rajasthan,Udaipur,PHC Udaipur South,Paracetamol,220,107,37,31,2,9,0
2026-09-16,Rajasthan,Udaipur,PHC Udaipur South,ORS,322,107,34,27,2,9,0
2026-09-16,Rajasthan,Udaipur,PHC Udaipur South,Amoxicillin,115,107,26,20,2,9,0
2026-09-16,Rajasthan,Udaipur,PHC Udaipur South,Azithromycin,219,107,21,18,2,9,0
2026-09-16,Rajasthan,Udaipur,PHC Udaipur South,Ibuprofen,169,107,26,20,2,9,0
2026-09-16,Rajasthan,Jodhpur,PHC Jodhpur Desert Edge,Paracetamol,169,125,41,38,2,9,0
2026-09-16,Rajasthan,Jodhpur,PHC Jodhpur Desert Edge,ORS,105,125,34,30,2,9,0
2026-09-16,Rajasthan,Jodhpur,PHC Jodhpur Desert Edge,Amoxicillin,96,125,31,26,2,9,0
2026-09-16,Rajasthan,Jodhpur,PHC Jodhpur Desert Edge,Azithromycin,50,125,23,21,2,9,0
2026-09-16,Rajasthan,Jodhpur,PHC Jodhpur Desert Edge,Ibuprofen,224,125,27,21,2,9,0
2026-09-16,Rajasthan,Kota,PHC Kota Industrial,Paracetamol,310,79,27,23,2,9,0
2026-09-16,Rajasthan,Kota,PHC Kota Industrial,ORS,381,79,25,18,2,9,0
2026-09-16,Rajasthan,Kota,PHC Kota Industrial,Amoxicillin,459,79,20,17,2,9,0
2026-09-16,Rajasthan,Kota,PHC Kota Industrial,Azithromycin,120,79,16,13,2,9,0
2026-09-16,Rajasthan,Kota,PHC Kota Industrial,Ibuprofen,78,79,19,13,2,9,0
2026-09-16,Maharashtra,Pune,PHC Pune East,Paracetamol,139,105,32,28,2,9,0
2026-09-16,Maharashtra,Pune,PHC Pune East,ORS,222,105,28,23,2,9,0
2026-09-16,Maharashtra,Pune,PHC Pune East,Amoxicillin,306,105,24,22,2,9,0
2026-09-16,Maharashtra,Pune,PHC Pune East,Azithromycin,395,105,17,17,2,9,0
2026-09-16,Maharashtra,Pune,PHC Pune East,Ibuprofen,357,105,19,18,2,9,0
2026-09-16,Maharashtra,Nagpur,PHC Nagpur Rural,Paracetamol,302,114,35,31,2,9,0
2026-09-16,Maharashtra,Nagpur,PHC Nagpur Rural,ORS,59,114,32,27,2,9,0
2026-09-16,Maharashtra,Nagpur,PHC Nagpur Rural,Amoxicillin,162,114,24,23,2,9,0
2026-09-16,Maharashtra,Nagpur,PHC Nagpur Rural,Azithromycin,268,114,20,18,2,9,0
2026-09-16,Maharashtra,Nagpur,PHC Nagpur Rural,Ibuprofen,213,114,25,20,2,9,0
2026-09-16,Maharashtra,Nashik,PHC Nashik Tribal Belt,Paracetamol,113,129,45,37,2,9,0
2026-09-16,Maharashtra,Nashik,PHC Nashik Tribal Belt,ORS,85,129,38,32,2,9,0
2026-09-16,Maharashtra,Nashik,PHC Nashik Tribal Belt,Amoxicillin,133,129,29,25,2,9,0
2026-09-16,Maharashtra,Nashik,PHC Nashik Tribal Belt,Azithromycin,121,129,26,21,2,9,0
2026-09-16,Maharashtra,Nashik,PHC Nashik Tribal Belt,Ibuprofen,55,129,26,22,2,9,0
2026-09-16,Maharashtra,Chhatrapati Sambhajinagar,PHC Aurangabad North,Paracetamol,400,86,25,23,2,9,0
2026-09-16,Maharashtra,Chhatrapati Sambhajinagar,PHC Aurangabad North,ORS,478,86,23,21,2,9,0
2026-09-16,Maharashtra,Chhatrapati Sambhajinagar,PHC Aurangabad North,Amoxicillin,90,86,19,17,2,9,0
2026-09-16,Maharashtra,Chhatrapati Sambhajinagar,PHC Aurangabad North,Azithromycin,162,86,16,13,2,9,0
2026-09-16,Maharashtra,Chhatrapati Sambhajinagar,PHC Aurangabad North,Ibuprofen,125,86,17,17,2,9,0
2026-09-16,Uttar Pradesh,Varanasi,PHC Varanasi Ghats,Paracetamol,356,131,39,37,2,9,0
2026-09-16,Uttar Pradesh,Varanasi,PHC Varanasi Ghats,ORS,96,131,35,34,2,9,0
2026-09-16,Uttar Pradesh,Varanasi,PHC Varanasi Ghats,Amoxicillin,200,131,30,27,2,9,0
2026-09-16,Uttar Pradesh,Varanasi,PHC Varanasi Ghats,Azithromycin,320,131,21,21,2,9,0
2026-09-16,Uttar Pradesh,Varanasi,PHC Varanasi Ghats,Ibuprofen,263,131,24,23,2,9,0
2026-09-16,Uttar Pradesh,Lucknow,PHC Lucknow Central Hub,Paracetamol,341,89,31,26,2,9,0
2026-09-16,Uttar Pradesh,Lucknow,PHC Lucknow Central Hub,ORS,422,89,26,21,2,9,0
2026-09-16,Uttar Pradesh,Lucknow,PHC Lucknow Central Hub,Amoxicillin,496,89,24,17,2,9,0
2026-09-16,Uttar Pradesh,Lucknow,PHC Lucknow Central Hub,Azithromycin,582,89,17,14,2,9,0
2026-09-16,Uttar Pradesh,Lucknow,PHC Lucknow Central Hub,Ibuprofen,540,89,19,16,2,9,0
2026-09-16,Uttar Pradesh,Kanpur Nagar,PHC Kanpur South,Paracetamol,221,101,28,27,2,9,0
2026-09-16,Uttar Pradesh,Kanpur Nagar,PHC Kanpur South,ORS,297,101,26,25,2,9,0
2026-09-16,Uttar Pradesh,Kanpur Nagar,PHC Kanpur South,Amoxicillin,372,101,22,22,2,9,0
2026-09-16,Uttar Pradesh,Kanpur Nagar,PHC Kanpur South,Azithromycin,64,101,18,17,2,9,0
2026-09-16,Uttar Pradesh,Kanpur Nagar,PHC Kanpur South,Ibuprofen,423,101,20,17,2,9,0
2026-09-16,Uttar Pradesh,Gorakhpur,PHC Gorakhpur East,Paracetamol,89,149,53,40,2,9,0
2026-09-16,Uttar Pradesh,Gorakhpur,PHC Gorakhpur East,ORS,254,149,44,38,2,9,0
2026-09-16,Uttar Pradesh,Gorakhpur,PHC Gorakhpur East,Amoxicillin,58,149,35,29,2,9,0
2026-09-16,Uttar Pradesh,Gorakhpur,PHC Gorakhpur East,Azithromycin,246,149,29,24,2,9,0
2026-09-16,Uttar Pradesh,Gorakhpur,PHC Gorakhpur East,Ibuprofen,177,149,32,25,2,9,0
2026-09-16,Gujarat,Ahmedabad,PHC Ahmedabad Metro East,Paracetamol,318,80,28,23,2,9,0
2026-09-16,Gujarat,Ahmedabad,PHC Ahmedabad Metro East,ORS,379,80,23,19,2,9,0
2026-09-16,Gujarat,Ahmedabad,PHC Ahmedabad Metro East,Amoxicillin,462,80,22,16,2,9,0
2026-09-16,Gujarat,Ahmedabad,PHC Ahmedabad Metro East,Azithromycin,532,80,18,13,2,9,0
2026-09-16,Gujarat,Ahmedabad,PHC Ahmedabad Metro East,Ibuprofen,498,80,19,15,2,9,0
2026-09-16,Gujarat,Surat,PHC Surat Coastal,Paracetamol,295,105,33,31,2,9,0
2026-09-16,Gujarat,Surat,PHC Surat Coastal,ORS,398,105,29,24,2,9,0
2026-09-16,Gujarat,Surat,PHC Surat Coastal,Amoxicillin,489,105,24,22,2,9,0
2026-09-16,Gujarat,Surat,PHC Surat Coastal,Azithromycin,93,105,20,18,2,9,0
2026-09-16,Gujarat,Surat,PHC Surat Coastal,Ibuprofen,44,105,23,18,2,9,0
2026-09-16,Gujarat,Rajkot,PHC Rajkot West,Paracetamol,499,72,27,20,2,9,0
2026-09-16,Gujarat,Rajkot,PHC Rajkot West,ORS,59,72,26,17,2,9,0
2026-09-16,Gujarat,Rajkot,PHC Rajkot West,Amoxicillin,141,72,20,14,2,9,0
2026-09-16,Gujarat,Rajkot,PHC Rajkot West,Azithromycin,210,72,16,12,2,9,0
2026-09-16,Gujarat,Rajkot,PHC Rajkot West,Ibuprofen,176,72,19,14,2,9,0
2026-09-16,Gujarat,Kutch,PHC Kutch Rural Outpost,Paracetamol,171,147,51,38,2,9,0
2026-09-16,Gujarat,Kutch,PHC Kutch Rural Outpost,ORS,157,147,42,36,2,9,0
2026-09-16,Gujarat,Kutch,PHC Kutch Rural Outpost,Amoxicillin,47,147,31,31,2,9,0
2026-09-16,Gujarat,Kutch,PHC Kutch Rural Outpost,Azithromycin,52,147,25,24,2,9,0
2026-09-16,Gujarat,Kutch,PHC Kutch Rural Outpost,Ibuprofen,163,147,29,25,2,9,0
2026-09-17,Madhya Pradesh,Guna,PHC Guna Central,Paracetamol,195,224,35,99,3,9,1
2026-09-17,Madhya Pradesh,Guna,PHC Guna Central,ORS,127,224,33,91,3,9,1
2026-09-17,Madhya Pradesh,Guna,PHC Guna Central,Amoxicillin,113,224,27,60,3,9,1
2026-09-17,Madhya Pradesh,Guna,PHC Guna Central,Azithromycin,60,224,22,54,3,9,1
2026-09-17,Madhya Pradesh,Guna,PHC Guna Central,Ibuprofen,248,224,24,54,3,9,1
2026-09-17,Madhya Pradesh,Bhopal,PHC Bhopal West,Paracetamol,218,83,26,25,3,9,0
2026-09-17,Madhya Pradesh,Bhopal,PHC Bhopal West,ORS,305,83,20,21,3,9,0
2026-09-17,Madhya Pradesh,Bhopal,PHC Bhopal West,Amoxicillin,377,83,18,17,3,9,0
2026-09-17,Madhya Pradesh,Bhopal,PHC Bhopal West,Azithromycin,465,83,15,14,3,9,0
2026-09-17,Madhya Pradesh,Bhopal,PHC Bhopal West,Ibuprofen,428,83,15,15,3,9,0
2026-09-17,Madhya Pradesh,Indore,PHC Indore Rural,Paracetamol,181,128,33,33,3,9,0
2026-09-17,Madhya Pradesh,Indore,PHC Indore Rural,ORS,295,128,27,29,3,9,0
2026-09-17,Madhya Pradesh,Indore,PHC Indore Rural,Amoxicillin,70,128,25,24,3,9,0
2026-09-17,Madhya Pradesh,Indore,PHC Indore Rural,Azithromycin,195,128,19,22,3,9,0
2026-09-17,Madhya Pradesh,Indore,PHC Indore Rural,Ibuprofen,141,128,21,21,3,9,0
2026-09-17,Madhya Pradesh,Shivpuri,PHC Shivpuri North,Paracetamol,284,86,26,24,3,9,0
2026-09-17,Madhya Pradesh,Shivpuri,PHC Shivpuri North,ORS,81,86,21,22,3,9,0
2026-09-17,Madhya Pradesh,Shivpuri,PHC Shivpuri North,Amoxicillin,159,86,16,16,3,9,0
2026-09-17,Madhya Pradesh,Shivpuri,PHC Shivpuri North,Azithromycin,242,86,14,13,3,9,0
2026-09-17,Madhya Pradesh,Shivpuri,PHC Shivpuri North,Ibuprofen,200,86,16,15,3,9,0
2026-09-17,Rajasthan,Jaipur,PHC Jaipur Rural North,Paracetamol,677,100,26,29,3,9,0
2026-09-17,Rajasthan,Jaipur,PHC Jaipur Rural North,ORS,114,100,23,25,3,9,0
2026-09-17,Rajasthan,Jaipur,PHC Jaipur Rural North,Amoxicillin,205,100,20,19,3,9,0
2026-09-17,Rajasthan,Jaipur,PHC Jaipur Rural North,Azithromycin,293,100,16,15,3,9,0
2026-09-17,Rajasthan,Jaipur,PHC Jaipur Rural North,Ibuprofen,245,100,18,17,3,9,0
2026-09-17,Rajasthan,Udaipur,PHC Udaipur South,Paracetamol,189,105,31,31,3,9,0
2026-09-17,Rajasthan,Udaipur,PHC Udaipur South,ORS,295,105,27,26,3,9,0
2026-09-17,Rajasthan,Udaipur,PHC Udaipur South,Amoxicillin,95,105,20,20,3,9,0
2026-09-17,Rajasthan,Udaipur,PHC Udaipur South,Azithromycin,201,105,18,16,3,9,0
2026-09-17,Rajasthan,Udaipur,PHC Udaipur South,Ibuprofen,149,105,20,19,3,9,0
2026-09-17,Rajasthan,Jodhpur,PHC Jodhpur Desert Edge,Paracetamol,131,207,38,96,3,9,1
2026-09-17,Rajasthan,Jodhpur,PHC Jodhpur Desert Edge,ORS,75,207,30,91,3,9,1
2026-09-17,Rajasthan,Jodhpur,PHC Jodhpur Desert Edge,Amoxicillin,70,207,26,57,3,9,1
2026-09-17,Rajasthan,Jodhpur,PHC Jodhpur Desert Edge,Azithromycin,249,207,21,45,3,9,1
2026-09-17,Rajasthan,Jodhpur,PHC Jodhpur Desert Edge,Ibuprofen,203,207,21,47,3,9,1
2026-09-17,Rajasthan,Kota,PHC Kota Industrial,Paracetamol,287,79,23,21,3,9,0
2026-09-17,Rajasthan,Kota,PHC Kota Industrial,ORS,363,79,18,20,3,9,0
2026-09-17,Rajasthan,Kota,PHC Kota Industrial,Amoxicillin,442,79,17,17,3,9,0
2026-09-17,Rajasthan,Kota,PHC Kota Industrial,Azithromycin,107,79,13,13,3,9,0
2026-09-17,Rajasthan,Kota,PHC Kota Industrial,Ibuprofen,65,79,13,13,3,9,0
2026-09-17,Maharashtra,Pune,PHC Pune East,Paracetamol,111,105,28,29,3,9,0
2026-09-17,Maharashtra,Pune,PHC Pune East,ORS,199,105,23,24,3,9,0
2026-09-17,Maharashtra,Pune,PHC Pune East,Amoxicillin,284,105,22,20,3,9,0
2026-09-17,Maharashtra,Pune,PHC Pune East,Azithromycin,378,105,17,16,3,9,0
2026-09-17,Maharashtra,Pune,PHC Pune East,Ibuprofen,339,105,18,19,3,9,0
2026-09-17,Maharashtra,Nagpur,PHC Nagpur Rural,Paracetamol,271,118,31,32,3,9,0
2026-09-17,Maharashtra,Nagpur,PHC Nagpur Rural,ORS,372,118,27,31,3,9,0
2026-09-17,Maharashtra,Nagpur,PHC Nagpur Rural,Amoxicillin,139,118,23,22,3,9,0
2026-09-17,Maharashtra,Nagpur,PHC Nagpur Rural,Azithromycin,250,118,18,19,3,9,0
2026-09-17,Maharashtra,Nagpur,PHC Nagpur Rural,Ibuprofen,193,118,20,21,3,9,0
2026-09-17,Maharashtra,Nashik,PHC Nashik Tribal Belt,Paracetamol,76,220,37,98,3,9,1
2026-09-17,Maharashtra,Nashik,PHC Nashik Tribal Belt,ORS,53,220,32,89,3,9,1
2026-09-17,Maharashtra,Nashik,PHC Nashik Tribal Belt,Amoxicillin,108,220,25,67,3,9,1
2026-09-17,Maharashtra,Nashik,PHC Nashik Tribal Belt,Azithromycin,100,220,21,46,3,9,1
2026-09-17,Maharashtra,Nashik,PHC Nashik Tribal Belt,Ibuprofen,223,220,22,47,3,9,1
2026-09-17,Maharashtra,Chhatrapati Sambhajinagar,PHC Aurangabad North,Paracetamol,377,85,23,26,3,9,0
2026-09-17,Maharashtra,Chhatrapati Sambhajinagar,PHC Aurangabad North,ORS,457,85,21,19,3,9,0
2026-09-17,Maharashtra,Chhatrapati Sambhajinagar,PHC Aurangabad North,Amoxicillin,73,85,17,18,3,9,0
2026-09-17,Maharashtra,Chhatrapati Sambhajinagar,PHC Aurangabad North,Azithromycin,149,85,13,13,3,9,0
2026-09-17,Maharashtra,Chhatrapati Sambhajinagar,PHC Aurangabad North,Ibuprofen,108,85,17,16,3,9,0
2026-09-17,Uttar Pradesh,Varanasi,PHC Varanasi Ghats,Paracetamol,319,127,37,36,3,9,0
2026-09-17,Uttar Pradesh,Varanasi,PHC Varanasi Ghats,ORS,62,127,34,29,3,9,0
2026-09-17,Uttar Pradesh,Varanasi,PHC Varanasi Ghats,Amoxicillin,173,127,27,27,3,9,0
2026-09-17,Uttar Pradesh,Varanasi,PHC Varanasi Ghats,Azithromycin,299,127,21,19,3,9,0
2026-09-17,Uttar Pradesh,Varanasi,PHC Varanasi Ghats,Ibuprofen,240,127,23,21,3,9,0
2026-09-17,Uttar Pradesh,Lucknow,PHC Lucknow Central Hub,Paracetamol,315,96,26,27,3,9,0
2026-09-17,Uttar Pradesh,Lucknow,PHC Lucknow Central Hub,ORS,401,96,21,22,3,9,0
2026-09-17,Uttar Pradesh,Lucknow,PHC Lucknow Central Hub,Amoxicillin,479,96,17,20,3,9,0
2026-09-17,Uttar Pradesh,Lucknow,PHC Lucknow Central Hub,Azithromycin,568,96,14,16,3,9,0
2026-09-17,Uttar Pradesh,Lucknow,PHC Lucknow Central Hub,Ibuprofen,524,96,16,17,3,9,0
2026-09-17,Uttar Pradesh,Kanpur Nagar,PHC Kanpur South,Paracetamol,194,88,27,24,3,9,0
2026-09-17,Uttar Pradesh,Kanpur Nagar,PHC Kanpur South,ORS,272,88,25,20,3,9,0
2026-09-17,Uttar Pradesh,Kanpur Nagar,PHC Kanpur South,Amoxicillin,350,88,22,18,3,9,0
2026-09-17,Uttar Pradesh,Kanpur Nagar,PHC Kanpur South,Azithromycin,47,88,17,15,3,9,0
2026-09-17,Uttar Pradesh,Kanpur Nagar,PHC Kanpur South,Ibuprofen,406,88,17,16,3,9,0
2026-09-17,Uttar Pradesh,Gorakhpur,PHC Gorakhpur East,Paracetamol,49,232,40,110,3,9,1
2026-09-17,Uttar Pradesh,Gorakhpur,PHC Gorakhpur East,ORS,216,232,38,90,3,9,1
2026-09-17,Uttar Pradesh,Gorakhpur,PHC Gorakhpur East,Amoxicillin,269,232,29,64,3,9,1
2026-09-17,Uttar Pradesh,Gorakhpur,PHC Gorakhpur East,Azithromycin,222,232,24,49,3,9,1
2026-09-17,Uttar Pradesh,Gorakhpur,PHC Gorakhpur East,Ibuprofen,152,232,25,52,3,9,1
2026-09-17,Gujarat,Ahmedabad,PHC Ahmedabad Metro East,Paracetamol,295,91,23,24,3,9,0
2026-09-17,Gujarat,Ahmedabad,PHC Ahmedabad Metro East,ORS,360,91,19,22,3,9,0
2026-09-17,Gujarat,Ahmedabad,PHC Ahmedabad Metro East,Amoxicillin,446,91,16,17,3,9,0
2026-09-17,Gujarat,Ahmedabad,PHC Ahmedabad Metro East,Azithromycin,519,91,13,14,3,9,0
2026-09-17,Gujarat,Ahmedabad,PHC Ahmedabad Metro East,Ibuprofen,483,91,15,16,3,9,0
2026-09-17,Gujarat,Surat,PHC Surat Coastal,Paracetamol,264,106,31,28,3,9,0
2026-09-17,Gujarat,Surat,PHC Surat Coastal,ORS,374,106,24,25,3,9,0
2026-09-17,Gujarat,Surat,PHC Surat Coastal,Amoxicillin,467,106,22,20,3,9,0
2026-09-17,Gujarat,Surat,PHC Surat Coastal,Azithromycin,75,106,18,16,3,9,0
2026-09-17,Gujarat,Surat,PHC Surat Coastal,Ibuprofen,506,106,18,20,3,9,0
2026-09-17,Gujarat,Rajkot,PHC Rajkot West,Paracetamol,479,80,20,23,3,9,0
2026-09-17,Gujarat,Rajkot,PHC Rajkot West,ORS,42,80,17,20,3,9,0
2026-09-17,Gujarat,Rajkot,PHC Rajkot West,Amoxicillin,127,80,14,17,3,9,0
2026-09-17,Gujarat,Rajkot,PHC Rajkot West,Azithromycin,198,80,12,14,3,9,0
2026-09-17,Gujarat,Rajkot,PHC Rajkot West,Ibuprofen,162,80,14,15,3,9,0
2026-09-17,Gujarat,Kutch,PHC Kutch Rural Outpost,Paracetamol,133,222,38,103,3,9,1
2026-09-17,Gujarat,Kutch,PHC Kutch Rural Outpost,ORS,121,222,36,90,3,9,1
2026-09-17,Gujarat,Kutch,PHC Kutch Rural Outpost,Amoxicillin,196,222,31,69,3,9,1
2026-09-17,Gujarat,Kutch,PHC Kutch Rural Outpost,Azithromycin,208,222,24,50,3,9,1
2026-09-17,Gujarat,Kutch,PHC Kutch Rural Outpost,Ibuprofen,138,222,25,51,3,9,1
2026-09-18,Madhya Pradesh,Guna,PHC Guna Central,Paracetamol,96,219,99,98,4,9,1
2026-09-18,Madhya Pradesh,Guna,PHC Guna Central,ORS,286,219,91,85,4,9,1
2026-09-18,Madhya Pradesh,Guna,PHC Guna Central,Amoxicillin,53,219,60,68,4,9,1
2026-09-18,Madhya Pradesh,Guna,PHC Guna Central,Azithromycin,256,219,54,51,4,9,1
2026-09-18,Madhya Pradesh,Guna,PHC Guna Central,Ibuprofen,194,219,54,48,4,9,1
2026-09-18,Madhya Pradesh,Bhopal,PHC Bhopal West,Paracetamol,193,98,25,28,4,9,0
2026-09-18,Madhya Pradesh,Bhopal,PHC Bhopal West,ORS,284,98,21,25,4,9,0
2026-09-18,Madhya Pradesh,Bhopal,PHC Bhopal West,Amoxicillin,360,98,17,21,4,9,0
2026-09-18,Madhya Pradesh,Bhopal,PHC Bhopal West,Azithromycin,451,98,14,17,4,9,0
2026-09-18,Madhya Pradesh,Bhopal,PHC Bhopal West,Ibuprofen,413,98,15,17,4,9,0
2026-09-18,Madhya Pradesh,Indore,PHC Indore Rural,Paracetamol,148,123,33,33,4,9,0
2026-09-18,Madhya Pradesh,Indore,PHC Indore Rural,ORS,266,123,29,31,4,9,0
2026-09-18,Madhya Pradesh,Indore,PHC Indore Rural,Amoxicillin,46,123,24,26,4,9,0
2026-09-18,Madhya Pradesh,Indore,PHC Indore Rural,Azithromycin,173,123,22,18,4,9,0
2026-09-18,Madhya Pradesh,Indore,PHC Indore Rural,Ibuprofen,120,123,21,24,4,9,0
2026-09-18,Madhya Pradesh,Shivpuri,PHC Shivpuri North,Paracetamol,260,81,24,24,4,9,0
2026-09-18,Madhya Pradesh,Shivpuri,PHC Shivpuri North,ORS,59,81,22,20,4,9,0
2026-09-18,Madhya Pradesh,Shivpuri,PHC Shivpuri North,Amoxicillin,143,81,16,16,4,9,0
2026-09-18,Madhya Pradesh,Shivpuri,PHC Shivpuri North,Azithromycin,229,81,13,14,4,9,0
2026-09-18,Madhya Pradesh,Shivpuri,PHC Shivpuri North,Ibuprofen,185,81,15,15,4,9,0
2026-09-18,Rajasthan,Jaipur,PHC Jaipur Rural North,Paracetamol,648,90,29,26,4,9,0
2026-09-18,Rajasthan,Jaipur,PHC Jaipur Rural North,ORS,89,90,25,23,4,9,0
2026-09-18,Rajasthan,Jaipur,PHC Jaipur Rural North,Amoxicillin,186,90,19,19,4,9,0
2026-09-18,Rajasthan,Jaipur,PHC Jaipur Rural North,Azithromycin,278,90,15,15,4,9,0
2026-09-18,Rajasthan,Jaipur,PHC Jaipur Rural North,Ibuprofen,228,90,17,15,4,9,0
2026-09-18,Rajasthan,Udaipur,PHC Udaipur South,Paracetamol,158,113,31,34,4,9,0
2026-09-18,Rajasthan,Udaipur,PHC Udaipur South,ORS,269,113,26,27,4,9,0
2026-09-18,Rajasthan,Udaipur,PHC Udaipur South,Amoxicillin,75,113,20,23,4,9,0
2026-09-18,Rajasthan,Udaipur,PHC Udaipur South,Azithromycin,185,113,16,17,4,9,0
2026-09-18,Rajasthan,Udaipur,PHC Udaipur South,Ibuprofen,130,113,19,22,4,9,0
2026-09-18,Rajasthan,Jodhpur,PHC Jodhpur Desert Edge,Paracetamol,255,214,96,99,4,9,1
2026-09-18,Rajasthan,Jodhpur,PHC Jodhpur Desert Edge,ORS,204,214,91,85,4,9,1
2026-09-18,Rajasthan,Jodhpur,PHC Jodhpur Desert Edge,Amoxicillin,233,214,57,62,4,9,1
2026-09-18,Rajasthan,Jodhpur,PHC Jodhpur Desert Edge,Azithromycin,204,214,45,45,4,9,1
2026-09-18,Rajasthan,Jodhpur,PHC Jodhpur Desert Edge,Ibuprofen,156,214,47,48,4,9,1
2026-09-18,Rajasthan,Kota,PHC Kota Industrial,Paracetamol,266,81,21,23,4,9,0
2026-09-18,Rajasthan,Kota,PHC Kota Industrial,ORS,343,81,20,18,4,9,0
2026-09-18,Rajasthan,Kota,PHC Kota Industrial,Amoxicillin,425,81,17,17,4,9,0
2026-09-18,Rajasthan,Kota,PHC Kota Industrial,Azithromycin,94,81,13,12,4,9,0
2026-09-18,Rajasthan,Kota,PHC Kota Industrial,Ibuprofen,52,81,13,14,4,9,0
2026-09-18,Maharashtra,Pune,PHC Pune East,Paracetamol,82,103,29,31,4,9,0
2026-09-18,Maharashtra,Pune,PHC Pune East,ORS,175,103,24,26,4,9,0
2026-09-18,Maharashtra,Pune,PHC Pune East,Amoxicillin,264,103,20,20,4,9,0
2026-09-18,Maharashtra,Pune,PHC Pune East,Azithromycin,362,103,16,15,4,9,0
2026-09-18,Maharashtra,Pune,PHC Pune East,Ibuprofen,320,103,19,19,4,9,0
2026-09-18,Maharashtra,Nagpur,PHC Nagpur Rural,Paracetamol,239,122,32,36,4,9,0
2026-09-18,Maharashtra,Nagpur,PHC Nagpur Rural,ORS,341,122,31,31,4,9,0
2026-09-18,Maharashtra,Nagpur,PHC Nagpur Rural,Amoxicillin,117,122,22,26,4,9,0
2026-09-18,Maharashtra,Nagpur,PHC Nagpur Rural,Azithromycin,231,122,19,21,4,9,0
2026-09-18,Maharashtra,Nagpur,PHC Nagpur Rural,Ibuprofen,172,122,21,22,4,9,0
2026-09-18,Maharashtra,Nashik,PHC Nashik Tribal Belt,Paracetamol,168,223,98,101,4,9,1
2026-09-18,Maharashtra,Nashik,PHC Nashik Tribal Belt,ORS,154,223,89,85,4,9,1
2026-09-18,Maharashtra,Nashik,PHC Nashik Tribal Belt,Amoxicillin,41,223,67,63,4,9,1
2026-09-18,Maharashtra,Nashik,PHC Nashik Tribal Belt,Azithromycin,54,223,46,47,4,9,1
2026-09-18,Maharashtra,Nashik,PHC Nashik Tribal Belt,Ibuprofen,176,223,47,49,4,9,1
2026-09-18,Maharashtra,Chhatrapati Sambhajinagar,PHC Aurangabad North,Paracetamol,351,87,26,25,4,9,0
2026-09-18,Maharashtra,Chhatrapati Sambhajinagar,PHC Aurangabad North,ORS,438,87,19,22,4,9,0
2026-09-18,Maharashtra,Chhatrapati Sambhajinagar,PHC Aurangabad North,Amoxicillin,55,87,18,18,4,9,0
2026-09-18,Maharashtra,Chhatrapati Sambhajinagar,PHC Aurangabad North,Azithromycin,136,87,13,13,4,9,0
2026-09-18,Maharashtra,Chhatrapati Sambhajinagar,PHC Aurangabad North,Ibuprofen,92,87,16,17,4,9,0
2026-09-18,Uttar Pradesh,Varanasi,PHC Varanasi Ghats,Paracetamol,283,128,36,38,4,9,0
2026-09-18,Uttar Pradesh,Varanasi,PHC Varanasi Ghats,ORS,413,128,29,32,4,9,0
2026-09-18,Uttar Pradesh,Varanasi,PHC Varanasi Ghats,Amoxicillin,146,128,27,24,4,9,0
2026-09-18,Uttar Pradesh,Varanasi,PHC Varanasi Ghats,Azithromycin,280,128,19,21,4,9,0
2026-09-18,Uttar Pradesh,Varanasi,PHC Varanasi Ghats,Ibuprofen,219,128,21,22,4,9,0
2026-09-18,Uttar Pradesh,Lucknow,PHC Lucknow Central Hub,Paracetamol,288,87,27,25,4,9,0
2026-09-18,Uttar Pradesh,Lucknow,PHC Lucknow Central Hub,ORS,379,87,22,20,4,9,0
2026-09-18,Uttar Pradesh,Lucknow,PHC Lucknow Central Hub,Amoxicillin,459,87,20,18,4,9,0
2026-09-18,Uttar Pradesh,Lucknow,PHC Lucknow Central Hub,Azithromycin,552,87,16,15,4,9,0
2026-09-18,Uttar Pradesh,Lucknow,PHC Lucknow Central Hub,Ibuprofen,507,87,17,17,4,9,0
2026-09-18,Uttar Pradesh,Kanpur Nagar,PHC Kanpur South,Paracetamol,170,93,24,28,4,9,0
2026-09-18,Uttar Pradesh,Kanpur Nagar,PHC Kanpur South,ORS,252,93,20,24,4,9,0
2026-09-18,Uttar Pradesh,Kanpur Nagar,PHC Kanpur South,Amoxicillin,332,93,18,17,4,9,0
2026-09-18,Uttar Pradesh,Kanpur Nagar,PHC Kanpur South,Azithromycin,432,93,15,15,4,9,0
2026-09-18,Uttar Pradesh,Kanpur Nagar,PHC Kanpur South,Ibuprofen,390,93,16,18,4,9,0
2026-09-18,Uttar Pradesh,Gorakhpur,PHC Gorakhpur East,Paracetamol,179,247,110,109,4,9,1
2026-09-18,Uttar Pradesh,Gorakhpur,PHC Gorakhpur East,ORS,126,247,90,102,4,9,1
2026-09-18,Uttar Pradesh,Gorakhpur,PHC Gorakhpur East,Amoxicillin,205,247,64,77,4,9,1
2026-09-18,Uttar Pradesh,Gorakhpur,PHC Gorakhpur East,Azithromycin,173,247,49,52,4,9,1
2026-09-18,Uttar Pradesh,Gorakhpur,PHC Gorakhpur East,Ibuprofen,100,247,52,60,4,9,1
2026-09-18,Gujarat,Ahmedabad,PHC Ahmedabad Metro East,Paracetamol,271,81,24,24,4,9,0
2026-09-18,Gujarat,Ahmedabad,PHC Ahmedabad Metro East,ORS,338,81,22,18,4,9,0
2026-09-18,Gujarat,Ahmedabad,PHC Ahmedabad Metro East,Amoxicillin,429,81,17,17,4,9,0
2026-09-18,Gujarat,Ahmedabad,PHC Ahmedabad Metro East,Azithromycin,505,81,14,12,4,9,0
2026-09-18,Gujarat,Ahmedabad,PHC Ahmedabad Metro East,Ibuprofen,467,81,16,15,4,9,0
2026-09-18,Gujarat,Surat,PHC Surat Coastal,Paracetamol,236,107,28,32,4,9,0
2026-09-18,Gujarat,Surat,PHC Surat Coastal,ORS,349,107,25,25,4,9,0
2026-09-18,Gujarat,Surat,PHC Surat Coastal,Amoxicillin,447,107,20,21,4,9,0
2026-09-18,Gujarat,Surat,PHC Surat Coastal,Azithromycin,59,107,16,16,4,9,0
2026-09-18,Gujarat,Surat,PHC Surat Coastal,Ibuprofen,486,107,20,18,4,9,0
2026-09-18,Gujarat,Rajkot,PHC Rajkot West,Paracetamol,456,76,23,20,4,9,0
2026-09-18,Gujarat,Rajkot,PHC Rajkot West,ORS,522,76,20,17,4,9,0
2026-09-18,Gujarat,Rajkot,PHC Rajkot West,Amoxicillin,110,76,17,15,4,9,0
2026-09-18,Gujarat,Rajkot,PHC Rajkot West,Azithromycin,184,76,14,13,4,9,0
2026-09-18,Gujarat,Rajkot,PHC Rajkot West,Ibuprofen,147,76,15,15,4,9,0
2026-09-18,Gujarat,Kutch,PHC Kutch Rural Outpost,Paracetamol,210,230,103,106,4,9,1
2026-09-18,Gujarat,Kutch,PHC Kutch Rural Outpost,ORS,211,230,90,92,4,9,1
2026-09-18,Gujarat,Kutch,PHC Kutch Rural Outpost,Amoxicillin,127,230,69,67,4,9,1
2026-09-18,Gujarat,Kutch,PHC Kutch Rural Outpost,Azithromycin,158,230,50,48,4,9,1
2026-09-18,Gujarat,Kutch,PHC Kutch Rural Outpost,Ibuprofen,87,230,51,54,4,9,1
2026-09-19,Madhya Pradesh,Guna,PHC Guna Central,Paracetamol,248,125,98,36,5,9,0
2026-09-19,Madhya Pradesh,Guna,PHC Guna Central,ORS,201,125,85,31,5,9,0
2026-09-19,Madhya Pradesh,Guna,PHC Guna Central,Amoxicillin,235,125,68,24,5,9,0
2026-09-19,Madhya Pradesh,Guna,PHC Guna Central,Azithromycin,205,125,51,19,5,9,0
2026-09-19,Madhya Pradesh,Guna,PHC Guna Central,Ibuprofen,146,125,48,24,5,9,0
2026-09-19,Madhya Pradesh,Bhopal,PHC Bhopal West,Paracetamol,165,73,28,20,5,9,0
2026-09-19,Madhya Pradesh,Bhopal,PHC Bhopal West,ORS,259,73,25,19,5,9,0
2026-09-19,Madhya Pradesh,Bhopal,PHC Bhopal West,Amoxicillin,339,73,21,14,5,9,0
2026-09-19,Madhya Pradesh,Bhopal,PHC Bhopal West,Azithromycin,434,73,17,11,5,9,0
2026-09-19,Madhya Pradesh,Bhopal,PHC Bhopal West,Ibuprofen,396,73,17,13,5,9,0
2026-09-19,Madhya Pradesh,Indore,PHC Indore Rural,Paracetamol,115,106,33,30,5,9,0
2026-09-19,Madhya Pradesh,Indore,PHC Indore Rural,ORS,235,106,31,27,5,9,0
2026-09-19,Madhya Pradesh,Indore,PHC Indore Rural,Amoxicillin,340,106,26,20,5,9,0
2026-09-19,Madhya Pradesh,Indore,PHC Indore Rural,Azithromycin,155,106,18,17,5,9,0
2026-09-19,Madhya Pradesh,Indore,PHC Indore Rural,Ibuprofen,96,106,24,19,5,9,0
2026-09-19,Madhya Pradesh,Shivpuri,PHC Shivpuri North,Paracetamol,236,72,24,19,5,9,0
2026-09-19,Madhya Pradesh,Shivpuri,PHC Shivpuri North,ORS,319,72,20,19,5,9,0
2026-09-19,Madhya Pradesh,Shivpuri,PHC Shivpuri North,Amoxicillin,127,72,16,14,5,9,0
2026-09-19,Madhya Pradesh,Shivpuri,PHC Shivpuri North,Azithromycin,215,72,14,12,5,9,0
2026-09-19,Madhya Pradesh,Shivpuri,PHC Shivpuri North,Ibuprofen,170,72,15,12,5,9,0
2026-09-19,Rajasthan,Jaipur,PHC Jaipur Rural North,Paracetamol,622,74,26,20,5,9,0
2026-09-19,Rajasthan,Jaipur,PHC Jaipur Rural North,ORS,66,74,23,17,5,9,0
2026-09-19,Rajasthan,Jaipur,PHC Jaipur Rural North,Amoxicillin,167,74,19,15,5,9,0
2026-09-19,Rajasthan,Jaipur,PHC Jaipur Rural North,Azithromycin,263,74,15,12,5,9,0
2026-09-19,Rajasthan,Jaipur,PHC Jaipur Rural North,Ibuprofen,213,74,15,14,5,9,0
2026-09-19,Rajasthan,Udaipur,PHC Udaipur South,Paracetamol,124,90,34,24,5,9,0
2026-09-19,Rajasthan,Udaipur,PHC Udaipur South,ORS,242,90,27,21,5,9,0
2026-09-19,Rajasthan,Udaipur,PHC Udaipur South,Amoxicillin,52,90,23,17,5,9,0
2026-09-19,Rajasthan,Udaipur,PHC Udaipur South,Azithromycin,168,90,17,15,5,9,0
2026-09-19,Rajasthan,Udaipur,PHC Udaipur South,Ibuprofen,108,90,22,17,5,9,0
2026-09-19,Rajasthan,Jodhpur,PHC Jodhpur Desert Edge,Paracetamol,156,105,99,29,5,9,0
2026-09-19,Rajasthan,Jodhpur,PHC Jodhpur Desert Edge,ORS,119,105,85,25,5,9,0
2026-09-19,Rajasthan,Jodhpur,PHC Jodhpur Desert Edge,Amoxicillin,171,105,62,20,5,9,0
2026-09-19,Rajasthan,Jodhpur,PHC Jodhpur Desert Edge,Azithromycin,159,105,45,17,5,9,0
2026-09-19,Rajasthan,Jodhpur,PHC Jodhpur Desert Edge,Ibuprofen,108,105,48,19,5,9,0
2026-09-19,Rajasthan,Kota,PHC Kota Industrial,Paracetamol,243,67,23,17,5,9,0
2026-09-19,Rajasthan,Kota,PHC Kota Industrial,ORS,325,67,18,15,5,9,0
2026-09-19,Rajasthan,Kota,PHC Kota Industrial,Amoxicillin,408,67,17,13,5,9,0
2026-09-19,Rajasthan,Kota,PHC Kota Industrial,Azithromycin,82,67,12,10,5,9,0
2026-09-19,Rajasthan,Kota,PHC Kota Industrial,Ibuprofen,458,67,14,13,5,9,0
2026-09-19,Maharashtra,Pune,PHC Pune East,Paracetamol,51,82,31,23,5,9,0
2026-09-19,Maharashtra,Pune,PHC Pune East,ORS,149,82,26,20,5,9,0
2026-09-19,Maharashtra,Pune,PHC Pune East,Amoxicillin,244,82,20,17,5,9,0
2026-09-19,Maharashtra,Pune,PHC Pune East,Azithromycin,347,82,15,12,5,9,0
2026-09-19,Maharashtra,Pune,PHC Pune East,Ibuprofen,301,82,19,15,5,9,0
2026-09-19,Maharashtra,Nagpur,PHC Nagpur Rural,Paracetamol,203,93,36,28,5,9,0
2026-09-19,Maharashtra,Nagpur,PHC Nagpur Rural,ORS,310,93,31,22,5,9,0
2026-09-19,Maharashtra,Nagpur,PHC Nagpur Rural,Amoxicillin,91,93,26,18,5,9,0
2026-09-19,Maharashtra,Nagpur,PHC Nagpur Rural,Azithromycin,210,93,21,14,5,9,0
2026-09-19,Maharashtra,Nagpur,PHC Nagpur Rural,Ibuprofen,150,93,22,17,5,9,0
2026-09-19,Maharashtra,Nashik,PHC Nashik Tribal Belt,Paracetamol,67,110,101,30,5,9,0
2026-09-19,Maharashtra,Nashik,PHC Nashik Tribal Belt,ORS,69,110,85,25,5,9,0
2026-09-19,Maharashtra,Nashik,PHC Nashik Tribal Belt,Amoxicillin,168,110,63,23,5,9,0
2026-09-19,Maharashtra,Nashik,PHC Nashik Tribal Belt,Azithromycin,197,110,47,18,5,9,0
2026-09-19,Maharashtra,Nashik,PHC Nashik Tribal Belt,Ibuprofen,127,110,49,18,5,9,0
2026-09-19,Maharashtra,Chhatrapati Sambhajinagar,PHC Aurangabad North,Paracetamol,326,66,25,19,5,9,0
2026-09-19,Maharashtra,Chhatrapati Sambhajinagar,PHC Aurangabad North,ORS,416,66,22,17,5,9,0
2026-09-19,Maharashtra,Chhatrapati Sambhajinagar,PHC Aurangabad North,Amoxicillin,487,66,18,13,5,9,0
2026-09-19,Maharashtra,Chhatrapati Sambhajinagar,PHC Aurangabad North,Azithromycin,123,66,13,11,5,9,0
2026-09-19,Maharashtra,Chhatrapati Sambhajinagar,PHC Aurangabad North,Ibuprofen,75,66,17,13,5,9,0
2026-09-19,Uttar Pradesh,Varanasi,PHC Varanasi Ghats,Paracetamol,245,111,38,31,5,9,0
2026-09-19,Uttar Pradesh,Varanasi,PHC Varanasi Ghats,ORS,381,111,32,27,5,9,0
2026-09-19,Uttar Pradesh,Varanasi,PHC Varanasi Ghats,Amoxicillin,122,111,24,24,5,9,0
2026-09-19,Uttar Pradesh,Varanasi,PHC Varanasi Ghats,Azithromycin,259,111,21,18,5,9,0
2026-09-19,Uttar Pradesh,Varanasi,PHC Varanasi Ghats,Ibuprofen,197,111,22,21,5,9,0
2026-09-19,Uttar Pradesh,Lucknow,PHC Lucknow Central Hub,Paracetamol,263,76,25,20,5,9,0
2026-09-19,Uttar Pradesh,Lucknow,PHC Lucknow Central Hub,ORS,359,76,20,19,5,9,0
2026-09-19,Uttar Pradesh,Lucknow,PHC Lucknow Central Hub,Amoxicillin,441,76,18,16,5,9,0
2026-09-19,Uttar Pradesh,Lucknow,PHC Lucknow Central Hub,Azithromycin,537,76,15,12,5,9,0
2026-09-19,Uttar Pradesh,Lucknow,PHC Lucknow Central Hub,Ibuprofen,490,76,17,15,5,9,0
2026-09-19,Uttar Pradesh,Kanpur Nagar,PHC Kanpur South,Paracetamol,142,86,28,25,5,9,0
2026-09-19,Uttar Pradesh,Kanpur Nagar,PHC Kanpur South,ORS,228,86,24,21,5,9,0
2026-09-19,Uttar Pradesh,Kanpur Nagar,PHC Kanpur South,Amoxicillin,315,86,17,16,5,9,0
2026-09-19,Uttar Pradesh,Kanpur Nagar,PHC Kanpur South,Azithromycin,417,86,15,14,5,9,0
2026-09-19,Uttar Pradesh,Kanpur Nagar,PHC Kanpur South,Ibuprofen,372,86,18,15,5,9,0
2026-09-19,Uttar Pradesh,Gorakhpur,PHC Gorakhpur East,Paracetamol,70,135,109,41,5,9,0
2026-09-19,Uttar Pradesh,Gorakhpur,PHC Gorakhpur East,ORS,264,135,102,34,5,9,0
2026-09-19,Uttar Pradesh,Gorakhpur,PHC Gorakhpur East,Amoxicillin,128,135,77,25,5,9,0
2026-09-19,Uttar Pradesh,Gorakhpur,PHC Gorakhpur East,Azithromycin,121,135,52,21,5,9,0
2026-09-19,Uttar Pradesh,Gorakhpur,PHC Gorakhpur East,Ibuprofen,40,135,60,26,5,9,0
2026-09-19,Gujarat,Ahmedabad,PHC Ahmedabad Metro East,Paracetamol,247,71,24,21,5,9,0
2026-09-19,Gujarat,Ahmedabad,PHC Ahmedabad Metro East,ORS,320,71,18,17,5,9,0
2026-09-19,Gujarat,Ahmedabad,PHC Ahmedabad Metro East,Amoxicillin,412,71,17,15,5,9,0
2026-09-19,Gujarat,Ahmedabad,PHC Ahmedabad Metro East,Azithromycin,493,71,12,11,5,9,0
2026-09-19,Gujarat,Ahmedabad,PHC Ahmedabad Metro East,Ibuprofen,452,71,15,14,5,9,0
2026-09-19,Gujarat,Surat,PHC Surat Coastal,Paracetamol,204,96,32,25,5,9,0
2026-09-19,Gujarat,Surat,PHC Surat Coastal,ORS,324,96,25,23,5,9,0
2026-09-19,Gujarat,Surat,PHC Surat Coastal,Amoxicillin,426,96,21,19,5,9,0
2026-09-19,Gujarat,Surat,PHC Surat Coastal,Azithromycin,43,96,16,15,5,9,0
2026-09-19,Gujarat,Surat,PHC Surat Coastal,Ibuprofen,468,96,18,17,5,9,0
2026-09-19,Gujarat,Rajkot,PHC Rajkot West,Paracetamol,436,67,20,20,5,9,0
2026-09-19,Gujarat,Rajkot,PHC Rajkot West,ORS,505,67,17,17,5,9,0
2026-09-19,Gujarat,Rajkot,PHC Rajkot West,Amoxicillin,95,67,15,14,5,9,0
2026-09-19,Gujarat,Rajkot,PHC Rajkot West,Azithromycin,171,67,13,11,5,9,0
2026-09-19,Gujarat,Rajkot,PHC Rajkot West,Ibuprofen,132,67,15,12,5,9,0
2026-09-19,Gujarat,Kutch,PHC Kutch Rural Outpost,Paracetamol,104,118,106,31,5,9,0
2026-09-19,Gujarat,Kutch,PHC Kutch Rural Outpost,ORS,119,118,92,29,5,9,0
2026-09-19,Gujarat,Kutch,PHC Kutch Rural Outpost,Amoxicillin,60,118,67,25,5,9,0
2026-09-19,Gujarat,Kutch,PHC Kutch Rural Outpost,Azithromycin,110,118,48,20,5,9,0
2026-09-19,Gujarat,Kutch,PHC Kutch Rural Outpost,Ibuprofen,213,118,54,23,5,9,0
2026-09-20,Madhya Pradesh,Guna,PHC Guna Central,Paracetamol,212,120,36,31,6,9,0
2026-09-20,Madhya Pradesh,Guna,PHC Guna Central,ORS,170,120,31,28,6,9,0
2026-09-20,Madhya Pradesh,Guna,PHC Guna Central,Amoxicillin,211,120,24,24,6,9,0
2026-09-20,Madhya Pradesh,Guna,PHC Guna Central,Azithromycin,186,120,19,19,6,9,0
2026-09-20,Madhya Pradesh,Guna,PHC Guna Central,Ibuprofen,122,120,24,21,6,9,0
2026-09-20,Madhya Pradesh,Bhopal,PHC Bhopal West,Paracetamol,145,75,20,21,6,9,0
2026-09-20,Madhya Pradesh,Bhopal,PHC Bhopal West,ORS,240,75,19,18,6,9,0
2026-09-20,Madhya Pradesh,Bhopal,PHC Bhopal West,Amoxicillin,325,75,14,14,6,9,0
2026-09-20,Madhya Pradesh,Bhopal,PHC Bhopal West,Azithromycin,423,75,11,12,6,9,0
2026-09-20,Madhya Pradesh,Bhopal,PHC Bhopal West,Ibuprofen,383,75,13,13,6,9,0
2026-09-20,Madhya Pradesh,Indore,PHC Indore Rural,Paracetamol,85,104,30,30,6,9,0
2026-09-20,Madhya Pradesh,Indore,PHC Indore Rural,ORS,208,104,27,23,6,9,0
2026-09-20,Madhya Pradesh,Indore,PHC Indore Rural,Amoxicillin,320,104,20,22,6,9,0
2026-09-20,Madhya Pradesh,Indore,PHC Indore Rural,Azithromycin,138,104,17,16,6,9,0
2026-09-20,Madhya Pradesh,Indore,PHC Indore Rural,Ibuprofen,77,104,19,18,6,9,0
2026-09-20,Madhya Pradesh,Shivpuri,PHC Shivpuri North,Paracetamol,217,76,19,23,6,9,0
2026-09-20,Madhya Pradesh,Shivpuri,PHC Shivpuri North,ORS,300,76,19,19,6,9,0
2026-09-20,Madhya Pradesh,Shivpuri,PHC Shivpuri North,Amoxicillin,113,76,14,14,6,9,0
2026-09-20,Madhya Pradesh,Shivpuri,PHC Shivpuri North,Azithromycin,203,76,12,13,6,9,0
2026-09-20,Madhya Pradesh,Shivpuri,PHC Shivpuri North,Ibuprofen,158,76,12,13,6,9,0
2026-09-20,Rajasthan,Jaipur,PHC Jaipur Rural North,Paracetamol,602,77,20,22,6,9,0
2026-09-20,Rajasthan,Jaipur,PHC Jaipur Rural North,ORS,49,77,17,19,6,9,0
2026-09-20,Rajasthan,Jaipur,PHC Jaipur Rural North,Amoxicillin,152,77,15,14,6,9,0
2026-09-20,Rajasthan,Jaipur,PHC Jaipur Rural North,Azithromycin,251,77,12,13,6,9,0
2026-09-20,Rajasthan,Jaipur,PHC Jaipur Rural North,Ibuprofen,199,77,14,13,6,9,0
2026-09-20,Rajasthan,Udaipur,PHC Udaipur South,Paracetamol,100,101,24,28,6,9,0
2026-09-20,Rajasthan,Udaipur,PHC Udaipur South,ORS,221,101,21,26,6,9,0
2026-09-20,Rajasthan,Udaipur,PHC Udaipur South,Amoxicillin,345,101,17,19,6,9,0
2026-09-20,Rajasthan,Udaipur,PHC Udaipur South,Azithromycin,153,101,15,16,6,9,0
2026-09-20,Rajasthan,Udaipur,PHC Udaipur South,Ibuprofen,91,101,17,19,6,9,0
2026-09-20,Rajasthan,Jodhpur,PHC Jodhpur Desert Edge,Paracetamol,127,106,29,28,6,9,0
2026-09-20,Rajasthan,Jodhpur,PHC Jodhpur Desert Edge,ORS,94,106,25,27,6,9,0
2026-09-20,Rajasthan,Jodhpur,PHC Jodhpur Desert Edge,Amoxicillin,151,106,20,22,6,9,0
2026-09-20,Rajasthan,Jodhpur,PHC Jodhpur Desert Edge,Azithromycin,142,106,17,18,6,9,0
2026-09-20,Rajasthan,Jodhpur,PHC Jodhpur Desert Edge,Ibuprofen,89,106,19,20,6,9,0
2026-09-20,Rajasthan,Kota,PHC Kota Industrial,Paracetamol,226,77,17,22,6,9,0
2026-09-20,Rajasthan,Kota,PHC Kota Industrial,ORS,310,77,15,17,6,9,0
2026-09-20,Rajasthan,Kota,PHC Kota Industrial,Amoxicillin,395,77,13,15,6,9,0
2026-09-20,Rajasthan,Kota,PHC Kota Industrial,Azithromycin,72,77,10,12,6,9,0
2026-09-20,Rajasthan,Kota,PHC Kota Industrial,Ibuprofen,445,77,13,13,6,9,0
2026-09-20,Maharashtra,Pune,PHC Pune East,Paracetamol,778,91,23,27,6,9,0
2026-09-20,Maharashtra,Pune,PHC Pune East,ORS,129,91,20,20,6,9,0
2026-09-20,Maharashtra,Pune,PHC Pune East,Amoxicillin,227,91,17,17,6,9,0
2026-09-20,Maharashtra,Pune,PHC Pune East,Azithromycin,335,91,12,15,6,9,0
2026-09-20,Maharashtra,Pune,PHC Pune East,Ibuprofen,286,91,15,17,6,9,0
2026-09-20,Maharashtra,Nagpur,PHC Nagpur Rural,Paracetamol,175,94,28,26,6,9,0
2026-09-20,Maharashtra,Nagpur,PHC Nagpur Rural,ORS,288,94,22,24,6,9,0
2026-09-20,Maharashtra,Nagpur,PHC Nagpur Rural,Amoxicillin,73,94,18,19,6,9,0
2026-09-20,Maharashtra,Nagpur,PHC Nagpur Rural,Azithromycin,196,94,14,14,6,9,0
2026-09-20,Maharashtra,Nagpur,PHC Nagpur Rural,Ibuprofen,133,94,17,18,6,9,0
2026-09-20,Maharashtra,Nashik,PHC Nashik Tribal Belt,Paracetamol,227,115,30,33,6,9,0
2026-09-20,Maharashtra,Nashik,PHC Nashik Tribal Belt,ORS,44,115,25,26,6,9,0
2026-09-20,Maharashtra,Nashik,PHC Nashik Tribal Belt,Amoxicillin,145,115,23,21,6,9,0
2026-09-20,Maharashtra,Nashik,PHC Nashik Tribal Belt,Azithromycin,179,115,18,18,6,9,0
2026-09-20,Maharashtra,Nashik,PHC Nashik Tribal Belt,Ibuprofen,109,115,18,21,6,9,0
2026-09-20,Maharashtra,Chhatrapati Sambhajinagar,PHC Aurangabad North,Paracetamol,307,63,19,19,6,9,0
2026-09-20,Maharashtra,Chhatrapati Sambhajinagar,PHC Aurangabad North,ORS,399,63,17,15,6,9,0
2026-09-20,Maharashtra,Chhatrapati Sambhajinagar,PHC Aurangabad North,Amoxicillin,474,63,13,12,6,9,0
2026-09-20,Maharashtra,Chhatrapati Sambhajinagar,PHC Aurangabad North,Azithromycin,112,63,11,10,6,9,0
2026-09-20,Maharashtra,Chhatrapati Sambhajinagar,PHC Aurangabad North,Ibuprofen,62,63,13,12,6,9,0
2026-09-20,Uttar Pradesh,Varanasi,PHC Varanasi Ghats,Paracetamol,214,110,31,32,6,9,0
2026-09-20,Uttar Pradesh,Varanasi,PHC Varanasi Ghats,ORS,354,110,27,25,6,9,0
2026-09-20,Uttar Pradesh,Varanasi,PHC Varanasi Ghats,Amoxicillin,98,110,24,22,6,9,0
2026-09-20,Uttar Pradesh,Varanasi,PHC Varanasi Ghats,Azithromycin,241,110,18,17,6,9,0
2026-09-20,Uttar Pradesh,Varanasi,PHC Varanasi Ghats,Ibuprofen,176,110,21,20,6,9,0
2026-09-20,Uttar Pradesh,Lucknow,PHC Lucknow Central Hub,Paracetamol,243,84,20,25,6,9,0
2026-09-20,Uttar Pradesh,Lucknow,PHC Lucknow Central Hub,ORS,340,84,19,21,6,9,0
2026-09-20,Uttar Pradesh,Lucknow,PHC Lucknow Central Hub,Amoxicillin,425,84,16,17,6,9,0
2026-09-20,Uttar Pradesh,Lucknow,PHC Lucknow Central Hub,Azithromycin,525,84,12,13,6,9,0
2026-09-20,Uttar Pradesh,Lucknow,PHC Lucknow Central Hub,Ibuprofen,475,84,15,15,6,9,0
2026-09-20,Uttar Pradesh,Kanpur Nagar,PHC Kanpur South,Paracetamol,117,73,25,21,6,9,0
2026-09-20,Uttar Pradesh,Kanpur Nagar,PHC Kanpur South,ORS,207,73,21,18,6,9,0
2026-09-20,Uttar Pradesh,Kanpur Nagar,PHC Kanpur South,Amoxicillin,299,73,16,13,6,9,0
2026-09-20,Uttar Pradesh,Kanpur Nagar,PHC Kanpur South,Azithromycin,403,73,14,12,6,9,0
2026-09-20,Uttar Pradesh,Kanpur Nagar,PHC Kanpur South,Ibuprofen,357,73,15,13,6,9,0
2026-09-20,Uttar Pradesh,Gorakhpur,PHC Gorakhpur East,Paracetamol,269,129,41,33,6,9,0
2026-09-20,Uttar Pradesh,Gorakhpur,PHC Gorakhpur East,ORS,230,129,34,30,6,9,0
2026-09-20,Uttar Pradesh,Gorakhpur,PHC Gorakhpur East,Amoxicillin,103,129,25,27,6,9,0
2026-09-20,Uttar Pradesh,Gorakhpur,PHC Gorakhpur East,Azithromycin,100,129,21,20,6,9,0
2026-09-20,Uttar Pradesh,Gorakhpur,PHC Gorakhpur East,Ibuprofen,254,129,26,25,6,9,0
2026-09-20,Gujarat,Ahmedabad,PHC Ahmedabad Metro East,Paracetamol,226,75,21,21,6,9,0
2026-09-20,Gujarat,Ahmedabad,PHC Ahmedabad Metro East,ORS,303,75,17,18,6,9,0
2026-09-20,Gujarat,Ahmedabad,PHC Ahmedabad Metro East,Amoxicillin,397,75,15,15,6,9,0
2026-09-20,Gujarat,Ahmedabad,PHC Ahmedabad Metro East,Azithromycin,482,75,11,12,6,9,0
2026-09-20,Gujarat,Ahmedabad,PHC Ahmedabad Metro East,Ibuprofen,438,75,14,13,6,9,0
2026-09-20,Gujarat,Surat,PHC Surat Coastal,Paracetamol,179,92,25,27,6,9,0
2026-09-20,Gujarat,Surat,PHC Surat Coastal,ORS,301,92,23,22,6,9,0
2026-09-20,Gujarat,Surat,PHC Surat Coastal,Amoxicillin,407,92,19,17,6,9,0
2026-09-20,Gujarat,Surat,PHC Surat Coastal,Azithromycin,508,92,15,15,6,9,0
2026-09-20,Gujarat,Surat,PHC Surat Coastal,Ibuprofen,451,92,17,17,6,9,0
2026-09-20,Gujarat,Rajkot,PHC Rajkot West,Paracetamol,416,73,20,20,6,9,0
2026-09-20,Gujarat,Rajkot,PHC Rajkot West,ORS,488,73,17,18,6,9,0
2026-09-20,Gujarat,Rajkot,PHC Rajkot West,Amoxicillin,81,73,14,15,6,9,0
2026-09-20,Gujarat,Rajkot,PHC Rajkot West,Azithromycin,160,73,11,11,6,9,0
2026-09-20,Gujarat,Rajkot,PHC Rajkot West,Ibuprofen,120,73,12,12,6,9,0
2026-09-20,Gujarat,Kutch,PHC Kutch Rural Outpost,Paracetamol,73,112,31,34,6,9,0
2026-09-20,Gujarat,Kutch,PHC Kutch Rural Outpost,ORS,90,112,29,27,6,9,0
2026-09-20,Gujarat,Kutch,PHC Kutch Rural Outpost,Amoxicillin,215,112,25,24,6,9,0
2026-09-20,Gujarat,Kutch,PHC Kutch Rural Outpost,Azithromycin,90,112,20,17,6,9,0
2026-09-20,Gujarat,Kutch,PHC Kutch Rural Outpost,Ibuprofen,190,112,23,21,6,9,0
2026-09-21,Madhya Pradesh,Guna,PHC Guna Central,Paracetamol,181,171,31,46,0,9,0
2026-09-21,Madhya Pradesh,Guna,PHC Guna Central,ORS,142,171,28,39,0,9,0
2026-09-21,Madhya Pradesh,Guna,PHC Guna Central,Amoxicillin,187,171,24,36,0,9,0
2026-09-21,Madhya Pradesh,Guna,PHC Guna Central,Azithromycin,167,171,19,29,0,9,0
2026-09-21,Madhya Pradesh,Guna,PHC Guna Central,Ibuprofen,101,171,21,32,0,9,0
2026-09-21,Madhya Pradesh,Bhopal,PHC Bhopal West,Paracetamol,124,111,21,32,0,9,0
2026-09-21,Madhya Pradesh,Bhopal,PHC Bhopal West,ORS,222,111,18,27,0,9,0
2026-09-21,Madhya Pradesh,Bhopal,PHC Bhopal West,Amoxicillin,311,111,14,23,0,9,0
2026-09-21,Madhya Pradesh,Bhopal,PHC Bhopal West,Azithromycin,411,111,12,18,0,9,0
2026-09-21,Madhya Pradesh,Bhopal,PHC Bhopal West,Ibuprofen,370,111,13,20,0,9,0
2026-09-21,Madhya Pradesh,Indore,PHC Indore Rural,Paracetamol,55,150,30,40,0,9,0
2026-09-21,Madhya Pradesh,Indore,PHC Indore Rural,ORS,185,150,23,36,0,9,0
2026-09-21,Madhya Pradesh,Indore,PHC Indore Rural,Amoxicillin,298,150,22,29,0,9,0
2026-09-21,Madhya Pradesh,Indore,PHC Indore Rural,Azithromycin,122,150,16,22,0,9,0
2026-09-21,Madhya Pradesh,Indore,PHC Indore Rural,Ibuprofen,59,150,18,28,0,9,0
2026-09-21,Madhya Pradesh,Shivpuri,PHC Shivpuri North,Paracetamol,194,101,23,27,0,9,0
2026-09-21,Madhya Pradesh,Shivpuri,PHC Shivpuri North,ORS,281,101,19,25,0,9,0
2026-09-21,Madhya Pradesh,Shivpuri,PHC Shivpuri North,Amoxicillin,99,101,14,19,0,9,0
2026-09-21,Madhya Pradesh,Shivpuri,PHC Shivpuri North,Azithromycin,190,101,13,16,0,9,0
2026-09-21,Madhya Pradesh,Shivpuri,PHC Shivpuri North,Ibuprofen,145,101,13,19,0,9,0
2026-09-21,Rajasthan,Jaipur,PHC Jaipur Rural North,Paracetamol,580,119,22,34,0,9,0
2026-09-21,Rajasthan,Jaipur,PHC Jaipur Rural North,ORS,680,119,19,29,0,9,0
2026-09-21,Rajasthan,Jaipur,PHC Jaipur Rural North,Amoxicillin,138,119,14,25,0,9,0
2026-09-21,Rajasthan,Jaipur,PHC Jaipur Rural North,Azithromycin,238,119,13,20,0,9,0
2026-09-21,Rajasthan,Jaipur,PHC Jaipur Rural North,Ibuprofen,186,119,13,23,0,9,0
2026-09-21,Rajasthan,Udaipur,PHC Udaipur South,Paracetamol,72,125,28,33,0,9,0
2026-09-21,Rajasthan,Udaipur,PHC Udaipur South,ORS,195,125,26,28,0,9,0
2026-09-21,Rajasthan,Udaipur,PHC Udaipur South,Amoxicillin,326,125,19,24,0,9,0
2026-09-21,Rajasthan,Udaipur,PHC Udaipur South,Azithromycin,137,125,16,21,0,9,0
2026-09-21,Rajasthan,Udaipur,PHC Udaipur South,Ibuprofen,72,125,19,23,0,9,0
2026-09-21,Rajasthan,Jodhpur,PHC Jodhpur Desert Edge,Paracetamol,99,148,28,43,0,9,0
2026-09-21,Rajasthan,Jodhpur,PHC Jodhpur Desert Edge,ORS,67,148,27,35,0,9,0
2026-09-21,Rajasthan,Jodhpur,PHC Jodhpur Desert Edge,Amoxicillin,129,148,22,28,0,9,0
2026-09-21,Rajasthan,Jodhpur,PHC Jodhpur Desert Edge,Azithromycin,124,148,18,23,0,9,0
2026-09-21,Rajasthan,Jodhpur,PHC Jodhpur Desert Edge,Ibuprofen,69,148,20,28,0,9,0
2026-09-21,Rajasthan,Kota,PHC Kota Industrial,Paracetamol,204,97,22,28,0,9,0
2026-09-21,Rajasthan,Kota,PHC Kota Industrial,ORS,293,97,17,23,0,9,0
2026-09-21,Rajasthan,Kota,PHC Kota Industrial,Amoxicillin,380,97,15,19,0,9,0
2026-09-21,Rajasthan,Kota,PHC Kota Industrial,Azithromycin,60,97,12,15,0,9,0
2026-09-21,Rajasthan,Kota,PHC Kota Industrial,Ibuprofen,432,97,13,18,0,9,0
2026-09-21,Maharashtra,Pune,PHC Pune East,Paracetamol,751,118,27,35,0,9,0
2026-09-21,Maharashtra,Pune,PHC Pune East,ORS,109,118,20,29,0,9,0
2026-09-21,Maharashtra,Pune,PHC Pune East,Amoxicillin,210,118,17,25,0,9,0
2026-09-21,Maharashtra,Pune,PHC Pune East,Azithromycin,320,118,15,18,0,9,0
2026-09-21,Maharashtra,Pune,PHC Pune East,Ibuprofen,269,118,17,23,0,9,0
2026-09-21,Maharashtra,Nagpur,PHC Nagpur Rural,Paracetamol,149,136,26,40,0,9,0
2026-09-21,Maharashtra,Nagpur,PHC Nagpur Rural,ORS,264,136,24,32,0,9,0
2026-09-21,Maharashtra,Nagpur,PHC Nagpur Rural,Amoxicillin,54,136,19,26,0,9,0
2026-09-21,Maharashtra,Nagpur,PHC Nagpur Rural,Azithromycin,182,136,14,20,0,9,0
2026-09-21,Maharashtra,Nagpur,PHC Nagpur Rural,Ibuprofen,115,136,18,26,0,9,0
2026-09-21,Maharashtra,Nashik,PHC Nashik Tribal Belt,Paracetamol,194,153,33,41,0,9,0
2026-09-21,Maharashtra,Nashik,PHC Nashik Tribal Belt,ORS,208,153,26,36,0,9,0
2026-09-21,Maharashtra,Nashik,PHC Nashik Tribal Belt,Amoxicillin,124,153,21,31,0,9,0
2026-09-21,Maharashtra,Nashik,PHC Nashik Tribal Belt,Azithromycin,161,153,18,26,0,9,0
2026-09-21,Maharashtra,Nashik,PHC Nashik Tribal Belt,Ibuprofen,88,153,21,27,0,9,0
2026-09-21,Maharashtra,Chhatrapati Sambhajinagar,PHC Aurangabad North,Paracetamol,288,91,19,26,0,9,0
2026-09-21,Maharashtra,Chhatrapati Sambhajinagar,PHC Aurangabad North,ORS,384,91,15,23,0,9,0
2026-09-21,Maharashtra,Chhatrapati Sambhajinagar,PHC Aurangabad North,Amoxicillin,462,91,12,18,0,9,0
2026-09-21,Maharashtra,Chhatrapati Sambhajinagar,PHC Aurangabad North,Azithromycin,102,91,10,15,0,9,0
2026-09-21,Maharashtra,Chhatrapati Sambhajinagar,PHC Aurangabad North,Ibuprofen,50,91,12,16,0,9,0
2026-09-21,Uttar Pradesh,Varanasi,PHC Varanasi Ghats,Paracetamol,182,150,32,39,0,9,0
2026-09-21,Uttar Pradesh,Varanasi,PHC Varanasi Ghats,ORS,329,150,25,35,0,9,0
2026-09-21,Uttar Pradesh,Varanasi,PHC Varanasi Ghats,Amoxicillin,76,150,22,31,0,9,0
2026-09-21,Uttar Pradesh,Varanasi,PHC Varanasi Ghats,Azithromycin,224,150,17,23,0,9,0
2026-09-21,Uttar Pradesh,Varanasi,PHC Varanasi Ghats,Ibuprofen,156,150,20,28,0,9,0
2026-09-21,Uttar Pradesh,Lucknow,PHC Lucknow Central Hub,Paracetamol,218,106,25,31,0,9,0
2026-09-21,Uttar Pradesh,Lucknow,PHC Lucknow Central Hub,ORS,319,106,21,24,0,9,0
2026-09-21,Uttar Pradesh,Lucknow,PHC Lucknow Central Hub,Amoxicillin,408,106,17,22,0,9,0
2026-09-21,Uttar Pradesh,Lucknow,PHC Lucknow Central Hub,Azithromycin,512,106,13,17,0,9,0
2026-09-21,Uttar Pradesh,Lucknow,PHC Lucknow Central Hub,Ibuprofen,460,106,15,19,0,9,0
2026-09-21,Uttar Pradesh,Kanpur Nagar,PHC Kanpur South,Paracetamol,96,120,21,33,0,9,0
2026-09-21,Uttar Pradesh,Kanpur Nagar,PHC Kanpur South,ORS,189,120,18,27,0,9,0
2026-09-21,Uttar Pradesh,Kanpur Nagar,PHC Kanpur South,Amoxicillin,286,120,13,23,0,9,0
2026-09-21,Uttar Pradesh,Kanpur Nagar,PHC Kanpur South,Azithromycin,391,120,12,19,0,9,0
2026-09-21,Uttar Pradesh,Kanpur Nagar,PHC Kanpur South,Ibuprofen,344,120,13,20,0,9,0
2026-09-21,Uttar Pradesh,Gorakhpur,PHC Gorakhpur East,Paracetamol,236,174,33,51,0,9,0
2026-09-21,Uttar Pradesh,Gorakhpur,PHC Gorakhpur East,ORS,200,174,30,40,0,9,0
2026-09-21,Uttar Pradesh,Gorakhpur,PHC Gorakhpur East,Amoxicillin,76,174,27,36,0,9,0
2026-09-21,Uttar Pradesh,Gorakhpur,PHC Gorakhpur East,Azithromycin,80,174,20,28,0,9,0
2026-09-21,Uttar Pradesh,Gorakhpur,PHC Gorakhpur East,Ibuprofen,229,174,25,30,0,9,0
2026-09-21,Gujarat,Ahmedabad,PHC Ahmedabad Metro East,Paracetamol,205,103,21,28,0,9,0
2026-09-21,Gujarat,Ahmedabad,PHC Ahmedabad Metro East,ORS,285,103,18,23,0,9,0
2026-09-21,Gujarat,Ahmedabad,PHC Ahmedabad Metro East,Amoxicillin,382,103,15,20,0,9,0
2026-09-21,Gujarat,Ahmedabad,PHC Ahmedabad Metro East,Azithromycin,470,103,12,17,0,9,0
2026-09-21,Gujarat,Ahmedabad,PHC Ahmedabad Metro East,Ibuprofen,425,103,13,18,0,9,0
2026-09-21,Gujarat,Surat,PHC Surat Coastal,Paracetamol,152,129,27,35,0,9,0
2026-09-21,Gujarat,Surat,PHC Surat Coastal,ORS,279,129,22,30,0,9,0
2026-09-21,Gujarat,Surat,PHC Surat Coastal,Amoxicillin,390,129,17,27,0,9,0
2026-09-21,Gujarat,Surat,PHC Surat Coastal,Azithromycin,493,129,15,21,0,9,0
2026-09-21,Gujarat,Surat,PHC Surat Coastal,Ibuprofen,434,129,17,23,0,9,0
2026-09-21,Gujarat,Rajkot,PHC Rajkot West,Paracetamol,396,101,20,31,0,9,0
2026-09-21,Gujarat,Rajkot,PHC Rajkot West,ORS,470,101,18,24,0,9,0
2026-09-21,Gujarat,Rajkot,PHC Rajkot West,Amoxicillin,66,101,15,21,0,9,0
2026-09-21,Gujarat,Rajkot,PHC Rajkot West,Azithromycin,149,101,11,16,0,9,0
2026-09-21,Gujarat,Rajkot,PHC Rajkot West,Ibuprofen,108,101,12,17,0,9,0
2026-09-21,Gujarat,Kutch,PHC Kutch Rural Outpost,Paracetamol,219,172,34,51,0,9,0
2026-09-21,Gujarat,Kutch,PHC Kutch Rural Outpost,ORS,63,172,27,41,0,9,0
2026-09-21,Gujarat,Kutch,PHC Kutch Rural Outpost,Amoxicillin,191,172,24,33,0,9,0
2026-09-21,Gujarat,Kutch,PHC Kutch Rural Outpost,Azithromycin,73,172,17,29,0,9,0
2026-09-21,Gujarat,Kutch,PHC Kutch Rural Outpost,Ibuprofen,169,172,21,29,0,9,0
2026-09-22,Madhya Pradesh,Guna,PHC Guna Central,Paracetamol,135,169,46,48,1,9,0
2026-09-22,Madhya Pradesh,Guna,PHC Guna Central,ORS,103,169,39,38,1,9,0
2026-09-22,Madhya Pradesh,Guna,PHC Guna Central,Amoxicillin,151,169,36,33,1,9,0
2026-09-22,Madhya Pradesh,Guna,PHC Guna Central,Azithromycin,138,169,29,28,1,9,0
2026-09-22,Madhya Pradesh,Guna,PHC Guna Central,Ibuprofen,69,169,32,28,1,9,0
2026-09-22,Madhya Pradesh,Bhopal,PHC Bhopal West,Paracetamol,92,112,32,30,1,9,0
2026-09-22,Madhya Pradesh,Bhopal,PHC Bhopal West,ORS,195,112,27,27,1,9,0
2026-09-22,Madhya Pradesh,Bhopal,PHC Bhopal West,Amoxicillin,288,112,23,21,1,9,0
2026-09-22,Madhya Pradesh,Bhopal,PHC Bhopal West,Azithromycin,393,112,18,19,1,9,0
2026-09-22,Madhya Pradesh,Bhopal,PHC Bhopal West,Ibuprofen,350,112,20,21,1,9,0
2026-09-22,Madhya Pradesh,Indore,PHC Indore Rural,Paracetamol,335,144,40,37,1,9,0
2026-09-22,Madhya Pradesh,Indore,PHC Indore Rural,ORS,149,144,36,36,1,9,0
2026-09-22,Madhya Pradesh,Indore,PHC Indore Rural,Amoxicillin,269,144,29,28,1,9,0
2026-09-22,Madhya Pradesh,Indore,PHC Indore Rural,Azithromycin,100,144,22,23,1,9,0
2026-09-22,Madhya Pradesh,Indore,PHC Indore Rural,Ibuprofen,351,144,28,26,1,9,0
2026-09-22,Madhya Pradesh,Shivpuri,PHC Shivpuri North,Paracetamol,167,100,27,26,1,9,0
2026-09-22,Madhya Pradesh,Shivpuri,PHC Shivpuri North,ORS,256,100,25,25,1,9,0
2026-09-22,Madhya Pradesh,Shivpuri,PHC Shivpuri North,Amoxicillin,80,100,19,20,1,9,0
2026-09-22,Madhya Pradesh,Shivpuri,PHC Shivpuri North,Azithromycin,174,100,16,15,1,9,0
2026-09-22,Madhya Pradesh,Shivpuri,PHC Shivpuri North,Ibuprofen,126,100,19,18,1,9,0
2026-09-22,Rajasthan,Jaipur,PHC Jaipur Rural North,Paracetamol,546,115,34,31,1,9,0
2026-09-22,Rajasthan,Jaipur,PHC Jaipur Rural North,ORS,651,115,29,28,1,9,0
2026-09-22,Rajasthan,Jaipur,PHC Jaipur Rural North,Amoxicillin,113,115,25,22,1,9,0
2026-09-22,Rajasthan,Jaipur,PHC Jaipur Rural North,Azithromycin,218,115,20,19,1,9,0
2026-09-22,Rajasthan,Jaipur,PHC Jaipur Rural North,Ibuprofen,163,115,23,19,1,9,0
2026-09-22,Rajasthan,Udaipur,PHC Udaipur South,Paracetamol,349,133,33,35,1,9,0
2026-09-22,Rajasthan,Udaipur,PHC Udaipur South,ORS,167,133,28,30,1,9,0
2026-09-22,Rajasthan,Udaipur,PHC Udaipur South,Amoxicillin,302,133,24,25,1,9,0
2026-09-22,Rajasthan,Udaipur,PHC Udaipur South,Azithromycin,116,133,21,20,1,9,0
2026-09-22,Rajasthan,Udaipur,PHC Udaipur South,Ibuprofen,49,133,23,23,1,9,0
2026-09-22,Rajasthan,Jodhpur,PHC Jodhpur Desert Edge,Paracetamol,56,150,43,42,1,9,0
2026-09-22,Rajasthan,Jodhpur,PHC Jodhpur Desert Edge,ORS,252,150,35,34,1,9,0
2026-09-22,Rajasthan,Jodhpur,PHC Jodhpur Desert Edge,Amoxicillin,101,150,28,31,1,9,0
2026-09-22,Rajasthan,Jodhpur,PHC Jodhpur Desert Edge,Azithromycin,101,150,23,23,1,9,0
2026-09-22,Rajasthan,Jodhpur,PHC Jodhpur Desert Edge,Ibuprofen,41,150,28,25,1,9,0
2026-09-22,Rajasthan,Kota,PHC Kota Industrial,Paracetamol,176,100,28,27,1,9,0
2026-09-22,Rajasthan,Kota,PHC Kota Industrial,ORS,270,100,23,26,1,9,0
2026-09-22,Rajasthan,Kota,PHC Kota Industrial,Amoxicillin,361,100,19,19,1,9,0
2026-09-22,Rajasthan,Kota,PHC Kota Industrial,Azithromycin,45,100,15,15,1,9,0
2026-09-22,Rajasthan,Kota,PHC Kota Industrial,Ibuprofen,414,100,18,18,1,9,0
2026-09-22,Maharashtra,Pune,PHC Pune East,Paracetamol,716,125,35,37,1,9,0
2026-09-22,Maharashtra,Pune,PHC Pune East,ORS,80,125,29,31,1,9,0
2026-09-22,Maharashtra,Pune,PHC Pune East,Amoxicillin,185,125,25,24,1,9,0
2026-09-22,Maharashtra,Pune,PHC Pune East,Azithromycin,302,125,18,19,1,9,0
2026-09-22,Maharashtra,Pune,PHC Pune East,Ibuprofen,246,125,23,23,1,9,0
2026-09-22,Maharashtra,Nagpur,PHC Nagpur Rural,Paracetamol,109,139,40,36,1,9,0
2026-09-22,Maharashtra,Nagpur,PHC Nagpur Rural,ORS,232,139,32,32,1,9,0
2026-09-22,Maharashtra,Nagpur,PHC Nagpur Rural,Amoxicillin,368,139,26,27,1,9,0
2026-09-22,Maharashtra,Nagpur,PHC Nagpur Rural,Azithromycin,162,139,20,24,1,9,0
2026-09-22,Maharashtra,Nagpur,PHC Nagpur Rural,Ibuprofen,89,139,26,24,1,9,0
2026-09-22,Maharashtra,Nashik,PHC Nashik Tribal Belt,Paracetamol,153,159,41,42,1,9,0
2026-09-22,Maharashtra,Nashik,PHC Nashik Tribal Belt,ORS,172,159,36,36,1,9,0
2026-09-22,Maharashtra,Nashik,PHC Nashik Tribal Belt,Amoxicillin,93,159,31,29,1,9,0
2026-09-22,Maharashtra,Nashik,PHC Nashik Tribal Belt,Azithromycin,135,159,26,25,1,9,0
2026-09-22,Maharashtra,Nashik,PHC Nashik Tribal Belt,Ibuprofen,61,159,27,30,1,9,0
2026-09-22,Maharashtra,Chhatrapati Sambhajinagar,PHC Aurangabad North,Paracetamol,262,91,26,26,1,9,0
2026-09-22,Maharashtra,Chhatrapati Sambhajinagar,PHC Aurangabad North,ORS,361,91,23,20,1,9,0
2026-09-22,Maharashtra,Chhatrapati Sambhajinagar,PHC Aurangabad North,Amoxicillin,444,91,18,19,1,9,0
2026-09-22,Maharashtra,Chhatrapati Sambhajinagar,PHC Aurangabad North,Azithromycin,87,91,15,14,1,9,0
2026-09-22,Maharashtra,Chhatrapati Sambhajinagar,PHC Aurangabad North,Ibuprofen,484,91,16,17,1,9,0
2026-09-22,Uttar Pradesh,Varanasi,PHC Varanasi Ghats,Paracetamol,143,150,39,40,1,9,0
2026-09-22,Uttar Pradesh,Varanasi,PHC Varanasi Ghats,ORS,294,150,35,35,1,9,0
2026-09-22,Uttar Pradesh,Varanasi,PHC Varanasi Ghats,Amoxicillin,45,150,31,30,1,9,0
2026-09-22,Uttar Pradesh,Varanasi,PHC Varanasi Ghats,Azithromycin,201,150,23,24,1,9,0
2026-09-22,Uttar Pradesh,Varanasi,PHC Varanasi Ghats,Ibuprofen,128,150,28,29,1,9,0
2026-09-22,Uttar Pradesh,Lucknow,PHC Lucknow Central Hub,Paracetamol,187,100,31,29,1,9,0
2026-09-22,Uttar Pradesh,Lucknow,PHC Lucknow Central Hub,ORS,295,100,24,23,1,9,0
2026-09-22,Uttar Pradesh,Lucknow,PHC Lucknow Central Hub,Amoxicillin,386,100,22,20,1,9,0
2026-09-22,Uttar Pradesh,Lucknow,PHC Lucknow Central Hub,Azithromycin,495,100,17,17,1,9,0
2026-09-22,Uttar Pradesh,Lucknow,PHC Lucknow Central Hub,Ibuprofen,441,100,19,17,1,9,0
2026-09-22,Uttar Pradesh,Kanpur Nagar,PHC Kanpur South,Paracetamol,63,110,33,33,1,9,0
2026-09-22,Uttar Pradesh,Kanpur Nagar,PHC Kanpur South,ORS,162,110,27,28,1,9,0
2026-09-22,Uttar Pradesh,Kanpur Nagar,PHC Kanpur South,Amoxicillin,263,110,23,23,1,9,0
2026-09-22,Uttar Pradesh,Kanpur Nagar,PHC Kanpur South,Azithromycin,372,110,19,18,1,9,0
2026-09-22,Uttar Pradesh,Kanpur Nagar,PHC Kanpur South,Ibuprofen,324,110,20,19,1,9,0
2026-09-22,Uttar Pradesh,Gorakhpur,PHC Gorakhpur East,Paracetamol,185,180,51,47,1,9,0
2026-09-22,Uttar Pradesh,Gorakhpur,PHC Gorakhpur East,ORS,160,180,40,46,1,9,0
2026-09-22,Uttar Pradesh,Gorakhpur,PHC Gorakhpur East,Amoxicillin,40,180,36,34,1,9,0
2026-09-22,Uttar Pradesh,Gorakhpur,PHC Gorakhpur East,Azithromycin,52,180,28,28,1,9,0
2026-09-22,Uttar Pradesh,Gorakhpur,PHC Gorakhpur East,Ibuprofen,199,180,30,33,1,9,0
2026-09-22,Gujarat,Ahmedabad,PHC Ahmedabad Metro East,Paracetamol,177,105,28,30,1,9,0
2026-09-22,Gujarat,Ahmedabad,PHC Ahmedabad Metro East,ORS,262,105,23,24,1,9,0
2026-09-22,Gujarat,Ahmedabad,PHC Ahmedabad Metro East,Amoxicillin,362,105,20,21,1,9,0
2026-09-22,Gujarat,Ahmedabad,PHC Ahmedabad Metro East,Azithromycin,453,105,17,16,1,9,0
2026-09-22,Gujarat,Ahmedabad,PHC Ahmedabad Metro East,Ibuprofen,407,105,18,17,1,9,0
2026-09-22,Gujarat,Surat,PHC Surat Coastal,Paracetamol,117,127,35,37,1,9,0
2026-09-22,Gujarat,Surat,PHC Surat Coastal,ORS,249,127,30,33,1,9,0
2026-09-22,Gujarat,Surat,PHC Surat Coastal,Amoxicillin,363,127,27,24,1,9,0
2026-09-22,Gujarat,Surat,PHC Surat Coastal,Azithromycin,472,127,21,22,1,9,0
2026-09-22,Gujarat,Surat,PHC Surat Coastal,Ibuprofen,411,127,23,21,1,9,0
2026-09-22,Gujarat,Rajkot,PHC Rajkot West,Paracetamol,365,93,31,24,1,9,0
2026-09-22,Gujarat,Rajkot,PHC Rajkot West,ORS,446,93,24,21,1,9,0
2026-09-22,Gujarat,Rajkot,PHC Rajkot West,Amoxicillin,45,93,21,18,1,9,0
2026-09-22,Gujarat,Rajkot,PHC Rajkot West,Azithromycin,133,93,16,15,1,9,0
2026-09-22,Gujarat,Rajkot,PHC Rajkot West,Ibuprofen,91,93,17,17,1,9,0
2026-09-22,Gujarat,Kutch,PHC Kutch Rural Outpost,Paracetamol,168,169,51,48,1,9,0
2026-09-22,Gujarat,Kutch,PHC Kutch Rural Outpost,ORS,202,169,41,41,1,9,0
2026-09-22,Gujarat,Kutch,PHC Kutch Rural Outpost,Amoxicillin,158,169,33,36,1,9,0
2026-09-22,Gujarat,Kutch,PHC Kutch Rural Outpost,Azithromycin,44,169,29,28,1,9,0
2026-09-22,Gujarat,Kutch,PHC Kutch Rural Outpost,Ibuprofen,140,169,29,30,1,9,0
2026-09-23,Madhya Pradesh,Guna,PHC Guna Central,Paracetamol,87,140,48,40,2,9,0
2026-09-23,Madhya Pradesh,Guna,PHC Guna Central,ORS,65,140,38,31,2,9,0
2026-09-23,Madhya Pradesh,Guna,PHC Guna Central,Amoxicillin,118,140,33,29,2,9,0
2026-09-23,Madhya Pradesh,Guna,PHC Guna Central,Azithromycin,110,140,28,21,2,9,0
2026-09-23,Madhya Pradesh,Guna,PHC Guna Central,Ibuprofen,41,140,28,25,2,9,0
2026-09-23,Madhya Pradesh,Bhopal,PHC Bhopal West,Paracetamol,62,93,30,26,2,9,0
2026-09-23,Madhya Pradesh,Bhopal,PHC Bhopal West,ORS,168,93,27,24,2,9,0
2026-09-23,Madhya Pradesh,Bhopal,PHC Bhopal West,Amoxicillin,267,93,21,19,2,9,0
2026-09-23,Madhya Pradesh,Bhopal,PHC Bhopal West,Azithromycin,374,93,19,16,2,9,0
2026-09-23,Madhya Pradesh,Bhopal,PHC Bhopal West,Ibuprofen,329,93,21,16,2,9,0
2026-09-23,Madhya Pradesh,Indore,PHC Indore Rural,Paracetamol,298,122,37,32,2,9,0
2026-09-23,Madhya Pradesh,Indore,PHC Indore Rural,ORS,113,122,36,31,2,9,0
2026-09-23,Madhya Pradesh,Indore,PHC Indore Rural,Amoxicillin,241,122,28,26,2,9,0
2026-09-23,Madhya Pradesh,Indore,PHC Indore Rural,Azithromycin,77,122,23,21,2,9,0
2026-09-23,Madhya Pradesh,Indore,PHC Indore Rural,Ibuprofen,325,122,26,20,2,9,0
2026-09-23,Madhya Pradesh,Shivpuri,PHC Shivpuri North,Paracetamol,141,85,26,23,2,9,0
2026-09-23,Madhya Pradesh,Shivpuri,PHC Shivpuri North,ORS,231,85,25,22,2,9,0
2026-09-23,Madhya Pradesh,Shivpuri,PHC Shivpuri North,Amoxicillin,60,85,20,16,2,9,0
2026-09-23,Madhya Pradesh,Shivpuri,PHC Shivpuri North,Azithromycin,159,85,15,13,2,9,0
2026-09-23,Madhya Pradesh,Shivpuri,PHC Shivpuri North,Ibuprofen,108,85,18,16,2,9,0
2026-09-23,Rajasthan,Jaipur,PHC Jaipur Rural North,Paracetamol,515,93,31,25,2,9,0
2026-09-23,Rajasthan,Jaipur,PHC Jaipur Rural North,ORS,623,93,28,22,2,9,0
2026-09-23,Rajasthan,Jaipur,PHC Jaipur Rural North,Amoxicillin,91,93,22,19,2,9,0
2026-09-23,Rajasthan,Jaipur,PHC Jaipur Rural North,Azithromycin,199,93,19,15,2,9,0
2026-09-23,Rajasthan,Jaipur,PHC Jaipur Rural North,Ibuprofen,144,93,19,18,2,9,0
2026-09-23,Rajasthan,Udaipur,PHC Udaipur South,Paracetamol,314,109,35,29,2,9,0
2026-09-23,Rajasthan,Udaipur,PHC Udaipur South,ORS,137,109,30,26,2,9,0
2026-09-23,Rajasthan,Udaipur,PHC Udaipur South,Amoxicillin,277,109,25,22,2,9,0
2026-09-23,Rajasthan,Udaipur,PHC Udaipur South,Azithromycin,96,109,20,16,2,9,0
2026-09-23,Rajasthan,Udaipur,PHC Udaipur South,Ibuprofen,336,109,23,19,2,9,0
2026-09-23,Rajasthan,Jodhpur,PHC Jodhpur Desert Edge,Paracetamol,234,131,42,34,2,9,0
2026-09-23,Rajasthan,Jodhpur,PHC Jodhpur Desert Edge,ORS,218,131,34,29,2,9,0
2026-09-23,Rajasthan,Jodhpur,PHC Jodhpur Desert Edge,Amoxicillin,70,131,31,27,2,9,0
2026-09-23,Rajasthan,Jodhpur,PHC Jodhpur Desert Edge,Azithromycin,78,131,23,21,2,9,0
2026-09-23,Rajasthan,Jodhpur,PHC Jodhpur Desert Edge,Ibuprofen,236,131,25,23,2,9,0
2026-09-23,Rajasthan,Kota,PHC Kota Industrial,Paracetamol,149,85,27,23,2,9,0
2026-09-23,Rajasthan,Kota,PHC Kota Industrial,ORS,244,85,26,21,2,9,0
2026-09-23,Rajasthan,Kota,PHC Kota Industrial,Amoxicillin,342,85,19,18,2,9,0
2026-09-23,Rajasthan,Kota,PHC Kota Industrial,Azithromycin,450,85,15,13,2,9,0
2026-09-23,Rajasthan,Kota,PHC Kota Industrial,Ibuprofen,396,85,18,14,2,9,0
2026-09-23,Maharashtra,Pune,PHC Pune East,Paracetamol,679,96,37,27,2,9,0
2026-09-23,Maharashtra,Pune,PHC Pune East,ORS,49,96,31,23,2,9,0
2026-09-23,Maharashtra,Pune,PHC Pune East,Amoxicillin,161,96,24,20,2,9,0
2026-09-23,Maharashtra,Pune,PHC Pune East,Azithromycin,283,96,19,15,2,9,0
2026-09-23,Maharashtra,Pune,PHC Pune East,Ibuprofen,223,96,23,18,2,9,0
2026-09-23,Maharashtra,Nagpur,PHC Nagpur Rural,Paracetamol,73,118,36,31,2,9,0
2026-09-23,Maharashtra,Nagpur,PHC Nagpur Rural,ORS,200,118,32,29,2,9,0
2026-09-23,Maharashtra,Nagpur,PHC Nagpur Rural,Amoxicillin,341,118,27,23,2,9,0
2026-09-23,Maharashtra,Nagpur,PHC Nagpur Rural,Azithromycin,138,118,24,18,2,9,0
2026-09-23,Maharashtra,Nagpur,PHC Nagpur Rural,Ibuprofen,65,118,24,22,2,9,0
2026-09-23,Maharashtra,Nashik,PHC Nashik Tribal Belt,Paracetamol,111,142,42,38,2,9,0
2026-09-23,Maharashtra,Nashik,PHC Nashik Tribal Belt,ORS,136,142,36,34,2,9,0
2026-09-23,Maharashtra,Nashik,PHC Nashik Tribal Belt,Amoxicillin,64,142,29,29,2,9,0
2026-09-23,Maharashtra,Nashik,PHC Nashik Tribal Belt,Azithromycin,110,142,25,21,2,9,0
2026-09-23,Maharashtra,Nashik,PHC Nashik Tribal Belt,Ibuprofen,221,142,30,24,2,9,0
2026-09-23,Maharashtra,Chhatrapati Sambhajinagar,PHC Aurangabad North,Paracetamol,236,74,26,21,2,9,0
2026-09-23,Maharashtra,Chhatrapati Sambhajinagar,PHC Aurangabad North,ORS,341,74,20,18,2,9,0
2026-09-23,Maharashtra,Chhatrapati Sambhajinagar,PHC Aurangabad North,Amoxicillin,425,74,19,14,2,9,0
2026-09-23,Maharashtra,Chhatrapati Sambhajinagar,PHC Aurangabad North,Azithromycin,73,74,14,12,2,9,0
2026-09-23,Maharashtra,Chhatrapati Sambhajinagar,PHC Aurangabad North,Ibuprofen,467,74,17,13,2,9,0
2026-09-23,Uttar Pradesh,Varanasi,PHC Varanasi Ghats,Paracetamol,103,132,40,36,2,9,0
2026-09-23,Uttar Pradesh,Varanasi,PHC Varanasi Ghats,ORS,259,132,35,31,2,9,0
2026-09-23,Uttar Pradesh,Varanasi,PHC Varanasi Ghats,Amoxicillin,395,132,30,28,2,9,0
2026-09-23,Uttar Pradesh,Varanasi,PHC Varanasi Ghats,Azithromycin,177,132,24,22,2,9,0
2026-09-23,Uttar Pradesh,Varanasi,PHC Varanasi Ghats,Ibuprofen,99,132,29,22,2,9,0
2026-09-23,Uttar Pradesh,Lucknow,PHC Lucknow Central Hub,Paracetamol,158,89,29,27,2,9,0
2026-09-23,Uttar Pradesh,Lucknow,PHC Lucknow Central Hub,ORS,272,89,23,23,2,9,0
2026-09-23,Uttar Pradesh,Lucknow,PHC Lucknow Central Hub,Amoxicillin,366,89,20,18,2,9,0
2026-09-23,Uttar Pradesh,Lucknow,PHC Lucknow Central Hub,Azithromycin,478,89,17,15,2,9,0
2026-09-23,Uttar Pradesh,Lucknow,PHC Lucknow Central Hub,Ibuprofen,424,89,17,16,2,9,0
2026-09-23,Uttar Pradesh,Kanpur Nagar,PHC Kanpur South,Paracetamol,430,98,33,29,2,9,0
2026-09-23,Uttar Pradesh,Kanpur Nagar,PHC Kanpur South,ORS,134,98,28,22,2,9,0
2026-09-23,Uttar Pradesh,Kanpur Nagar,PHC Kanpur South,Amoxicillin,240,98,23,20,2,9,0
2026-09-23,Uttar Pradesh,Kanpur Nagar,PHC Kanpur South,Azithromycin,354,98,18,16,2,9,0
2026-09-23,Uttar Pradesh,Kanpur Nagar,PHC Kanpur South,Ibuprofen,305,98,19,16,2,9,0
2026-09-23,Uttar Pradesh,Gorakhpur,PHC Gorakhpur East,Paracetamol,138,157,47,46,2,9,0
2026-09-23,Uttar Pradesh,Gorakhpur,PHC Gorakhpur East,ORS,114,157,46,38,2,9,0
2026-09-23,Uttar Pradesh,Gorakhpur,PHC Gorakhpur East,Amoxicillin,246,157,34,31,2,9,0
2026-09-23,Uttar Pradesh,Gorakhpur,PHC Gorakhpur East,Azithromycin,264,157,28,27,2,9,0
2026-09-23,Uttar Pradesh,Gorakhpur,PHC Gorakhpur East,Ibuprofen,166,157,33,27,2,9,0
2026-09-23,Gujarat,Ahmedabad,PHC Ahmedabad Metro East,Paracetamol,147,86,30,25,2,9,0
2026-09-23,Gujarat,Ahmedabad,PHC Ahmedabad Metro East,ORS,238,86,24,19,2,9,0
2026-09-23,Gujarat,Ahmedabad,PHC Ahmedabad Metro East,Amoxicillin,341,86,21,17,2,9,0
2026-09-23,Gujarat,Ahmedabad,PHC Ahmedabad Metro East,Azithromycin,437,86,16,14,2,9,0
2026-09-23,Gujarat,Ahmedabad,PHC Ahmedabad Metro East,Ibuprofen,390,86,17,16,2,9,0
2026-09-23,Gujarat,Surat,PHC Surat Coastal,Paracetamol,80,105,37,29,2,9,0
2026-09-23,Gujarat,Surat,PHC Surat Coastal,ORS,216,105,33,27,2,9,0
2026-09-23,Gujarat,Surat,PHC Surat Coastal,Amoxicillin,339,105,24,22,2,9,0
2026-09-23,Gujarat,Surat,PHC Surat Coastal,Azithromycin,450,105,22,18,2,9,0
2026-09-23,Gujarat,Surat,PHC Surat Coastal,Ibuprofen,390,105,21,18,2,9,0
2026-09-23,Gujarat,Rajkot,PHC Rajkot West,Paracetamol,341,87,24,26,2,9,0
2026-09-23,Gujarat,Rajkot,PHC Rajkot West,ORS,425,87,21,21,2,9,0
2026-09-23,Gujarat,Rajkot,PHC Rajkot West,Amoxicillin,527,87,18,16,2,9,0
2026-09-23,Gujarat,Rajkot,PHC Rajkot West,Azithromycin,118,87,15,14,2,9,0
2026-09-23,Gujarat,Rajkot,PHC Rajkot West,Ibuprofen,74,87,17,16,2,9,0
2026-09-23,Gujarat,Kutch,PHC Kutch Rural Outpost,Paracetamol,120,144,48,39,2,9,0
2026-09-23,Gujarat,Kutch,PHC Kutch Rural Outpost,ORS,161,144,41,36,2,9,0
2026-09-23,Gujarat,Kutch,PHC Kutch Rural Outpost,Amoxicillin,122,144,36,30,2,9,0
2026-09-23,Gujarat,Kutch,PHC Kutch Rural Outpost,Azithromycin,196,144,28,24,2,9,0
2026-09-23,Gujarat,Kutch,PHC Kutch Rural Outpost,Ibuprofen,110,144,30,28,2,9,0
