date,phc_id,medicine_id,medicine_name,stock_quantity,daily_demand,received_quantity,expired_quantity,population
2026-01-01,PHC001,M001,Paracetamol,2124,65,1284,1,12000
2026-01-02,PHC001,M001,Paracetamol,2060,63,0,1,12000
2026-01-03,PHC001,M001,Paracetamol,1989,70,0,1,12000
2026-01-04,PHC001,M001,Paracetamol,1936,50,0,3,12000
2026-01-05,PHC001,M001,Paracetamol,1872,60,0,4,12000
2026-01-06,PHC001,M001,Paracetamol,1802,69,0,1,12000
2026-01-07,PHC001,M001,Paracetamol,1760,40,0,2,12000
2026-01-08,PHC001,M001,Paracetamol,1678,81,0,1,12000
2026-01-09,PHC001,M001,Paracetamol,1626,52,0,0,12000
2026-01-10,PHC001,M001,Paracetamol,1560,64,0,2,12000
2026-01-11,PHC001,M001,Paracetamol,1503,56,0,1,12000
2026-01-12,PHC001,M001,Paracetamol,1448,55,0,0,12000
2026-01-13,PHC001,M001,Paracetamol,1382,65,0,1,12000
2026-01-14,PHC001,M001,Paracetamol,1318,63,0,1,12000
2026-01-15,PHC001,M001,Paracetamol,2253,61,997,1,12000
2026-01-16,PHC001,M001,Paracetamol,2195,57,0,1,12000
2026-01-17,PHC001,M001,Paracetamol,2135,60,0,0,12000
2026-01-18,PHC001,M001,Paracetamol,2076,57,0,2,12000
2026-01-19,PHC001,M001,Paracetamol,2003,70,0,3,12000
2026-01-20,PHC001,M001,Paracetamol,1947,54,0,2,12000
2026-01-21,PHC001,M001,Paracetamol,1885,62,0,0,12000
2026-01-22,PHC001,M001,Paracetamol,1817,67,0,1,12000
2026-01-23,PHC001,M001,Paracetamol,1751,66,0,0,12000
2026-01-24,PHC001,M001,Paracetamol,1681,68,0,2,12000
2026-01-25,PHC001,M001,Paracetamol,1613,68,0,0,12000
2026-01-26,PHC001,M001,Paracetamol,1537,75,0,1,12000
2026-01-27,PHC001,M001,Paracetamol,1471,64,0,2,12000
2026-01-28,PHC001,M001,Paracetamol,1402,68,0,1,12000
2026-01-29,PHC001,M001,Paracetamol,1336,66,0,0,12000
2026-01-30,PHC001,M001,Paracetamol,1274,62,0,0,12000
2026-01-31,PHC001,M001,Paracetamol,1209,64,0,1,12000
2026-02-01,PHC001,M001,Paracetamol,2285,58,1135,1,12000
2026-02-02,PHC001,M001,Paracetamol,2214,69,0,2,12000
2026-02-03,PHC001,M001,Paracetamol,2136,77,0,1,12000
2026-02-04,PHC001,M001,Paracetamol,2079,57,0,0,12000
2026-02-05,PHC001,M001,Paracetamol,2026,51,0,2,12000
2026-02-06,PHC001,M001,Paracetamol,1969,55,0,2,12000
2026-02-07,PHC001,M001,Paracetamol,1920,49,0,0,12000
2026-02-08,PHC001,M001,Paracetamol,1856,61,0,3,12000
2026-02-09,PHC001,M001,Paracetamol,1800,55,0,1,12000
2026-02-10,PHC001,M001,Paracetamol,1745,50,0,5,12000
2026-02-11,PHC001,M001,Paracetamol,1673,69,0,3,12000
2026-02-12,PHC001,M001,Paracetamol,1613,58,0,2,12000
2026-02-13,PHC001,M001,Paracetamol,1558,55,0,0,12000
2026-02-14,PHC001,M001,Paracetamol,1484,72,0,2,12000
2026-02-15,PHC001,M001,Paracetamol,2334,48,899,1,12000
2026-02-16,PHC001,M001,Paracetamol,2277,56,0,1,12000
2026-02-17,PHC001,M001,Paracetamol,2229,46,0,2,12000
2026-02-18,PHC001,M001,Paracetamol,2166,60,0,3,12000
2026-02-19,PHC001,M001,Paracetamol,2106,60,0,0,12000
2026-02-20,PHC001,M001,Paracetamol,2037,68,0,1,12000
2026-02-21,PHC001,M001,Paracetamol,1979,57,0,1,12000
2026-02-22,PHC001,M001,Paracetamol,1909,68,0,2,12000
2026-02-23,PHC001,M001,Paracetamol,1847,61,0,1,12000
2026-02-24,PHC001,M001,Paracetamol,1791,55,0,1,12000
2026-02-25,PHC001,M001,Paracetamol,1738,50,0,3,12000
2026-02-26,PHC001,M001,Paracetamol,1685,51,0,2,12000
2026-02-27,PHC001,M001,Paracetamol,1624,60,0,1,12000
2026-02-28,PHC001,M001,Paracetamol,1581,43,0,0,12000
2026-03-01,PHC001,M001,Paracetamol,2255,64,738,0,12000
2026-03-02,PHC001,M001,Paracetamol,2209,44,0,2,12000
2026-03-03,PHC001,M001,Paracetamol,2157,49,0,3,12000
2026-03-04,PHC001,M001,Paracetamol,2096,60,0,1,12000
2026-03-05,PHC001,M001,Paracetamol,2051,45,0,0,12000
2026-03-06,PHC001,M001,Paracetamol,2000,48,0,3,12000
2026-03-07,PHC001,M001,Paracetamol,1955,40,0,5,12000
2026-03-08,PHC001,M001,Paracetamol,1895,58,0,2,12000
2026-03-09,PHC001,M001,Paracetamol,1850,42,0,3,12000
2026-03-10,PHC001,M001,Paracetamol,1799,50,0,1,12000
2026-03-11,PHC001,M001,Paracetamol,1757,42,0,0,12000
2026-03-12,PHC001,M001,Paracetamol,1707,49,0,1,12000
2026-03-13,PHC001,M001,Paracetamol,1648,56,0,3,12000
2026-03-14,PHC001,M001,Paracetamol,1595,51,0,2,12000
2026-03-15,PHC001,M001,Paracetamol,2436,55,898,2,12000
2026-03-16,PHC001,M001,Paracetamol,2391,45,0,0,12000
2026-03-17,PHC001,M001,Paracetamol,2336,55,0,0,12000
2026-03-18,PHC001,M001,Paracetamol,2266,67,0,3,12000
2026-03-19,PHC001,M001,Paracetamol,2207,55,0,4,12000
2026-03-20,PHC001,M001,Paracetamol,2157,48,0,2,12000
2026-03-21,PHC001,M001,Paracetamol,2110,46,0,1,12000
2026-03-22,PHC001,M001,Paracetamol,2054,55,0,1,12000
2026-03-23,PHC001,M001,Paracetamol,1997,57,0,0,12000
2026-03-24,PHC001,M001,Paracetamol,1952,43,0,2,12000
2026-03-25,PHC001,M001,Paracetamol,1890,60,0,2,12000
2026-03-26,PHC001,M001,Paracetamol,1839,51,0,0,12000
2026-03-27,PHC001,M001,Paracetamol,1783,55,0,1,12000
2026-03-28,PHC001,M001,Paracetamol,1710,72,0,1,12000
2026-03-29,PHC001,M001,Paracetamol,1633,75,0,2,12000
2026-03-30,PHC001,M001,Paracetamol,1585,48,0,0,12000
2026-03-31,PHC001,M001,Paracetamol,1526,58,0,1,12000
2026-04-01,PHC001,M001,Paracetamol,2501,58,1033,0,12000
2026-04-02,PHC001,M001,Paracetamol,2438,55,0,8,12000
2026-04-03,PHC001,M001,Paracetamol,2370,64,0,4,12000
2026-04-04,PHC001,M001,Paracetamol,2315,51,0,4,12000
2026-04-05,PHC001,M001,Paracetamol,2178,135,0,2,12000
2026-04-06,PHC001,M001,Paracetamol,2108,70,0,0,12000
2026-04-07,PHC001,M001,Paracetamol,2039,69,0,0,12000
2026-04-08,PHC001,M001,Paracetamol,1982,55,0,2,12000
2026-04-09,PHC001,M001,Paracetamol,1913,67,0,2,12000
2026-04-10,PHC001,M001,Paracetamol,1852,56,0,5,12000
2026-04-11,PHC001,M001,Paracetamol,1785,67,0,0,12000
2026-04-12,PHC001,M001,Paracetamol,1709,76,0,0,12000
2026-04-13,PHC001,M001,Paracetamol,1644,64,0,1,12000
2026-04-14,PHC001,M001,Paracetamol,1581,61,0,2,12000
2026-04-15,PHC001,M001,Paracetamol,2650,82,1151,0,12000
2026-04-16,PHC001,M001,Paracetamol,2592,56,0,2,12000
2026-04-17,PHC001,M001,Paracetamol,2521,69,0,2,12000
2026-04-18,PHC001,M001,Paracetamol,2462,59,0,0,12000
2026-04-19,PHC001,M001,Paracetamol,2395,65,0,2,12000
2026-04-20,PHC001,M001,Paracetamol,2324,69,0,2,12000
2026-04-21,PHC001,M001,Paracetamol,2260,63,0,1,12000
2026-04-22,PHC001,M001,Paracetamol,2187,70,0,3,12000
2026-04-23,PHC001,M001,Paracetamol,2119,67,0,1,12000
2026-04-24,PHC001,M001,Paracetamol,2042,77,0,0,12000
2026-04-25,PHC001,M001,Paracetamol,1964,77,0,1,12000
2026-04-26,PHC001,M001,Paracetamol,1906,58,0,0,12000
2026-04-27,PHC001,M001,Paracetamol,1842,64,0,0,12000
2026-04-28,PHC001,M001,Paracetamol,1776,64,0,2,12000
2026-04-29,PHC001,M001,Paracetamol,1713,62,0,1,12000
2026-04-30,PHC001,M001,Paracetamol,1642,70,0,1,12000
2026-05-01,PHC001,M001,Paracetamol,2717,57,1133,1,12000
2026-05-02,PHC001,M001,Paracetamol,2661,56,0,0,12000
2026-05-03,PHC001,M001,Paracetamol,2588,72,0,1,12000
2026-05-04,PHC001,M001,Paracetamol,2540,46,0,2,12000
2026-05-05,PHC001,M001,Paracetamol,2472,67,0,1,12000
2026-05-06,PHC001,M001,Paracetamol,2396,74,0,2,12000
2026-05-07,PHC001,M001,Paracetamol,2323,71,0,2,12000
2026-05-08,PHC001,M001,Paracetamol,2260,60,0,3,12000
2026-05-09,PHC001,M001,Paracetamol,2185,73,0,2,12000
2026-05-10,PHC001,M001,Paracetamol,2110,73,0,2,12000
2026-05-11,PHC001,M001,Paracetamol,2057,51,0,2,12000
2026-05-12,PHC001,M001,Paracetamol,2003,54,0,0,12000
2026-05-13,PHC001,M001,Paracetamol,1925,76,0,2,12000
2026-05-14,PHC001,M001,Paracetamol,1857,66,0,2,12000
2026-05-15,PHC001,M001,Paracetamol,2827,60,1032,2,12000
2026-05-16,PHC001,M001,Paracetamol,2754,71,0,2,12000
2026-05-17,PHC001,M001,Paracetamol,2687,61,0,6,12000
2026-05-18,PHC001,M001,Paracetamol,2631,55,0,1,12000
2026-05-19,PHC001,M001,Paracetamol,2580,49,0,2,12000
2026-05-20,PHC001,M001,Paracetamol,2511,66,0,3,12000
2026-05-21,PHC001,M001,Paracetamol,2438,72,0,1,12000
2026-05-22,PHC001,M001,Paracetamol,2394,41,0,3,12000
2026-05-23,PHC001,M001,Paracetamol,2330,63,0,1,12000
2026-05-24,PHC001,M001,Paracetamol,2162,166,0,2,12000
2026-05-25,PHC001,M001,Paracetamol,2091,68,0,3,12000
2026-05-26,PHC001,M001,Paracetamol,2036,53,0,2,12000
2026-05-27,PHC001,M001,Paracetamol,1982,54,0,0,12000
2026-05-28,PHC001,M001,Paracetamol,1936,43,0,3,12000
2026-05-29,PHC001,M001,Paracetamol,1877,53,0,6,12000
2026-05-30,PHC001,M001,Paracetamol,1814,60,0,3,12000
2026-05-31,PHC001,M001,Paracetamol,1759,55,0,0,12000
2026-06-01,PHC001,M001,Paracetamol,2494,48,784,1,12000
2026-06-02,PHC001,M001,Paracetamol,2439,53,0,2,12000
2026-06-03,PHC001,M001,Paracetamol,2388,50,0,1,12000
2026-06-04,PHC001,M001,Paracetamol,2320,66,0,2,12000
2026-06-05,PHC001,M001,Paracetamol,2261,58,0,1,12000
2026-06-06,PHC001,M001,Paracetamol,2213,46,0,2,12000
2026-06-07,PHC001,M001,Paracetamol,2150,61,0,2,12000
2026-06-08,PHC001,M001,Paracetamol,2089,61,0,0,12000
2026-06-09,PHC001,M001,Paracetamol,2030,55,0,4,12000
2026-06-10,PHC001,M001,Paracetamol,1986,44,0,0,12000
2026-06-11,PHC001,M001,Paracetamol,1932,54,0,0,12000
2026-06-12,PHC001,M001,Paracetamol,1885,45,0,2,12000
2026-06-13,PHC001,M001,Paracetamol,1836,48,0,1,12000
2026-06-14,PHC001,M001,Paracetamol,1770,65,0,1,12000
2026-06-15,PHC001,M001,Paracetamol,2674,52,957,1,12000
2026-06-16,PHC001,M001,Paracetamol,2623,50,0,1,12000
2026-06-17,PHC001,M001,Paracetamol,2568,53,0,2,12000
2026-06-18,PHC001,M001,Paracetamol,2505,62,0,1,12000
2026-06-19,PHC001,M001,Paracetamol,2434,71,0,0,12000
2026-06-20,PHC001,M001,Paracetamol,2385,47,0,2,12000
2026-06-21,PHC001,M001,Paracetamol,2183,200,0,2,12000
2026-06-22,PHC001,M001,Paracetamol,2132,50,0,1,12000
2026-06-23,PHC001,M001,Paracetamol,2054,73,0,5,12000
2026-06-24,PHC001,M001,Paracetamol,1994,57,0,3,12000
2026-06-25,PHC001,M001,Paracetamol,1930,63,0,1,12000
2026-06-26,PHC001,M001,Paracetamol,1882,48,0,0,12000
2026-06-27,PHC001,M001,Paracetamol,1827,53,0,2,12000
2026-06-28,PHC001,M001,Paracetamol,1769,58,0,0,12000
2026-06-29,PHC001,M001,Paracetamol,1715,53,0,1,12000
2026-06-30,PHC001,M001,Paracetamol,1647,65,0,3,12000
2026-01-01,PHC001,M002,ORS,1167,40,637,1,12000
2026-01-02,PHC001,M002,ORS,1122,45,0,0,12000
2026-01-03,PHC001,M002,ORS,1074,47,0,1,12000
2026-01-04,PHC001,M002,ORS,1036,37,0,1,12000
2026-01-05,PHC001,M002,ORS,997,38,0,1,12000
2026-01-06,PHC001,M002,ORS,955,40,0,2,12000
2026-01-07,PHC001,M002,ORS,914,38,0,3,12000
2026-01-08,PHC001,M002,ORS,879,33,0,2,12000
2026-01-09,PHC001,M002,ORS,843,34,0,2,12000
2026-01-10,PHC001,M002,ORS,804,38,0,1,12000
2026-01-11,PHC001,M002,ORS,755,47,0,2,12000
2026-01-12,PHC001,M002,ORS,706,49,0,0,12000
2026-01-13,PHC001,M002,ORS,660,46,0,0,12000
2026-01-14,PHC001,M002,ORS,620,40,0,0,12000
2026-01-15,PHC001,M002,ORS,1167,40,587,0,12000
2026-01-16,PHC001,M002,ORS,1127,40,0,0,12000
2026-01-17,PHC001,M002,ORS,1081,46,0,0,12000
2026-01-18,PHC001,M002,ORS,1049,32,0,0,12000
2026-01-19,PHC001,M002,ORS,1012,36,0,1,12000
2026-01-20,PHC001,M002,ORS,971,38,0,3,12000
2026-01-21,PHC001,M002,ORS,925,46,0,0,12000
2026-01-22,PHC001,M002,ORS,884,39,0,2,12000
2026-01-23,PHC001,M002,ORS,826,58,0,0,12000
2026-01-24,PHC001,M002,ORS,781,44,0,1,12000
2026-01-25,PHC001,M002,ORS,738,43,0,0,12000
2026-01-26,PHC001,M002,ORS,687,51,0,0,12000
2026-01-27,PHC001,M002,ORS,646,40,0,1,12000
2026-01-28,PHC001,M002,ORS,612,34,0,0,12000
2026-01-29,PHC001,M002,ORS,562,50,0,0,12000
2026-01-30,PHC001,M002,ORS,524,37,0,1,12000
2026-01-31,PHC001,M002,ORS,485,39,0,0,12000
2026-02-01,PHC001,M002,ORS,1072,35,622,0,12000
2026-02-02,PHC001,M002,ORS,1030,42,0,0,12000
2026-02-03,PHC001,M002,ORS,988,41,0,1,12000
2026-02-04,PHC001,M002,ORS,953,35,0,0,12000
2026-02-05,PHC001,M002,ORS,901,52,0,0,12000
2026-02-06,PHC001,M002,ORS,859,39,0,3,12000
2026-02-07,PHC001,M002,ORS,812,47,0,0,12000
2026-02-08,PHC001,M002,ORS,761,51,0,0,12000
2026-02-09,PHC001,M002,ORS,714,46,0,1,12000
2026-02-10,PHC001,M002,ORS,578,136,0,0,12000
2026-02-11,PHC001,M002,ORS,551,27,0,0,12000
2026-02-12,PHC001,M002,ORS,509,42,0,0,12000
2026-02-13,PHC001,M002,ORS,466,43,0,0,12000
2026-02-14,PHC001,M002,ORS,428,38,0,0,12000
2026-02-15,PHC001,M002,ORS,993,42,608,1,12000
2026-02-16,PHC001,M002,ORS,952,39,0,2,12000
2026-02-17,PHC001,M002,ORS,916,35,0,1,12000
2026-02-18,PHC001,M002,ORS,874,42,0,0,12000
2026-02-19,PHC001,M002,ORS,834,40,0,0,12000
2026-02-20,PHC001,M002,ORS,804,29,0,1,12000
2026-02-21,PHC001,M002,ORS,764,40,0,0,12000
2026-02-22,PHC001,M002,ORS,732,32,0,0,12000
2026-02-23,PHC001,M002,ORS,701,29,0,2,12000
2026-02-24,PHC001,M002,ORS,669,30,0,2,12000
2026-02-25,PHC001,M002,ORS,631,38,0,0,12000
2026-02-26,PHC001,M002,ORS,591,39,0,1,12000
2026-02-27,PHC001,M002,ORS,553,37,0,1,12000
2026-02-28,PHC001,M002,ORS,521,32,0,0,12000
2026-03-01,PHC001,M002,ORS,1102,32,615,2,12000
2026-03-02,PHC001,M002,ORS,1061,40,0,1,12000
2026-03-03,PHC001,M002,ORS,1027,34,0,0,12000
2026-03-04,PHC001,M002,ORS,997,30,0,0,12000
2026-03-05,PHC001,M002,ORS,968,28,0,1,12000
2026-03-06,PHC001,M002,ORS,927,41,0,0,12000
2026-03-07,PHC001,M002,ORS,897,29,0,1,12000
2026-03-08,PHC001,M002,ORS,873,24,0,0,12000
2026-03-09,PHC001,M002,ORS,829,43,0,1,12000
2026-03-10,PHC001,M002,ORS,801,28,0,0,12000
2026-03-11,PHC001,M002,ORS,759,38,0,4,12000
2026-03-12,PHC001,M002,ORS,721,35,0,3,12000
2026-03-13,PHC001,M002,ORS,689,32,0,0,12000
2026-03-14,PHC001,M002,ORS,650,38,0,1,12000
2026-03-15,PHC001,M002,ORS,1341,42,734,1,12000
2026-03-16,PHC001,M002,ORS,1304,35,0,2,12000
2026-03-17,PHC001,M002,ORS,1278,26,0,0,12000
2026-03-18,PHC001,M002,ORS,1253,23,0,2,12000
2026-03-19,PHC001,M002,ORS,1208,43,0,2,12000
2026-03-20,PHC001,M002,ORS,1165,43,0,0,12000
2026-03-21,PHC001,M002,ORS,1129,35,0,1,12000
2026-03-22,PHC001,M002,ORS,1092,37,0,0,12000
2026-03-23,PHC001,M002,ORS,1060,32,0,0,12000
2026-03-24,PHC001,M002,ORS,1031,27,0,2,12000
2026-03-25,PHC001,M002,ORS,1001,30,0,0,12000
2026-03-26,PHC001,M002,ORS,953,47,0,1,12000
2026-03-27,PHC001,M002,ORS,917,35,0,1,12000
2026-03-28,PHC001,M002,ORS,871,46,0,0,12000
2026-03-29,PHC001,M002,ORS,830,41,0,0,12000
2026-03-30,PHC001,M002,ORS,788,41,0,1,12000
2026-03-31,PHC001,M002,ORS,751,37,0,0,12000
2026-04-01,PHC001,M002,ORS,1646,50,945,0,12000
2026-04-02,PHC001,M002,ORS,1592,53,0,1,12000
2026-04-03,PHC001,M002,ORS,1557,35,0,0,12000
2026-04-04,PHC001,M002,ORS,1522,35,0,0,12000
2026-04-05,PHC001,M002,ORS,1472,50,0,0,12000
2026-04-06,PHC001,M002,ORS,1433,39,0,0,12000
2026-04-07,PHC001,M002,ORS,1399,33,0,1,12000
2026-04-08,PHC001,M002,ORS,1363,34,0,2,12000
2026-04-09,PHC001,M002,ORS,1321,40,0,2,12000
2026-04-10,PHC001,M002,ORS,1277,43,0,1,12000
2026-04-11,PHC001,M002,ORS,1235,42,0,0,12000
2026-04-12,PHC001,M002,ORS,1197,37,0,1,12000
2026-04-13,PHC001,M002,ORS,1155,41,0,1,12000
2026-04-14,PHC001,M002,ORS,1112,42,0,1,12000
2026-04-15,PHC001,M002,ORS,1649,44,581,0,12000
2026-04-16,PHC001,M002,ORS,1604,43,0,2,12000
2026-04-17,PHC001,M002,ORS,1559,43,0,2,12000
2026-04-18,PHC001,M002,ORS,1518,40,0,1,12000
2026-04-19,PHC001,M002,ORS,1468,49,0,1,12000
2026-04-20,PHC001,M002,ORS,1349,117,0,2,12000
2026-04-21,PHC001,M002,ORS,1300,47,0,2,12000
2026-04-22,PHC001,M002,ORS,1154,146,0,0,12000
2026-04-23,PHC001,M002,ORS,1099,55,0,0,12000
2026-04-24,PHC001,M002,ORS,1060,38,0,1,12000
2026-04-25,PHC001,M002,ORS,1004,54,0,2,12000
2026-04-26,PHC001,M002,ORS,960,43,0,1,12000
2026-04-27,PHC001,M002,ORS,912,48,0,0,12000
2026-04-28,PHC001,M002,ORS,876,36,0,0,12000
2026-04-29,PHC001,M002,ORS,834,41,0,1,12000
2026-04-30,PHC001,M002,ORS,788,45,0,1,12000
2026-05-01,PHC001,M002,ORS,1373,43,628,0,12000
2026-05-02,PHC001,M002,ORS,1337,36,0,0,12000
2026-05-03,PHC001,M002,ORS,1275,59,0,3,12000
2026-05-04,PHC001,M002,ORS,1241,33,0,1,12000
2026-05-05,PHC001,M002,ORS,1197,43,0,1,12000
2026-05-06,PHC001,M002,ORS,1154,40,0,3,12000
2026-05-07,PHC001,M002,ORS,1101,51,0,2,12000
2026-05-08,PHC001,M002,ORS,1064,36,0,1,12000
2026-05-09,PHC001,M002,ORS,1020,41,0,3,12000
2026-05-10,PHC001,M002,ORS,978,39,0,3,12000
2026-05-11,PHC001,M002,ORS,929,47,0,2,12000
2026-05-12,PHC001,M002,ORS,872,56,0,1,12000
2026-05-13,PHC001,M002,ORS,828,43,0,1,12000
2026-05-14,PHC001,M002,ORS,787,41,0,0,12000
2026-05-15,PHC001,M002,ORS,1442,39,694,0,12000
2026-05-16,PHC001,M002,ORS,1389,53,0,0,12000
2026-05-17,PHC001,M002,ORS,1350,35,0,4,12000
2026-05-18,PHC001,M002,ORS,1315,35,0,0,12000
2026-05-19,PHC001,M002,ORS,1280,34,0,1,12000
2026-05-20,PHC001,M002,ORS,1237,42,0,1,12000
2026-05-21,PHC001,M002,ORS,1199,37,0,1,12000
2026-05-22,PHC001,M002,ORS,1145,53,0,1,12000
2026-05-23,PHC001,M002,ORS,1112,32,0,1,12000
2026-05-24,PHC001,M002,ORS,1074,38,0,0,12000
2026-05-25,PHC001,M002,ORS,1022,51,0,1,12000
2026-05-26,PHC001,M002,ORS,979,39,0,4,12000
2026-05-27,PHC001,M002,ORS,941,38,0,0,12000
2026-05-28,PHC001,M002,ORS,901,40,0,0,12000
2026-05-29,PHC001,M002,ORS,853,47,0,1,12000
2026-05-30,PHC001,M002,ORS,812,40,0,1,12000
2026-05-31,PHC001,M002,ORS,766,45,0,1,12000
2026-06-01,PHC001,M002,ORS,1258,35,527,0,12000
2026-06-02,PHC001,M002,ORS,1226,32,0,0,12000
2026-06-03,PHC001,M002,ORS,1187,39,0,0,12000
2026-06-04,PHC001,M002,ORS,1156,30,0,1,12000
2026-06-05,PHC001,M002,ORS,1114,41,0,1,12000
2026-06-06,PHC001,M002,ORS,1084,30,0,0,12000
2026-06-07,PHC001,M002,ORS,1045,38,0,1,12000
2026-06-08,PHC001,M002,ORS,1001,43,0,1,12000
2026-06-09,PHC001,M002,ORS,957,44,0,0,12000
2026-06-10,PHC001,M002,ORS,919,37,0,1,12000
2026-06-11,PHC001,M002,ORS,885,34,0,0,12000
2026-06-12,PHC001,M002,ORS,850,34,0,1,12000
2026-06-13,PHC001,M002,ORS,799,49,0,2,12000
2026-06-14,PHC001,M002,ORS,755,44,0,0,12000
2026-06-15,PHC001,M002,ORS,1311,38,595,1,12000
2026-06-16,PHC001,M002,ORS,1264,45,0,2,12000
2026-06-17,PHC001,M002,ORS,1228,35,0,1,12000
2026-06-18,PHC001,M002,ORS,1177,51,0,0,12000
2026-06-19,PHC001,M002,ORS,1142,32,0,3,12000
2026-06-20,PHC001,M002,ORS,1104,38,0,0,12000
2026-06-21,PHC001,M002,ORS,1069,33,0,2,12000
2026-06-22,PHC001,M002,ORS,1037,32,0,0,12000
2026-06-23,PHC001,M002,ORS,1001,36,0,0,12000
2026-06-24,PHC001,M002,ORS,962,39,0,0,12000
2026-06-25,PHC001,M002,ORS,936,25,0,1,12000
2026-06-26,PHC001,M002,ORS,905,31,0,0,12000
2026-06-27,PHC001,M002,ORS,870,35,0,0,12000
2026-06-28,PHC001,M002,ORS,816,51,0,3,12000
2026-06-29,PHC001,M002,ORS,775,41,0,0,12000
2026-06-30,PHC001,M002,ORS,727,48,0,0,12000
2026-01-01,PHC001,M003,Amoxicillin,839,19,362,1,12000
2026-01-02,PHC001,M003,Amoxicillin,823,16,0,0,12000
2026-01-03,PHC001,M003,Amoxicillin,793,29,0,1,12000
2026-01-04,PHC001,M003,Amoxicillin,774,18,0,1,12000
2026-01-05,PHC001,M003,Amoxicillin,749,24,0,1,12000
2026-01-06,PHC001,M003,Amoxicillin,722,26,0,1,12000
2026-01-07,PHC001,M003,Amoxicillin,704,18,0,0,12000
2026-01-08,PHC001,M003,Amoxicillin,680,24,0,0,12000
2026-01-09,PHC001,M003,Amoxicillin,656,24,0,0,12000
2026-01-10,PHC001,M003,Amoxicillin,642,14,0,0,12000
2026-01-11,PHC001,M003,Amoxicillin,618,22,0,2,12000
2026-01-12,PHC001,M003,Amoxicillin,601,17,0,0,12000
2026-01-13,PHC001,M003,Amoxicillin,580,19,0,2,12000
2026-01-14,PHC001,M003,Amoxicillin,566,14,0,0,12000
2026-01-15,PHC001,M003,Amoxicillin,1028,26,489,1,12000
2026-01-16,PHC001,M003,Amoxicillin,1007,19,0,2,12000
2026-01-17,PHC001,M003,Amoxicillin,982,25,0,0,12000
2026-01-18,PHC001,M003,Amoxicillin,963,19,0,0,12000
2026-01-19,PHC001,M003,Amoxicillin,931,32,0,0,12000
2026-01-20,PHC001,M003,Amoxicillin,902,28,0,1,12000
2026-01-21,PHC001,M003,Amoxicillin,882,18,0,2,12000
2026-01-22,PHC001,M003,Amoxicillin,856,25,0,1,12000
2026-01-23,PHC001,M003,Amoxicillin,834,22,0,0,12000
2026-01-24,PHC001,M003,Amoxicillin,811,20,0,3,12000
2026-01-25,PHC001,M003,Amoxicillin,792,19,0,0,12000
2026-01-26,PHC001,M003,Amoxicillin,777,15,0,0,12000
2026-01-27,PHC001,M003,Amoxicillin,760,16,0,1,12000
2026-01-28,PHC001,M003,Amoxicillin,736,24,0,0,12000
2026-01-29,PHC001,M003,Amoxicillin,715,20,0,1,12000
2026-01-30,PHC001,M003,Amoxicillin,696,18,0,1,12000
2026-01-31,PHC001,M003,Amoxicillin,677,19,0,0,12000
2026-02-01,PHC001,M003,Amoxicillin,1072,25,422,2,12000
2026-02-02,PHC001,M003,Amoxicillin,1053,18,0,1,12000
2026-02-03,PHC001,M003,Amoxicillin,1030,23,0,0,12000
2026-02-04,PHC001,M003,Amoxicillin,1006,24,0,0,12000
2026-02-05,PHC001,M003,Amoxicillin,986,20,0,0,12000
2026-02-06,PHC001,M003,Amoxicillin,964,20,0,2,12000
2026-02-07,PHC001,M003,Amoxicillin,942,21,0,1,12000
2026-02-08,PHC001,M003,Amoxicillin,919,22,0,1,12000
2026-02-09,PHC001,M003,Amoxicillin,896,22,0,1,12000
2026-02-10,PHC001,M003,Amoxicillin,876,20,0,0,12000
2026-02-11,PHC001,M003,Amoxicillin,844,32,0,0,12000
2026-02-12,PHC001,M003,Amoxicillin,830,13,0,1,12000
2026-02-13,PHC001,M003,Amoxicillin,807,23,0,0,12000
2026-02-14,PHC001,M003,Amoxicillin,778,29,0,0,12000
2026-02-15,PHC001,M003,Amoxicillin,1026,22,270,0,12000
2026-02-16,PHC001,M003,Amoxicillin,1008,17,0,1,12000
2026-02-17,PHC001,M003,Amoxicillin,986,20,0,2,12000
2026-02-18,PHC001,M003,Amoxicillin,971,15,0,0,12000
2026-02-19,PHC001,M003,Amoxicillin,947,23,0,1,12000
2026-02-20,PHC001,M003,Amoxicillin,927,20,0,0,12000
2026-02-21,PHC001,M003,Amoxicillin,905,22,0,0,12000
2026-02-22,PHC001,M003,Amoxicillin,886,18,0,1,12000
2026-02-23,PHC001,M003,Amoxicillin,872,14,0,0,12000
2026-02-24,PHC001,M003,Amoxicillin,859,13,0,0,12000
2026-02-25,PHC001,M003,Amoxicillin,832,25,0,2,12000
2026-02-26,PHC001,M003,Amoxicillin,812,19,0,1,12000
2026-02-27,PHC001,M003,Amoxicillin,791,21,0,0,12000
2026-02-28,PHC001,M003,Amoxicillin,776,15,0,0,12000
2026-03-01,PHC001,M003,Amoxicillin,999,8,231,0,12000
2026-03-02,PHC001,M003,Amoxicillin,977,20,0,2,12000
2026-03-03,PHC001,M003,Amoxicillin,955,21,0,1,12000
2026-03-04,PHC001,M003,Amoxicillin,941,14,0,0,12000
2026-03-05,PHC001,M003,Amoxicillin,922,17,0,2,12000
2026-03-06,PHC001,M003,Amoxicillin,906,14,0,2,12000
2026-03-07,PHC001,M003,Amoxicillin,876,27,0,3,12000
2026-03-08,PHC001,M003,Amoxicillin,857,18,0,1,12000
2026-03-09,PHC001,M003,Amoxicillin,838,19,0,0,12000
2026-03-10,PHC001,M003,Amoxicillin,816,21,0,1,12000
2026-03-11,PHC001,M003,Amoxicillin,797,17,0,2,12000
2026-03-12,PHC001,M003,Amoxicillin,776,21,0,0,12000
2026-03-13,PHC001,M003,Amoxicillin,759,17,0,0,12000
2026-03-14,PHC001,M003,Amoxicillin,736,23,0,0,12000
2026-03-15,PHC001,M003,Amoxicillin,892,15,172,1,12000
2026-03-16,PHC001,M003,Amoxicillin,875,16,0,1,12000
2026-03-17,PHC001,M003,Amoxicillin,859,15,0,1,12000
2026-03-18,PHC001,M003,Amoxicillin,835,23,0,1,12000
2026-03-19,PHC001,M003,Amoxicillin,816,18,0,1,12000
2026-03-20,PHC001,M003,Amoxicillin,807,9,0,0,12000
2026-03-21,PHC001,M003,Amoxicillin,789,18,0,0,12000
2026-03-22,PHC001,M003,Amoxicillin,769,20,0,0,12000
2026-03-23,PHC001,M003,Amoxicillin,750,19,0,0,12000
2026-03-24,PHC001,M003,Amoxicillin,730,20,0,0,12000
2026-03-25,PHC001,M003,Amoxicillin,712,17,0,1,12000
2026-03-26,PHC001,M003,Amoxicillin,682,29,0,1,12000
2026-03-27,PHC001,M003,Amoxicillin,663,17,0,2,12000
2026-03-28,PHC001,M003,Amoxicillin,625,38,0,0,12000
2026-03-29,PHC001,M003,Amoxicillin,610,15,0,0,12000
2026-03-30,PHC001,M003,Amoxicillin,590,20,0,0,12000
2026-03-31,PHC001,M003,Amoxicillin,575,15,0,0,12000
2026-04-01,PHC001,M003,Amoxicillin,959,21,405,0,12000
2026-04-02,PHC001,M003,Amoxicillin,922,35,0,2,12000
2026-04-03,PHC001,M003,Amoxicillin,902,20,0,0,12000
2026-04-04,PHC001,M003,Amoxicillin,886,16,0,0,12000
2026-04-05,PHC001,M003,Amoxicillin,868,17,0,1,12000
2026-04-06,PHC001,M003,Amoxicillin,849,18,0,1,12000
2026-04-07,PHC001,M003,Amoxicillin,827,21,0,1,12000
2026-04-08,PHC001,M003,Amoxicillin,809,18,0,0,12000
2026-04-09,PHC001,M003,Amoxicillin,786,22,0,1,12000
2026-04-10,PHC001,M003,Amoxicillin,769,16,0,1,12000
2026-04-11,PHC001,M003,Amoxicillin,743,26,0,0,12000
2026-04-12,PHC001,M003,Amoxicillin,726,17,0,0,12000
2026-04-13,PHC001,M003,Amoxicillin,702,24,0,0,12000
2026-04-14,PHC001,M003,Amoxicillin,691,11,0,0,12000
2026-04-15,PHC001,M003,Amoxicillin,914,18,241,0,12000
2026-04-16,PHC001,M003,Amoxicillin,882,32,0,0,12000
2026-04-17,PHC001,M003,Amoxicillin,853,27,0,2,12000
2026-04-18,PHC001,M003,Amoxicillin,831,22,0,0,12000
2026-04-19,PHC001,M003,Amoxicillin,798,32,0,1,12000
2026-04-20,PHC001,M003,Amoxicillin,781,16,0,1,12000
2026-04-21,PHC001,M003,Amoxicillin,753,28,0,0,12000
2026-04-22,PHC001,M003,Amoxicillin,733,20,0,0,12000
2026-04-23,PHC001,M003,Amoxicillin,712,20,0,1,12000
2026-04-24,PHC001,M003,Amoxicillin,692,20,0,0,12000
2026-04-25,PHC001,M003,Amoxicillin,669,23,0,0,12000
2026-04-26,PHC001,M003,Amoxicillin,651,18,0,0,12000
2026-04-27,PHC001,M003,Amoxicillin,621,29,0,1,12000
2026-04-28,PHC001,M003,Amoxicillin,603,17,0,1,12000
2026-04-29,PHC001,M003,Amoxicillin,579,24,0,0,12000
2026-04-30,PHC001,M003,Amoxicillin,555,24,0,0,12000
2026-05-01,PHC001,M003,Amoxicillin,878,28,352,1,12000
2026-05-02,PHC001,M003,Amoxicillin,847,30,0,1,12000
2026-05-03,PHC001,M003,Amoxicillin,821,26,0,0,12000
2026-05-04,PHC001,M003,Amoxicillin,792,29,0,0,12000
2026-05-05,PHC001,M003,Amoxicillin,759,33,0,0,12000
2026-05-06,PHC001,M003,Amoxicillin,738,21,0,0,12000
2026-05-07,PHC001,M003,Amoxicillin,712,25,0,1,12000
2026-05-08,PHC001,M003,Amoxicillin,690,20,0,2,12000
2026-05-09,PHC001,M003,Amoxicillin,674,16,0,0,12000
2026-05-10,PHC001,M003,Amoxicillin,655,19,0,0,12000
2026-05-11,PHC001,M003,Amoxicillin,634,20,0,1,12000
2026-05-12,PHC001,M003,Amoxicillin,613,20,0,1,12000
2026-05-13,PHC001,M003,Amoxicillin,593,20,0,0,12000
2026-05-14,PHC001,M003,Amoxicillin,579,12,0,2,12000
2026-05-15,PHC001,M003,Amoxicillin,794,21,236,0,12000
2026-05-16,PHC001,M003,Amoxicillin,770,23,0,1,12000
2026-05-17,PHC001,M003,Amoxicillin,743,27,0,0,12000
2026-05-18,PHC001,M003,Amoxicillin,716,27,0,0,12000
2026-05-19,PHC001,M003,Amoxicillin,698,18,0,0,12000
2026-05-20,PHC001,M003,Amoxicillin,671,27,0,0,12000
2026-05-21,PHC001,M003,Amoxicillin,649,22,0,0,12000
2026-05-22,PHC001,M003,Amoxicillin,576,71,0,2,12000
2026-05-23,PHC001,M003,Amoxicillin,552,24,0,0,12000
2026-05-24,PHC001,M003,Amoxicillin,535,17,0,0,12000
2026-05-25,PHC001,M003,Amoxicillin,523,12,0,0,12000
2026-05-26,PHC001,M003,Amoxicillin,506,17,0,0,12000
2026-05-27,PHC001,M003,Amoxicillin,479,27,0,0,12000
2026-05-28,PHC001,M003,Amoxicillin,467,12,0,0,12000
2026-05-29,PHC001,M003,Amoxicillin,452,15,0,0,12000
2026-05-30,PHC001,M003,Amoxicillin,434,18,0,0,12000
2026-05-31,PHC001,M003,Amoxicillin,417,17,0,0,12000
2026-06-01,PHC001,M003,Amoxicillin,606,11,200,0,12000
2026-06-02,PHC001,M003,Amoxicillin,593,12,0,1,12000
2026-06-03,PHC001,M003,Amoxicillin,577,15,0,1,12000
2026-06-04,PHC001,M003,Amoxicillin,558,19,0,0,12000
2026-06-05,PHC001,M003,Amoxicillin,533,24,0,1,12000
2026-06-06,PHC001,M003,Amoxicillin,512,21,0,0,12000
2026-06-07,PHC001,M003,Amoxicillin,495,17,0,0,12000
2026-06-08,PHC001,M003,Amoxicillin,479,16,0,0,12000
2026-06-09,PHC001,M003,Amoxicillin,453,25,0,1,12000
2026-06-10,PHC001,M003,Amoxicillin,429,24,0,0,12000
2026-06-11,PHC001,M003,Amoxicillin,405,23,0,1,12000
2026-06-12,PHC001,M003,Amoxicillin,386,17,0,2,12000
2026-06-13,PHC001,M003,Amoxicillin,370,16,0,0,12000
2026-06-14,PHC001,M003,Amoxicillin,348,21,0,1,12000
2026-06-15,PHC001,M003,Amoxicillin,634,24,311,1,12000
2026-06-16,PHC001,M003,Amoxicillin,615,19,0,0,12000
2026-06-17,PHC001,M003,Amoxicillin,597,16,0,2,12000
2026-06-18,PHC001,M003,Amoxicillin,583,14,0,0,12000
2026-06-19,PHC001,M003,Amoxicillin,555,27,0,1,12000
2026-06-20,PHC001,M003,Amoxicillin,532,22,0,1,12000
2026-06-21,PHC001,M003,Amoxicillin,508,22,0,2,12000
2026-06-22,PHC001,M003,Amoxicillin,485,22,0,1,12000
2026-06-23,PHC001,M003,Amoxicillin,469,16,0,0,12000
2026-06-24,PHC001,M003,Amoxicillin,458,11,0,0,12000
2026-06-25,PHC001,M003,Amoxicillin,434,23,0,1,12000
2026-06-26,PHC001,M003,Amoxicillin,411,23,0,0,12000
2026-06-27,PHC001,M003,Amoxicillin,393,18,0,0,12000
2026-06-28,PHC001,M003,Amoxicillin,378,14,0,1,12000
2026-06-29,PHC001,M003,Amoxicillin,351,27,0,0,12000
2026-06-30,PHC001,M003,Amoxicillin,330,21,0,0,12000
2026-01-01,PHC001,M004,Cetirizine,855,8,233,0,12000
2026-01-02,PHC001,M004,Cetirizine,840,14,0,1,12000
2026-01-03,PHC001,M004,Cetirizine,824,16,0,0,12000
2026-01-04,PHC001,M004,Cetirizine,805,17,0,2,12000
2026-01-05,PHC001,M004,Cetirizine,786,18,0,1,12000
2026-01-06,PHC001,M004,Cetirizine,766,18,0,2,12000
2026-01-07,PHC001,M004,Cetirizine,741,23,0,2,12000
2026-01-08,PHC001,M004,Cetirizine,714,27,0,0,12000
2026-01-09,PHC001,M004,Cetirizine,696,18,0,0,12000
2026-01-10,PHC001,M004,Cetirizine,672,24,0,0,12000
2026-01-11,PHC001,M004,Cetirizine,657,15,0,0,12000
2026-01-12,PHC001,M004,Cetirizine,635,21,0,1,12000
2026-01-13,PHC001,M004,Cetirizine,615,20,0,0,12000
2026-01-14,PHC001,M004,Cetirizine,596,19,0,0,12000
2026-01-15,PHC001,M004,Cetirizine,895,16,315,0,12000
2026-01-16,PHC001,M004,Cetirizine,877,17,0,1,12000
2026-01-17,PHC001,M004,Cetirizine,860,17,0,0,12000
2026-01-18,PHC001,M004,Cetirizine,840,19,0,1,12000
2026-01-19,PHC001,M004,Cetirizine,817,23,0,0,12000
2026-01-20,PHC001,M004,Cetirizine,804,9,0,4,12000
2026-01-21,PHC001,M004,Cetirizine,780,23,0,1,12000
2026-01-22,PHC001,M004,Cetirizine,756,22,0,2,12000
2026-01-23,PHC001,M004,Cetirizine,724,32,0,0,12000
2026-01-24,PHC001,M004,Cetirizine,708,15,0,1,12000
2026-01-25,PHC001,M004,Cetirizine,682,26,0,0,12000
2026-01-26,PHC001,M004,Cetirizine,653,27,0,2,12000
2026-01-27,PHC001,M004,Cetirizine,623,30,0,0,12000
2026-01-28,PHC001,M004,Cetirizine,599,23,0,1,12000
2026-01-29,PHC001,M004,Cetirizine,582,16,0,1,12000
2026-01-30,PHC001,M004,Cetirizine,558,24,0,0,12000
2026-01-31,PHC001,M004,Cetirizine,538,19,0,1,12000
2026-02-01,PHC001,M004,Cetirizine,979,30,471,0,12000
2026-02-02,PHC001,M004,Cetirizine,962,17,0,0,12000
2026-02-03,PHC001,M004,Cetirizine,942,19,0,1,12000
2026-02-04,PHC001,M004,Cetirizine,923,18,0,1,12000
2026-02-05,PHC001,M004,Cetirizine,907,15,0,1,12000
2026-02-06,PHC001,M004,Cetirizine,881,25,0,1,12000
2026-02-07,PHC001,M004,Cetirizine,855,23,0,3,12000
2026-02-08,PHC001,M004,Cetirizine,837,18,0,0,12000
2026-02-09,PHC001,M004,Cetirizine,811,26,0,0,12000
2026-02-10,PHC001,M004,Cetirizine,796,15,0,0,12000
2026-02-11,PHC001,M004,Cetirizine,779,15,0,2,12000
2026-02-12,PHC001,M004,Cetirizine,768,10,0,1,12000
2026-02-13,PHC001,M004,Cetirizine,750,17,0,1,12000
2026-02-14,PHC001,M004,Cetirizine,731,18,0,1,12000
2026-02-15,PHC001,M004,Cetirizine,898,16,184,1,12000
2026-02-16,PHC001,M004,Cetirizine,882,15,0,1,12000
2026-02-17,PHC001,M004,Cetirizine,868,14,0,0,12000
2026-02-18,PHC001,M004,Cetirizine,845,23,0,0,12000
2026-02-19,PHC001,M004,Cetirizine,828,16,0,1,12000
2026-02-20,PHC001,M004,Cetirizine,812,16,0,0,12000
2026-02-21,PHC001,M004,Cetirizine,788,23,0,1,12000
2026-02-22,PHC001,M004,Cetirizine,758,30,0,0,12000
2026-02-23,PHC001,M004,Cetirizine,733,22,0,3,12000
2026-02-24,PHC001,M004,Cetirizine,716,17,0,0,12000
2026-02-25,PHC001,M004,Cetirizine,704,12,0,0,12000
2026-02-26,PHC001,M004,Cetirizine,668,36,0,0,12000
2026-02-27,PHC001,M004,Cetirizine,654,14,0,0,12000
2026-02-28,PHC001,M004,Cetirizine,637,17,0,0,12000
2026-03-01,PHC001,M004,Cetirizine,901,21,285,0,12000
2026-03-02,PHC001,M004,Cetirizine,889,12,0,0,12000
2026-03-03,PHC001,M004,Cetirizine,869,19,0,1,12000
2026-03-04,PHC001,M004,Cetirizine,846,23,0,0,12000
2026-03-05,PHC001,M004,Cetirizine,821,24,0,1,12000
2026-03-06,PHC001,M004,Cetirizine,807,14,0,0,12000
2026-03-07,PHC001,M004,Cetirizine,795,11,0,1,12000
2026-03-08,PHC001,M004,Cetirizine,780,14,0,1,12000
2026-03-09,PHC001,M004,Cetirizine,764,15,0,1,12000
2026-03-10,PHC001,M004,Cetirizine,746,17,0,1,12000
2026-03-11,PHC001,M004,Cetirizine,730,16,0,0,12000
2026-03-12,PHC001,M004,Cetirizine,717,13,0,0,12000
2026-03-13,PHC001,M004,Cetirizine,704,12,0,1,12000
2026-03-14,PHC001,M004,Cetirizine,698,6,0,0,12000
2026-03-15,PHC001,M004,Cetirizine,910,18,231,1,12000
2026-03-16,PHC001,M004,Cetirizine,893,16,0,1,12000
2026-03-17,PHC001,M004,Cetirizine,879,13,0,1,12000
2026-03-18,PHC001,M004,Cetirizine,860,19,0,0,12000
2026-03-19,PHC001,M004,Cetirizine,845,15,0,0,12000
2026-03-20,PHC001,M004,Cetirizine,828,16,0,1,12000
2026-03-21,PHC001,M004,Cetirizine,815,13,0,0,12000
2026-03-22,PHC001,M004,Cetirizine,799,16,0,0,12000
2026-03-23,PHC001,M004,Cetirizine,780,19,0,0,12000
2026-03-24,PHC001,M004,Cetirizine,764,16,0,0,12000
2026-03-25,PHC001,M004,Cetirizine,747,16,0,1,12000
2026-03-26,PHC001,M004,Cetirizine,721,26,0,0,12000
2026-03-27,PHC001,M004,Cetirizine,709,12,0,0,12000
2026-03-28,PHC001,M004,Cetirizine,691,18,0,0,12000
2026-03-29,PHC001,M004,Cetirizine,672,19,0,0,12000
2026-03-30,PHC001,M004,Cetirizine,658,12,0,2,12000
2026-03-31,PHC001,M004,Cetirizine,638,20,0,0,12000
2026-04-01,PHC001,M004,Cetirizine,1071,33,468,2,12000
2026-04-02,PHC001,M004,Cetirizine,1054,17,0,0,12000
2026-04-03,PHC001,M004,Cetirizine,1027,27,0,0,12000
2026-04-04,PHC001,M004,Cetirizine,1007,20,0,0,12000
2026-04-05,PHC001,M004,Cetirizine,990,16,0,1,12000
2026-04-06,PHC001,M004,Cetirizine,975,14,0,1,12000
2026-04-07,PHC001,M004,Cetirizine,952,22,0,1,12000
2026-04-08,PHC001,M004,Cetirizine,929,21,0,2,12000
2026-04-09,PHC001,M004,Cetirizine,907,22,0,0,12000
2026-04-10,PHC001,M004,Cetirizine,891,16,0,0,12000
2026-04-11,PHC001,M004,Cetirizine,866,25,0,0,12000
2026-04-12,PHC001,M004,Cetirizine,846,18,0,2,12000
2026-04-13,PHC001,M004,Cetirizine,829,15,0,2,12000
2026-04-14,PHC001,M004,Cetirizine,808,21,0,0,12000
2026-04-15,PHC001,M004,Cetirizine,1010,14,216,0,12000
2026-04-16,PHC001,M004,Cetirizine,991,18,0,1,12000
2026-04-17,PHC001,M004,Cetirizine,967,23,0,1,12000
2026-04-18,PHC001,M004,Cetirizine,940,26,0,1,12000
2026-04-19,PHC001,M004,Cetirizine,913,27,0,0,12000
2026-04-20,PHC001,M004,Cetirizine,890,23,0,0,12000
2026-04-21,PHC001,M004,Cetirizine,867,22,0,1,12000
2026-04-22,PHC001,M004,Cetirizine,840,26,0,1,12000
2026-04-23,PHC001,M004,Cetirizine,816,21,0,3,12000
2026-04-24,PHC001,M004,Cetirizine,794,22,0,0,12000
2026-04-25,PHC001,M004,Cetirizine,769,25,0,0,12000
2026-04-26,PHC001,M004,Cetirizine,743,25,0,1,12000
2026-04-27,PHC001,M004,Cetirizine,717,24,0,2,12000
2026-04-28,PHC001,M004,Cetirizine,703,14,0,0,12000
2026-04-29,PHC001,M004,Cetirizine,678,25,0,0,12000
2026-04-30,PHC001,M004,Cetirizine,662,15,0,1,12000
2026-05-01,PHC001,M004,Cetirizine,878,19,238,3,12000
2026-05-02,PHC001,M004,Cetirizine,823,54,0,1,12000
2026-05-03,PHC001,M004,Cetirizine,804,19,0,0,12000
2026-05-04,PHC001,M004,Cetirizine,784,20,0,0,12000
2026-05-05,PHC001,M004,Cetirizine,756,27,0,1,12000
2026-05-06,PHC001,M004,Cetirizine,734,22,0,0,12000
2026-05-07,PHC001,M004,Cetirizine,718,16,0,0,12000
2026-05-08,PHC001,M004,Cetirizine,700,18,0,0,12000
2026-05-09,PHC001,M004,Cetirizine,675,23,0,2,12000
2026-05-10,PHC001,M004,Cetirizine,657,18,0,0,12000
2026-05-11,PHC001,M004,Cetirizine,640,16,0,1,12000
2026-05-12,PHC001,M004,Cetirizine,617,23,0,0,12000
2026-05-13,PHC001,M004,Cetirizine,595,20,0,2,12000
2026-05-14,PHC001,M004,Cetirizine,576,19,0,0,12000
2026-05-15,PHC001,M004,Cetirizine,749,16,191,2,12000
2026-05-16,PHC001,M004,Cetirizine,726,23,0,0,12000
2026-05-17,PHC001,M004,Cetirizine,705,21,0,0,12000
2026-05-18,PHC001,M004,Cetirizine,690,15,0,0,12000
2026-05-19,PHC001,M004,Cetirizine,670,20,0,0,12000
2026-05-20,PHC001,M004,Cetirizine,655,15,0,0,12000
2026-05-21,PHC001,M004,Cetirizine,637,18,0,0,12000
2026-05-22,PHC001,M004,Cetirizine,625,12,0,0,12000
2026-05-23,PHC001,M004,Cetirizine,599,25,0,1,12000
2026-05-24,PHC001,M004,Cetirizine,577,21,0,1,12000
2026-05-25,PHC001,M004,Cetirizine,558,16,0,3,12000
2026-05-26,PHC001,M004,Cetirizine,547,10,0,1,12000
2026-05-27,PHC001,M004,Cetirizine,527,20,0,0,12000
2026-05-28,PHC001,M004,Cetirizine,508,19,0,0,12000
2026-05-29,PHC001,M004,Cetirizine,492,15,0,1,12000
2026-05-30,PHC001,M004,Cetirizine,463,29,0,0,12000
2026-05-31,PHC001,M004,Cetirizine,443,20,0,0,12000
2026-06-01,PHC001,M004,Cetirizine,741,19,318,1,12000
2026-06-02,PHC001,M004,Cetirizine,724,15,0,2,12000
2026-06-03,PHC001,M004,Cetirizine,710,14,0,0,12000
2026-06-04,PHC001,M004,Cetirizine,700,10,0,0,12000
2026-06-05,PHC001,M004,Cetirizine,686,14,0,0,12000
2026-06-06,PHC001,M004,Cetirizine,666,20,0,0,12000
2026-06-07,PHC001,M004,Cetirizine,654,11,0,1,12000
2026-06-08,PHC001,M004,Cetirizine,628,24,0,2,12000
2026-06-09,PHC001,M004,Cetirizine,612,16,0,0,12000
2026-06-10,PHC001,M004,Cetirizine,600,11,0,1,12000
2026-06-11,PHC001,M004,Cetirizine,582,18,0,0,12000
2026-06-12,PHC001,M004,Cetirizine,566,15,0,1,12000
2026-06-13,PHC001,M004,Cetirizine,545,20,0,1,12000
2026-06-14,PHC001,M004,Cetirizine,532,13,0,0,12000
2026-06-15,PHC001,M004,Cetirizine,659,12,139,0,12000
2026-06-16,PHC001,M004,Cetirizine,631,28,0,0,12000
2026-06-17,PHC001,M004,Cetirizine,607,24,0,0,12000
2026-06-18,PHC001,M004,Cetirizine,594,12,0,1,12000
2026-06-19,PHC001,M004,Cetirizine,570,24,0,0,12000
2026-06-20,PHC001,M004,Cetirizine,554,15,0,1,12000
2026-06-21,PHC001,M004,Cetirizine,542,12,0,0,12000
2026-06-22,PHC001,M004,Cetirizine,531,11,0,0,12000
2026-06-23,PHC001,M004,Cetirizine,513,17,0,1,12000
2026-06-24,PHC001,M004,Cetirizine,484,29,0,0,12000
2026-06-25,PHC001,M004,Cetirizine,462,21,0,1,12000
2026-06-26,PHC001,M004,Cetirizine,443,19,0,0,12000
2026-06-27,PHC001,M004,Cetirizine,421,22,0,0,12000
2026-06-28,PHC001,M004,Cetirizine,406,15,0,0,12000
2026-06-29,PHC001,M004,Cetirizine,393,13,0,0,12000
2026-06-30,PHC001,M004,Cetirizine,370,21,0,2,12000
2026-01-01,PHC001,M005,Ibuprofen,1528,30,395,0,12000
2026-01-02,PHC001,M005,Ibuprofen,1509,18,0,1,12000
2026-01-03,PHC001,M005,Ibuprofen,1467,42,0,0,12000
2026-01-04,PHC001,M005,Ibuprofen,1444,23,0,0,12000
2026-01-05,PHC001,M005,Ibuprofen,1413,30,0,1,12000
2026-01-06,PHC001,M005,Ibuprofen,1374,38,0,1,12000
2026-01-07,PHC001,M005,Ibuprofen,1345,28,0,1,12000
2026-01-08,PHC001,M005,Ibuprofen,1315,30,0,0,12000
2026-01-09,PHC001,M005,Ibuprofen,1282,33,0,0,12000
2026-01-10,PHC001,M005,Ibuprofen,1256,24,0,2,12000
2026-01-11,PHC001,M005,Ibuprofen,1222,34,0,0,12000
2026-01-12,PHC001,M005,Ibuprofen,1196,25,0,1,12000
2026-01-13,PHC001,M005,Ibuprofen,1164,31,0,1,12000
2026-01-14,PHC001,M005,Ibuprofen,1127,36,0,1,12000
2026-01-15,PHC001,M005,Ibuprofen,1684,35,592,0,12000
2026-01-16,PHC001,M005,Ibuprofen,1648,33,0,3,12000
2026-01-17,PHC001,M005,Ibuprofen,1621,27,0,0,12000
2026-01-18,PHC001,M005,Ibuprofen,1576,44,0,1,12000
2026-01-19,PHC001,M005,Ibuprofen,1540,35,0,1,12000
2026-01-20,PHC001,M005,Ibuprofen,1494,46,0,0,12000
2026-01-21,PHC001,M005,Ibuprofen,1447,45,0,2,12000
2026-01-22,PHC001,M005,Ibuprofen,1409,37,0,1,12000
2026-01-23,PHC001,M005,Ibuprofen,1368,40,0,1,12000
2026-01-24,PHC001,M005,Ibuprofen,1342,25,0,1,12000
2026-01-25,PHC001,M005,Ibuprofen,1319,22,0,1,12000
2026-01-26,PHC001,M005,Ibuprofen,1277,40,0,2,12000
2026-01-27,PHC001,M005,Ibuprofen,1246,31,0,0,12000
2026-01-28,PHC001,M005,Ibuprofen,1208,35,0,3,12000
2026-01-29,PHC001,M005,Ibuprofen,1164,40,0,4,12000
2026-01-30,PHC001,M005,Ibuprofen,1135,29,0,0,12000
2026-01-31,PHC001,M005,Ibuprofen,1104,31,0,0,12000
2026-02-01,PHC001,M005,Ibuprofen,1602,28,526,0,12000
2026-02-02,PHC001,M005,Ibuprofen,1563,37,0,2,12000
2026-02-03,PHC001,M005,Ibuprofen,1484,75,0,4,12000
2026-02-04,PHC001,M005,Ibuprofen,1441,42,0,1,12000
2026-02-05,PHC001,M005,Ibuprofen,1401,38,0,2,12000
2026-02-06,PHC001,M005,Ibuprofen,1363,38,0,0,12000
2026-02-07,PHC001,M005,Ibuprofen,1330,32,0,1,12000
2026-02-08,PHC001,M005,Ibuprofen,1296,31,0,3,12000
2026-02-09,PHC001,M005,Ibuprofen,1261,33,0,2,12000
2026-02-10,PHC001,M005,Ibuprofen,1227,33,0,1,12000
2026-02-11,PHC001,M005,Ibuprofen,1190,36,0,1,12000
2026-02-12,PHC001,M005,Ibuprofen,1156,33,0,1,12000
2026-02-13,PHC001,M005,Ibuprofen,1119,36,0,1,12000
2026-02-14,PHC001,M005,Ibuprofen,1086,32,0,1,12000
2026-02-15,PHC001,M005,Ibuprofen,1589,32,538,3,12000
2026-02-16,PHC001,M005,Ibuprofen,1553,35,0,1,12000
2026-02-17,PHC001,M005,Ibuprofen,1518,35,0,0,12000
2026-02-18,PHC001,M005,Ibuprofen,1490,28,0,0,12000
2026-02-19,PHC001,M005,Ibuprofen,1459,30,0,1,12000
2026-02-20,PHC001,M005,Ibuprofen,1435,24,0,0,12000
2026-02-21,PHC001,M005,Ibuprofen,1402,31,0,2,12000
2026-02-22,PHC001,M005,Ibuprofen,1371,30,0,1,12000
2026-02-23,PHC001,M005,Ibuprofen,1342,29,0,0,12000
2026-02-24,PHC001,M005,Ibuprofen,1306,35,0,1,12000
2026-02-25,PHC001,M005,Ibuprofen,1276,29,0,1,12000
2026-02-26,PHC001,M005,Ibuprofen,1237,38,0,1,12000
2026-02-27,PHC001,M005,Ibuprofen,1206,28,0,3,12000
2026-02-28,PHC001,M005,Ibuprofen,1176,28,0,2,12000
2026-03-01,PHC001,M005,Ibuprofen,1432,21,277,0,12000
2026-03-02,PHC001,M005,Ibuprofen,1398,34,0,0,12000
2026-03-03,PHC001,M005,Ibuprofen,1364,32,0,2,12000
2026-03-04,PHC001,M005,Ibuprofen,1338,26,0,0,12000
2026-03-05,PHC001,M005,Ibuprofen,1305,33,0,0,12000
2026-03-06,PHC001,M005,Ibuprofen,1265,40,0,0,12000
2026-03-07,PHC001,M005,Ibuprofen,1237,28,0,0,12000
2026-03-08,PHC001,M005,Ibuprofen,1216,21,0,0,12000
2026-03-09,PHC001,M005,Ibuprofen,1184,30,0,2,12000
2026-03-10,PHC001,M005,Ibuprofen,1154,30,0,0,12000
2026-03-11,PHC001,M005,Ibuprofen,1122,30,0,2,12000
2026-03-12,PHC001,M005,Ibuprofen,1090,31,0,1,12000
2026-03-13,PHC001,M005,Ibuprofen,1057,30,0,3,12000
2026-03-14,PHC001,M005,Ibuprofen,1027,30,0,0,12000
2026-03-15,PHC001,M005,Ibuprofen,1514,34,521,0,12000
2026-03-16,PHC001,M005,Ibuprofen,1478,34,0,2,12000
2026-03-17,PHC001,M005,Ibuprofen,1450,26,0,2,12000
2026-03-18,PHC001,M005,Ibuprofen,1425,25,0,0,12000
2026-03-19,PHC001,M005,Ibuprofen,1398,26,0,1,12000
2026-03-20,PHC001,M005,Ibuprofen,1358,37,0,3,12000
2026-03-21,PHC001,M005,Ibuprofen,1320,37,0,1,12000
2026-03-22,PHC001,M005,Ibuprofen,1294,25,0,1,12000
2026-03-23,PHC001,M005,Ibuprofen,1266,28,0,0,12000
2026-03-24,PHC001,M005,Ibuprofen,1239,27,0,0,12000
2026-03-25,PHC001,M005,Ibuprofen,1203,35,0,1,12000
2026-03-26,PHC001,M005,Ibuprofen,1175,25,0,3,12000
2026-03-27,PHC001,M005,Ibuprofen,1141,33,0,1,12000
2026-03-28,PHC001,M005,Ibuprofen,1118,22,0,1,12000
2026-03-29,PHC001,M005,Ibuprofen,1089,28,0,1,12000
2026-03-30,PHC001,M005,Ibuprofen,1048,40,0,1,12000
2026-03-31,PHC001,M005,Ibuprofen,1026,21,0,1,12000
2026-04-01,PHC001,M005,Ibuprofen,1536,31,545,4,12000
2026-04-02,PHC001,M005,Ibuprofen,1497,37,0,2,12000
2026-04-03,PHC001,M005,Ibuprofen,1462,33,0,2,12000
2026-04-04,PHC001,M005,Ibuprofen,1427,32,0,3,12000
2026-04-05,PHC001,M005,Ibuprofen,1395,29,0,3,12000
2026-04-06,PHC001,M005,Ibuprofen,1352,43,0,0,12000
2026-04-07,PHC001,M005,Ibuprofen,1314,38,0,0,12000
2026-04-08,PHC001,M005,Ibuprofen,1279,35,0,0,12000
2026-04-09,PHC001,M005,Ibuprofen,1236,43,0,0,12000
2026-04-10,PHC001,M005,Ibuprofen,1200,35,0,1,12000
2026-04-11,PHC001,M005,Ibuprofen,1165,32,0,3,12000
2026-04-12,PHC001,M005,Ibuprofen,1133,32,0,0,12000
2026-04-13,PHC001,M005,Ibuprofen,1091,41,0,1,12000
2026-04-14,PHC001,M005,Ibuprofen,1048,42,0,1,12000
2026-04-15,PHC001,M005,Ibuprofen,2000,52,1005,1,12000
2026-04-16,PHC001,M005,Ibuprofen,1971,28,0,1,12000
2026-04-17,PHC001,M005,Ibuprofen,1936,33,0,2,12000
2026-04-18,PHC001,M005,Ibuprofen,1896,39,0,1,12000
2026-04-19,PHC001,M005,Ibuprofen,1863,32,0,1,12000
2026-04-20,PHC001,M005,Ibuprofen,1831,30,0,2,12000
2026-04-21,PHC001,M005,Ibuprofen,1788,42,0,1,12000
2026-04-22,PHC001,M005,Ibuprofen,1762,25,0,1,12000
2026-04-23,PHC001,M005,Ibuprofen,1727,33,0,2,12000
2026-04-24,PHC001,M005,Ibuprofen,1686,39,0,2,12000
2026-04-25,PHC001,M005,Ibuprofen,1646,37,0,3,12000
2026-04-26,PHC001,M005,Ibuprofen,1606,39,0,1,12000
2026-04-27,PHC001,M005,Ibuprofen,1568,36,0,2,12000
2026-04-28,PHC001,M005,Ibuprofen,1534,32,0,2,12000
2026-04-29,PHC001,M005,Ibuprofen,1497,37,0,0,12000
2026-04-30,PHC001,M005,Ibuprofen,1464,32,0,1,12000
2026-05-01,PHC001,M005,Ibuprofen,2042,34,613,1,12000
2026-05-02,PHC001,M005,Ibuprofen,2002,40,0,0,12000
2026-05-03,PHC001,M005,Ibuprofen,1962,39,0,1,12000
2026-05-04,PHC001,M005,Ibuprofen,1924,37,0,1,12000
2026-05-05,PHC001,M005,Ibuprofen,1891,33,0,0,12000
2026-05-06,PHC001,M005,Ibuprofen,1852,39,0,0,12000
2026-05-07,PHC001,M005,Ibuprofen,1804,46,0,2,12000
2026-05-08,PHC001,M005,Ibuprofen,1767,35,0,2,12000
2026-05-09,PHC001,M005,Ibuprofen,1736,31,0,0,12000
2026-05-10,PHC001,M005,Ibuprofen,1708,27,0,1,12000
2026-05-11,PHC001,M005,Ibuprofen,1673,32,0,3,12000
2026-05-12,PHC001,M005,Ibuprofen,1637,35,0,1,12000
2026-05-13,PHC001,M005,Ibuprofen,1595,41,0,1,12000
2026-05-14,PHC001,M005,Ibuprofen,1560,34,0,1,12000
2026-05-15,PHC001,M005,Ibuprofen,2069,28,538,1,12000
2026-05-16,PHC001,M005,Ibuprofen,2032,34,0,3,12000
2026-05-17,PHC001,M005,Ibuprofen,1999,33,0,0,12000
2026-05-18,PHC001,M005,Ibuprofen,1965,32,0,2,12000
2026-05-19,PHC001,M005,Ibuprofen,1933,32,0,0,12000
2026-05-20,PHC001,M005,Ibuprofen,1904,26,0,3,12000
2026-05-21,PHC001,M005,Ibuprofen,1877,26,0,1,12000
2026-05-22,PHC001,M005,Ibuprofen,1845,30,0,2,12000
2026-05-23,PHC001,M005,Ibuprofen,1820,21,0,4,12000
2026-05-24,PHC001,M005,Ibuprofen,1797,23,0,0,12000
2026-05-25,PHC001,M005,Ibuprofen,1763,34,0,0,12000
2026-05-26,PHC001,M005,Ibuprofen,1732,31,0,0,12000
2026-05-27,PHC001,M005,Ibuprofen,1689,43,0,0,12000
2026-05-28,PHC001,M005,Ibuprofen,1668,21,0,0,12000
2026-05-29,PHC001,M005,Ibuprofen,1637,30,0,1,12000
2026-05-30,PHC001,M005,Ibuprofen,1606,31,0,0,12000
2026-05-31,PHC001,M005,Ibuprofen,1576,25,0,5,12000
2026-06-01,PHC001,M005,Ibuprofen,1767,21,212,0,12000
2026-06-02,PHC001,M005,Ibuprofen,1736,29,0,2,12000
2026-06-03,PHC001,M005,Ibuprofen,1708,27,0,1,12000
2026-06-04,PHC001,M005,Ibuprofen,1684,24,0,0,12000
2026-06-05,PHC001,M005,Ibuprofen,1649,32,0,3,12000
2026-06-06,PHC001,M005,Ibuprofen,1618,31,0,0,12000
2026-06-07,PHC001,M005,Ibuprofen,1583,34,0,1,12000
2026-06-08,PHC001,M005,Ibuprofen,1543,38,0,2,12000
2026-06-09,PHC001,M005,Ibuprofen,1509,33,0,1,12000
2026-06-10,PHC001,M005,Ibuprofen,1481,28,0,0,12000
2026-06-11,PHC001,M005,Ibuprofen,1452,28,0,1,12000
2026-06-12,PHC001,M005,Ibuprofen,1416,36,0,0,12000
2026-06-13,PHC001,M005,Ibuprofen,1376,40,0,0,12000
2026-06-14,PHC001,M005,Ibuprofen,1347,26,0,3,12000
2026-06-15,PHC001,M005,Ibuprofen,1917,33,603,0,12000
2026-06-16,PHC001,M005,Ibuprofen,1869,44,0,4,12000
2026-06-17,PHC001,M005,Ibuprofen,1834,35,0,0,12000
2026-06-18,PHC001,M005,Ibuprofen,1795,36,0,3,12000
2026-06-19,PHC001,M005,Ibuprofen,1768,26,0,1,12000
2026-06-20,PHC001,M005,Ibuprofen,1740,26,0,2,12000
2026-06-21,PHC001,M005,Ibuprofen,1706,33,0,1,12000
2026-06-22,PHC001,M005,Ibuprofen,1677,28,0,1,12000
2026-06-23,PHC001,M005,Ibuprofen,1634,43,0,0,12000
2026-06-24,PHC001,M005,Ibuprofen,1605,27,0,2,12000
2026-06-25,PHC001,M005,Ibuprofen,1577,27,0,1,12000
2026-06-26,PHC001,M005,Ibuprofen,1540,36,0,1,12000
2026-06-27,PHC001,M005,Ibuprofen,1500,37,0,3,12000
2026-06-28,PHC001,M005,Ibuprofen,1472,25,0,3,12000
2026-06-29,PHC001,M005,Ibuprofen,1435,35,0,2,12000
2026-06-30,PHC001,M005,Ibuprofen,1399,35,0,1,12000
2026-01-01,PHC001,M006,Azithromycin,1275,12,215,0,12000
2026-01-02,PHC001,M006,Azithromycin,1258,15,0,2,12000
2026-01-03,PHC001,M006,Azithromycin,1240,17,0,1,12000
2026-01-04,PHC001,M006,Azithromycin,1223,15,0,2,12000
2026-01-05,PHC001,M006,Azithromycin,1205,17,0,1,12000
2026-01-06,PHC001,M006,Azithromycin,1189,15,0,1,12000
2026-01-07,PHC001,M006,Azithromycin,1174,14,0,1,12000
2026-01-08,PHC001,M006,Azithromycin,1160,14,0,0,12000
2026-01-09,PHC001,M006,Azithromycin,1138,22,0,0,12000
2026-01-10,PHC001,M006,Azithromycin,1122,16,0,0,12000
2026-01-11,PHC001,M006,Azithromycin,1105,17,0,0,12000
2026-01-12,PHC001,M006,Azithromycin,1088,16,0,1,12000
2026-01-13,PHC001,M006,Azithromycin,1066,19,0,3,12000
2026-01-14,PHC001,M006,Azithromycin,1046,19,0,1,12000
2026-01-15,PHC001,M006,Azithromycin,1263,10,227,0,12000
2026-01-16,PHC001,M006,Azithromycin,1244,19,0,0,12000
2026-01-17,PHC001,M006,Azithromycin,1228,16,0,0,12000
2026-01-18,PHC001,M006,Azithromycin,1218,10,0,0,12000
2026-01-19,PHC001,M006,Azithromycin,1201,17,0,0,12000
2026-01-20,PHC001,M006,Azithromycin,1192,8,0,1,12000
2026-01-21,PHC001,M006,Azithromycin,1177,14,0,1,12000
2026-01-22,PHC001,M006,Azithromycin,1162,12,0,3,12000
2026-01-23,PHC001,M006,Azithromycin,1143,19,0,0,12000
2026-01-24,PHC001,M006,Azithromycin,1131,11,0,1,12000
2026-01-25,PHC001,M006,Azithromycin,1116,12,0,3,12000
2026-01-26,PHC001,M006,Azithromycin,1096,20,0,0,12000
2026-01-27,PHC001,M006,Azithromycin,1073,21,0,2,12000
2026-01-28,PHC001,M006,Azithromycin,1051,21,0,1,12000
2026-01-29,PHC001,M006,Azithromycin,1038,13,0,0,12000
2026-01-30,PHC001,M006,Azithromycin,1018,20,0,0,12000
2026-01-31,PHC001,M006,Azithromycin,1002,16,0,0,12000
2026-02-01,PHC001,M006,Azithromycin,1350,22,370,0,12000
2026-02-02,PHC001,M006,Azithromycin,1334,16,0,0,12000
2026-02-03,PHC001,M006,Azithromycin,1313,21,0,0,12000
2026-02-04,PHC001,M006,Azithromycin,1297,14,0,2,12000
2026-02-05,PHC001,M006,Azithromycin,1280,17,0,0,12000
2026-02-06,PHC001,M006,Azithromycin,1262,17,0,1,12000
2026-02-07,PHC001,M006,Azithromycin,1244,17,0,1,12000
2026-02-08,PHC001,M006,Azithromycin,1229,14,0,1,12000
2026-02-09,PHC001,M006,Azithromycin,1212,17,0,0,12000
2026-02-10,PHC001,M006,Azithromycin,1190,19,0,3,12000
2026-02-11,PHC001,M006,Azithromycin,1175,14,0,1,12000
2026-02-12,PHC001,M006,Azithromycin,1168,7,0,0,12000
2026-02-13,PHC001,M006,Azithromycin,1147,21,0,0,12000
2026-02-14,PHC001,M006,Azithromycin,1133,14,0,0,12000
2026-02-15,PHC001,M006,Azithromycin,1412,19,298,0,12000
2026-02-16,PHC001,M006,Azithromycin,1397,15,0,0,12000
2026-02-17,PHC001,M006,Azithromycin,1380,16,0,1,12000
2026-02-18,PHC001,M006,Azithromycin,1355,23,0,2,12000
2026-02-19,PHC001,M006,Azithromycin,1340,11,0,4,12000
2026-02-20,PHC001,M006,Azithromycin,1322,17,0,1,12000
2026-02-21,PHC001,M006,Azithromycin,1313,9,0,0,12000
2026-02-22,PHC001,M006,Azithromycin,1299,14,0,0,12000
2026-02-23,PHC001,M006,Azithromycin,1283,16,0,0,12000
2026-02-24,PHC001,M006,Azithromycin,1268,14,0,1,12000
2026-02-25,PHC001,M006,Azithromycin,1256,11,0,1,12000
2026-02-26,PHC001,M006,Azithromycin,1245,10,0,1,12000
2026-02-27,PHC001,M006,Azithromycin,1231,12,0,2,12000
2026-02-28,PHC001,M006,Azithromycin,1220,9,0,2,12000
2026-03-01,PHC001,M006,Azithromycin,1385,13,178,0,12000
2026-03-02,PHC001,M006,Azithromycin,1373,12,0,0,12000
2026-03-03,PHC001,M006,Azithromycin,1363,10,0,0,12000
2026-03-04,PHC001,M006,Azithromycin,1352,11,0,0,12000
2026-03-05,PHC001,M006,Azithromycin,1338,14,0,0,12000
2026-03-06,PHC001,M006,Azithromycin,1326,10,0,2,12000
2026-03-07,PHC001,M006,Azithromycin,1308,17,0,1,12000
2026-03-08,PHC001,M006,Azithromycin,1291,17,0,0,12000
2026-03-09,PHC001,M006,Azithromycin,1282,8,0,1,12000
2026-03-10,PHC001,M006,Azithromycin,1265,14,0,3,12000
2026-03-11,PHC001,M006,Azithromycin,1250,15,0,0,12000
2026-03-12,PHC001,M006,Azithromycin,1239,9,0,2,12000
2026-03-13,PHC001,M006,Azithromycin,1224,12,0,3,12000
2026-03-14,PHC001,M006,Azithromycin,1214,9,0,1,12000
2026-03-15,PHC001,M006,Azithromycin,1419,19,225,1,12000
2026-03-16,PHC001,M006,Azithromycin,1402,15,0,2,12000
2026-03-17,PHC001,M006,Azithromycin,1385,15,0,2,12000
2026-03-18,PHC001,M006,Azithromycin,1374,11,0,0,12000
2026-03-19,PHC001,M006,Azithromycin,1355,14,0,5,12000
2026-03-20,PHC001,M006,Azithromycin,1346,8,0,1,12000
2026-03-21,PHC001,M006,Azithromycin,1332,14,0,0,12000
2026-03-22,PHC001,M006,Azithromycin,1318,14,0,0,12000
2026-03-23,PHC001,M006,Azithromycin,1303,13,0,2,12000
2026-03-24,PHC001,M006,Azithromycin,1289,12,0,2,12000
2026-03-25,PHC001,M006,Azithromycin,1279,9,0,1,12000
2026-03-26,PHC001,M006,Azithromycin,1267,12,0,0,12000
2026-03-27,PHC001,M006,Azithromycin,1251,14,0,2,12000
2026-03-28,PHC001,M006,Azithromycin,1236,15,0,0,12000
2026-03-29,PHC001,M006,Azithromycin,1219,16,0,1,12000
2026-03-30,PHC001,M006,Azithromycin,1203,15,0,1,12000
2026-03-31,PHC001,M006,Azithromycin,1183,20,0,0,12000
2026-04-01,PHC001,M006,Azithromycin,1464,15,297,1,12000
2026-04-02,PHC001,M006,Azithromycin,1451,13,0,0,12000
2026-04-03,PHC001,M006,Azithromycin,1431,18,0,2,12000
2026-04-04,PHC001,M006,Azithromycin,1408,19,0,4,12000
2026-04-05,PHC001,M006,Azithromycin,1395,13,0,0,12000
2026-04-06,PHC001,M006,Azithromycin,1376,18,0,1,12000
2026-04-07,PHC001,M006,Azithromycin,1359,17,0,0,12000
2026-04-08,PHC001,M006,Azithromycin,1342,15,0,2,12000
2026-04-09,PHC001,M006,Azithromycin,1332,9,0,1,12000
2026-04-10,PHC001,M006,Azithromycin,1311,20,0,1,12000
2026-04-11,PHC001,M006,Azithromycin,1287,22,0,2,12000
2026-04-12,PHC001,M006,Azithromycin,1273,13,0,1,12000
2026-04-13,PHC001,M006,Azithromycin,1260,12,0,1,12000
2026-04-14,PHC001,M006,Azithromycin,1239,19,0,2,12000
2026-04-15,PHC001,M006,Azithromycin,1468,13,242,0,12000
2026-04-16,PHC001,M006,Azithromycin,1449,19,0,0,12000
2026-04-17,PHC001,M006,Azithromycin,1436,12,0,1,12000
2026-04-18,PHC001,M006,Azithromycin,1424,11,0,1,12000
2026-04-19,PHC001,M006,Azithromycin,1410,13,0,1,12000
2026-04-20,PHC001,M006,Azithromycin,1395,15,0,0,12000
2026-04-21,PHC001,M006,Azithromycin,1380,15,0,0,12000
2026-04-22,PHC001,M006,Azithromycin,1367,13,0,0,12000
2026-04-23,PHC001,M006,Azithromycin,1342,24,0,1,12000
2026-04-24,PHC001,M006,Azithromycin,1328,12,0,2,12000
2026-04-25,PHC001,M006,Azithromycin,1305,23,0,0,12000
2026-04-26,PHC001,M006,Azithromycin,1287,17,0,1,12000
2026-04-27,PHC001,M006,Azithromycin,1265,22,0,0,12000
2026-04-28,PHC001,M006,Azithromycin,1253,12,0,0,12000
2026-04-29,PHC001,M006,Azithromycin,1234,19,0,0,12000
2026-04-30,PHC001,M006,Azithromycin,1207,26,0,1,12000
2026-05-01,PHC001,M006,Azithromycin,1435,14,242,0,12000
2026-05-02,PHC001,M006,Azithromycin,1418,16,0,1,12000
2026-05-03,PHC001,M006,Azithromycin,1400,17,0,1,12000
2026-05-04,PHC001,M006,Azithromycin,1385,15,0,0,12000
2026-05-05,PHC001,M006,Azithromycin,1374,10,0,1,12000
2026-05-06,PHC001,M006,Azithromycin,1350,21,0,3,12000
2026-05-07,PHC001,M006,Azithromycin,1332,17,0,1,12000
2026-05-08,PHC001,M006,Azithromycin,1314,17,0,1,12000
2026-05-09,PHC001,M006,Azithromycin,1301,13,0,0,12000
2026-05-10,PHC001,M006,Azithromycin,1280,20,0,1,12000
2026-05-11,PHC001,M006,Azithromycin,1266,14,0,0,12000
2026-05-12,PHC001,M006,Azithromycin,1247,18,0,1,12000
2026-05-13,PHC001,M006,Azithromycin,1235,12,0,0,12000
2026-05-14,PHC001,M006,Azithromycin,1225,9,0,1,12000
2026-05-15,PHC001,M006,Azithromycin,1525,21,321,0,12000
2026-05-16,PHC001,M006,Azithromycin,1509,15,0,1,12000
2026-05-17,PHC001,M006,Azithromycin,1483,23,0,3,12000
2026-05-18,PHC001,M006,Azithromycin,1467,15,0,1,12000
2026-05-19,PHC001,M006,Azithromycin,1450,16,0,1,12000
2026-05-20,PHC001,M006,Azithromycin,1436,14,0,0,12000
2026-05-21,PHC001,M006,Azithromycin,1428,8,0,0,12000
2026-05-22,PHC001,M006,Azithromycin,1408,17,0,3,12000
2026-05-23,PHC001,M006,Azithromycin,1388,20,0,0,12000
2026-05-24,PHC001,M006,Azithromycin,1371,17,0,0,12000
2026-05-25,PHC001,M006,Azithromycin,1347,24,0,0,12000
2026-05-26,PHC001,M006,Azithromycin,1332,14,0,1,12000
2026-05-27,PHC001,M006,Azithromycin,1319,11,0,2,12000
2026-05-28,PHC001,M006,Azithromycin,1301,17,0,1,12000
2026-05-29,PHC001,M006,Azithromycin,1285,15,0,1,12000
2026-05-30,PHC001,M006,Azithromycin,1263,22,0,0,12000
2026-05-31,PHC001,M006,Azithromycin,1248,14,0,1,12000
2026-06-01,PHC001,M006,Azithromycin,1392,11,155,0,12000
2026-06-02,PHC001,M006,Azithromycin,1378,13,0,1,12000
2026-06-03,PHC001,M006,Azithromycin,1365,12,0,1,12000
2026-06-04,PHC001,M006,Azithromycin,1326,39,0,0,12000
2026-06-05,PHC001,M006,Azithromycin,1306,19,0,1,12000
2026-06-06,PHC001,M006,Azithromycin,1292,13,0,1,12000
2026-06-07,PHC001,M006,Azithromycin,1282,10,0,0,12000
2026-06-08,PHC001,M006,Azithromycin,1268,14,0,0,12000
2026-06-09,PHC001,M006,Azithromycin,1252,14,0,2,12000
2026-06-10,PHC001,M006,Azithromycin,1236,16,0,0,12000
2026-06-11,PHC001,M006,Azithromycin,1222,14,0,0,12000
2026-06-12,PHC001,M006,Azithromycin,1204,17,0,1,12000
2026-06-13,PHC001,M006,Azithromycin,1193,11,0,0,12000
2026-06-14,PHC001,M006,Azithromycin,1183,10,0,0,12000
2026-06-15,PHC001,M006,Azithromycin,1353,9,179,0,12000
2026-06-16,PHC001,M006,Azithromycin,1340,12,0,1,12000
2026-06-17,PHC001,M006,Azithromycin,1324,14,0,2,12000
2026-06-18,PHC001,M006,Azithromycin,1306,18,0,0,12000
2026-06-19,PHC001,M006,Azithromycin,1284,20,0,2,12000
2026-06-20,PHC001,M006,Azithromycin,1274,10,0,0,12000
2026-06-21,PHC001,M006,Azithromycin,1259,15,0,0,12000
2026-06-22,PHC001,M006,Azithromycin,1237,19,0,3,12000
2026-06-23,PHC001,M006,Azithromycin,1223,14,0,0,12000
2026-06-24,PHC001,M006,Azithromycin,1202,21,0,0,12000
2026-06-25,PHC001,M006,Azithromycin,1185,15,0,2,12000
2026-06-26,PHC001,M006,Azithromycin,1167,17,0,1,12000
2026-06-27,PHC001,M006,Azithromycin,1155,11,0,1,12000
2026-06-28,PHC001,M006,Azithromycin,1142,12,0,1,12000
2026-06-29,PHC001,M006,Azithromycin,1121,20,0,1,12000
2026-06-30,PHC001,M006,Azithromycin,1102,19,0,0,12000
2026-01-01,PHC001,M007,Iron Tablets,1104,21,243,0,12000
2026-01-02,PHC001,M007,Iron Tablets,1079,25,0,0,12000
2026-01-03,PHC001,M007,Iron Tablets,1054,24,0,1,12000
2026-01-04,PHC001,M007,Iron Tablets,1024,28,0,2,12000
2026-01-05,PHC001,M007,Iron Tablets,996,28,0,0,12000
2026-01-06,PHC001,M007,Iron Tablets,961,35,0,0,12000
2026-01-07,PHC001,M007,Iron Tablets,937,24,0,0,12000
2026-01-08,PHC001,M007,Iron Tablets,818,118,0,1,12000
2026-01-09,PHC001,M007,Iron Tablets,793,25,0,0,12000
2026-01-10,PHC001,M007,Iron Tablets,766,27,0,0,12000
2026-01-11,PHC001,M007,Iron Tablets,736,30,0,0,12000
2026-01-12,PHC001,M007,Iron Tablets,708,27,0,1,12000
2026-01-13,PHC001,M007,Iron Tablets,682,26,0,0,12000
2026-01-14,PHC001,M007,Iron Tablets,650,32,0,0,12000
2026-01-15,PHC001,M007,Iron Tablets,1158,28,537,1,12000
2026-01-16,PHC001,M007,Iron Tablets,1127,30,0,1,12000
2026-01-17,PHC001,M007,Iron Tablets,1101,26,0,0,12000
2026-01-18,PHC001,M007,Iron Tablets,1065,35,0,1,12000
2026-01-19,PHC001,M007,Iron Tablets,1032,33,0,0,12000
2026-01-20,PHC001,M007,Iron Tablets,1005,27,0,0,12000
2026-01-21,PHC001,M007,Iron Tablets,970,35,0,0,12000
2026-01-22,PHC001,M007,Iron Tablets,941,28,0,1,12000
2026-01-23,PHC001,M007,Iron Tablets,915,25,0,1,12000
2026-01-24,PHC001,M007,Iron Tablets,897,18,0,0,12000
2026-01-25,PHC001,M007,Iron Tablets,868,29,0,0,12000
2026-01-26,PHC001,M007,Iron Tablets,839,29,0,0,12000
2026-01-27,PHC001,M007,Iron Tablets,815,24,0,0,12000
2026-01-28,PHC001,M007,Iron Tablets,783,32,0,0,12000
2026-01-29,PHC001,M007,Iron Tablets,754,27,0,2,12000
2026-01-30,PHC001,M007,Iron Tablets,729,25,0,0,12000
2026-01-31,PHC001,M007,Iron Tablets,699,29,0,1,12000
2026-02-01,PHC001,M007,Iron Tablets,1020,35,357,1,12000
2026-02-02,PHC001,M007,Iron Tablets,986,34,0,0,12000
2026-02-03,PHC001,M007,Iron Tablets,957,28,0,1,12000
2026-02-04,PHC001,M007,Iron Tablets,935,21,0,1,12000
2026-02-05,PHC001,M007,Iron Tablets,918,17,0,0,12000
2026-02-06,PHC001,M007,Iron Tablets,891,27,0,0,12000
2026-02-07,PHC001,M007,Iron Tablets,861,27,0,3,12000
2026-02-08,PHC001,M007,Iron Tablets,837,24,0,0,12000
2026-02-09,PHC001,M007,Iron Tablets,803,34,0,0,12000
2026-02-10,PHC001,M007,Iron Tablets,772,29,0,2,12000
2026-02-11,PHC001,M007,Iron Tablets,748,24,0,0,12000
2026-02-12,PHC001,M007,Iron Tablets,714,34,0,0,12000
2026-02-13,PHC001,M007,Iron Tablets,688,26,0,0,12000
2026-02-14,PHC001,M007,Iron Tablets,665,23,0,0,12000
2026-02-15,PHC001,M007,Iron Tablets,974,19,329,1,12000
2026-02-16,PHC001,M007,Iron Tablets,954,19,0,1,12000
2026-02-17,PHC001,M007,Iron Tablets,923,31,0,0,12000
2026-02-18,PHC001,M007,Iron Tablets,902,20,0,1,12000
2026-02-19,PHC001,M007,Iron Tablets,818,84,0,0,12000
2026-02-20,PHC001,M007,Iron Tablets,785,31,0,2,12000
2026-02-21,PHC001,M007,Iron Tablets,759,26,0,0,12000
2026-02-22,PHC001,M007,Iron Tablets,732,27,0,0,12000
2026-02-23,PHC001,M007,Iron Tablets,710,22,0,0,12000
2026-02-24,PHC001,M007,Iron Tablets,691,19,0,0,12000
2026-02-25,PHC001,M007,Iron Tablets,658,33,0,0,12000
2026-02-26,PHC001,M007,Iron Tablets,626,32,0,0,12000
2026-02-27,PHC001,M007,Iron Tablets,609,17,0,0,12000
2026-02-28,PHC001,M007,Iron Tablets,593,16,0,0,12000
2026-03-01,PHC001,M007,Iron Tablets,854,20,281,0,12000
2026-03-02,PHC001,M007,Iron Tablets,827,27,0,0,12000
2026-03-03,PHC001,M007,Iron Tablets,804,23,0,0,12000
2026-03-04,PHC001,M007,Iron Tablets,782,21,0,1,12000
2026-03-05,PHC001,M007,Iron Tablets,757,24,0,1,12000
2026-03-06,PHC001,M007,Iron Tablets,733,23,0,1,12000
2026-03-07,PHC001,M007,Iron Tablets,708,25,0,0,12000
2026-03-08,PHC001,M007,Iron Tablets,681,26,0,1,12000
2026-03-09,PHC001,M007,Iron Tablets,659,21,0,1,12000
2026-03-10,PHC001,M007,Iron Tablets,626,32,0,1,12000
2026-03-11,PHC001,M007,Iron Tablets,603,22,0,1,12000
2026-03-12,PHC001,M007,Iron Tablets,585,18,0,0,12000
2026-03-13,PHC001,M007,Iron Tablets,566,19,0,0,12000
2026-03-14,PHC001,M007,Iron Tablets,545,21,0,0,12000
2026-03-15,PHC001,M007,Iron Tablets,990,30,475,0,12000
2026-03-16,PHC001,M007,Iron Tablets,969,20,0,1,12000
2026-03-17,PHC001,M007,Iron Tablets,940,28,0,1,12000
2026-03-18,PHC001,M007,Iron Tablets,921,19,0,0,12000
2026-03-19,PHC001,M007,Iron Tablets,899,22,0,0,12000
2026-03-20,PHC001,M007,Iron Tablets,875,23,0,1,12000
2026-03-21,PHC001,M007,Iron Tablets,844,31,0,0,12000
2026-03-22,PHC001,M007,Iron Tablets,819,24,0,1,12000
2026-03-23,PHC001,M007,Iron Tablets,797,21,0,1,12000
2026-03-24,PHC001,M007,Iron Tablets,769,28,0,0,12000
2026-03-25,PHC001,M007,Iron Tablets,745,23,0,1,12000
2026-03-26,PHC001,M007,Iron Tablets,721,23,0,1,12000
2026-03-27,PHC001,M007,Iron Tablets,691,29,0,1,12000
2026-03-28,PHC001,M007,Iron Tablets,660,29,0,2,12000
2026-03-29,PHC001,M007,Iron Tablets,631,28,0,1,12000
2026-03-30,PHC001,M007,Iron Tablets,601,29,0,1,12000
2026-03-31,PHC001,M007,Iron Tablets,575,26,0,0,12000
2026-04-01,PHC001,M007,Iron Tablets,1061,30,516,0,12000
2026-04-02,PHC001,M007,Iron Tablets,1027,33,0,1,12000
2026-04-03,PHC001,M007,Iron Tablets,1005,22,0,0,12000
2026-04-04,PHC001,M007,Iron Tablets,981,23,0,1,12000
2026-04-05,PHC001,M007,Iron Tablets,953,28,0,0,12000
2026-04-06,PHC001,M007,Iron Tablets,926,26,0,1,12000
2026-04-07,PHC001,M007,Iron Tablets,901,24,0,1,12000
2026-04-08,PHC001,M007,Iron Tablets,868,33,0,0,12000
2026-04-09,PHC001,M007,Iron Tablets,833,35,0,0,12000
2026-04-10,PHC001,M007,Iron Tablets,809,24,0,0,12000
2026-04-11,PHC001,M007,Iron Tablets,766,43,0,0,12000
2026-04-12,PHC001,M007,Iron Tablets,664,101,0,1,12000
2026-04-13,PHC001,M007,Iron Tablets,621,42,0,1,12000
2026-04-14,PHC001,M007,Iron Tablets,593,28,0,0,12000
2026-04-15,PHC001,M007,Iron Tablets,968,34,409,0,12000
2026-04-16,PHC001,M007,Iron Tablets,944,23,0,1,12000
2026-04-17,PHC001,M007,Iron Tablets,899,45,0,0,12000
2026-04-18,PHC001,M007,Iron Tablets,810,88,0,1,12000
2026-04-19,PHC001,M007,Iron Tablets,779,31,0,0,12000
2026-04-20,PHC001,M007,Iron Tablets,759,20,0,0,12000
2026-04-21,PHC001,M007,Iron Tablets,723,35,0,1,12000
2026-04-22,PHC001,M007,Iron Tablets,698,24,0,1,12000
2026-04-23,PHC001,M007,Iron Tablets,672,26,0,0,12000
2026-04-24,PHC001,M007,Iron Tablets,642,30,0,0,12000
2026-04-25,PHC001,M007,Iron Tablets,612,29,0,1,12000
2026-04-26,PHC001,M007,Iron Tablets,588,24,0,0,12000
2026-04-27,PHC001,M007,Iron Tablets,553,34,0,1,12000
2026-04-28,PHC001,M007,Iron Tablets,526,27,0,0,12000
2026-04-29,PHC001,M007,Iron Tablets,494,31,0,1,12000
2026-04-30,PHC001,M007,Iron Tablets,465,28,0,1,12000
2026-05-01,PHC001,M007,Iron Tablets,902,32,469,0,12000
2026-05-02,PHC001,M007,Iron Tablets,877,24,0,1,12000
2026-05-03,PHC001,M007,Iron Tablets,847,29,0,1,12000
2026-05-04,PHC001,M007,Iron Tablets,819,27,0,1,12000
2026-05-05,PHC001,M007,Iron Tablets,792,27,0,0,12000
2026-05-06,PHC001,M007,Iron Tablets,755,36,0,1,12000
2026-05-07,PHC001,M007,Iron Tablets,727,27,0,1,12000
2026-05-08,PHC001,M007,Iron Tablets,696,31,0,0,12000
2026-05-09,PHC001,M007,Iron Tablets,664,32,0,0,12000
2026-05-10,PHC001,M007,Iron Tablets,636,27,0,1,12000
2026-05-11,PHC001,M007,Iron Tablets,610,26,0,0,12000
2026-05-12,PHC001,M007,Iron Tablets,572,38,0,0,12000
2026-05-13,PHC001,M007,Iron Tablets,534,38,0,0,12000
2026-05-14,PHC001,M007,Iron Tablets,511,23,0,0,12000
2026-05-15,PHC001,M007,Iron Tablets,797,28,315,1,12000
2026-05-16,PHC001,M007,Iron Tablets,763,34,0,0,12000
2026-05-17,PHC001,M007,Iron Tablets,736,25,0,2,12000
2026-05-18,PHC001,M007,Iron Tablets,707,28,0,1,12000
2026-05-19,PHC001,M007,Iron Tablets,681,26,0,0,12000
2026-05-20,PHC001,M007,Iron Tablets,653,28,0,0,12000
2026-05-21,PHC001,M007,Iron Tablets,625,28,0,0,12000
2026-05-22,PHC001,M007,Iron Tablets,598,27,0,0,12000
2026-05-23,PHC001,M007,Iron Tablets,572,25,0,1,12000
2026-05-24,PHC001,M007,Iron Tablets,549,23,0,0,12000
2026-05-25,PHC001,M007,Iron Tablets,524,25,0,0,12000
2026-05-26,PHC001,M007,Iron Tablets,499,25,0,0,12000
2026-05-27,PHC001,M007,Iron Tablets,470,29,0,0,12000
2026-05-28,PHC001,M007,Iron Tablets,446,24,0,0,12000
2026-05-29,PHC001,M007,Iron Tablets,427,18,0,1,12000
2026-05-30,PHC001,M007,Iron Tablets,403,24,0,0,12000
2026-05-31,PHC001,M007,Iron Tablets,376,27,0,0,12000
2026-06-01,PHC001,M007,Iron Tablets,698,24,346,0,12000
2026-06-02,PHC001,M007,Iron Tablets,673,23,0,2,12000
2026-06-03,PHC001,M007,Iron Tablets,643,30,0,0,12000
2026-06-04,PHC001,M007,Iron Tablets,625,18,0,0,12000
2026-06-05,PHC001,M007,Iron Tablets,592,32,0,1,12000
2026-06-06,PHC001,M007,Iron Tablets,560,32,0,0,12000
2026-06-07,PHC001,M007,Iron Tablets,526,33,0,1,12000
2026-06-08,PHC001,M007,Iron Tablets,503,23,0,0,12000
2026-06-09,PHC001,M007,Iron Tablets,477,26,0,0,12000
2026-06-10,PHC001,M007,Iron Tablets,457,20,0,0,12000
2026-06-11,PHC001,M007,Iron Tablets,438,18,0,1,12000
2026-06-12,PHC001,M007,Iron Tablets,415,22,0,1,12000
2026-06-13,PHC001,M007,Iron Tablets,397,18,0,0,12000
2026-06-14,PHC001,M007,Iron Tablets,373,24,0,0,12000
2026-06-15,PHC001,M007,Iron Tablets,900,28,555,0,12000
2026-06-16,PHC001,M007,Iron Tablets,879,21,0,0,12000
2026-06-17,PHC001,M007,Iron Tablets,861,18,0,0,12000
2026-06-18,PHC001,M007,Iron Tablets,826,33,0,2,12000
2026-06-19,PHC001,M007,Iron Tablets,802,23,0,1,12000
2026-06-20,PHC001,M007,Iron Tablets,767,34,0,1,12000
2026-06-21,PHC001,M007,Iron Tablets,741,25,0,1,12000
2026-06-22,PHC001,M007,Iron Tablets,706,35,0,0,12000
2026-06-23,PHC001,M007,Iron Tablets,663,42,0,1,12000
2026-06-24,PHC001,M007,Iron Tablets,631,32,0,0,12000
2026-06-25,PHC001,M007,Iron Tablets,603,28,0,0,12000
2026-06-26,PHC001,M007,Iron Tablets,566,37,0,0,12000
2026-06-27,PHC001,M007,Iron Tablets,539,27,0,0,12000
2026-06-28,PHC001,M007,Iron Tablets,503,36,0,0,12000
2026-06-29,PHC001,M007,Iron Tablets,470,30,0,3,12000
2026-06-30,PHC001,M007,Iron Tablets,433,36,0,1,12000
2026-01-01,PHC001,M008,Antacid,1473,34,574,0,12000
2026-01-02,PHC001,M008,Antacid,1437,33,0,3,12000
2026-01-03,PHC001,M008,Antacid,1405,31,0,1,12000
2026-01-04,PHC001,M008,Antacid,1370,33,0,2,12000
2026-01-05,PHC001,M008,Antacid,1351,19,0,0,12000
2026-01-06,PHC001,M008,Antacid,1317,32,0,2,12000
2026-01-07,PHC001,M008,Antacid,1290,26,0,1,12000
2026-01-08,PHC001,M008,Antacid,1257,33,0,0,12000
2026-01-09,PHC001,M008,Antacid,1229,28,0,0,12000
2026-01-10,PHC001,M008,Antacid,1198,31,0,0,12000
2026-01-11,PHC001,M008,Antacid,1170,28,0,0,12000
2026-01-12,PHC001,M008,Antacid,1132,38,0,0,12000
2026-01-13,PHC001,M008,Antacid,1102,29,0,1,12000
2026-01-14,PHC001,M008,Antacid,1072,30,0,0,12000
2026-01-15,PHC001,M008,Antacid,1477,23,428,0,12000
2026-01-16,PHC001,M008,Antacid,1449,27,0,1,12000
2026-01-17,PHC001,M008,Antacid,1416,32,0,1,12000
2026-01-18,PHC001,M008,Antacid,1378,36,0,2,12000
2026-01-19,PHC001,M008,Antacid,1342,35,0,1,12000
2026-01-20,PHC001,M008,Antacid,1314,28,0,0,12000
2026-01-21,PHC001,M008,Antacid,1282,31,0,1,12000
2026-01-22,PHC001,M008,Antacid,1252,28,0,2,12000
2026-01-23,PHC001,M008,Antacid,1206,46,0,0,12000
2026-01-24,PHC001,M008,Antacid,1173,33,0,0,12000
2026-01-25,PHC001,M008,Antacid,1135,37,0,1,12000
2026-01-26,PHC001,M008,Antacid,1114,21,0,0,12000
2026-01-27,PHC001,M008,Antacid,1076,37,0,1,12000
2026-01-28,PHC001,M008,Antacid,1039,34,0,3,12000
2026-01-29,PHC001,M008,Antacid,1016,23,0,0,12000
2026-01-30,PHC001,M008,Antacid,981,33,0,2,12000
2026-01-31,PHC001,M008,Antacid,894,87,0,0,12000
2026-02-01,PHC001,M008,Antacid,1443,32,581,0,12000
2026-02-02,PHC001,M008,Antacid,1414,28,0,1,12000
2026-02-03,PHC001,M008,Antacid,1386,26,0,2,12000
2026-02-04,PHC001,M008,Antacid,1350,34,0,2,12000
2026-02-05,PHC001,M008,Antacid,1320,29,0,1,12000
2026-02-06,PHC001,M008,Antacid,1289,30,0,1,12000
2026-02-07,PHC001,M008,Antacid,1258,31,0,0,12000
2026-02-08,PHC001,M008,Antacid,1228,30,0,0,12000
2026-02-09,PHC001,M008,Antacid,1191,35,0,2,12000
2026-02-10,PHC001,M008,Antacid,1159,28,0,4,12000
2026-02-11,PHC001,M008,Antacid,1113,46,0,0,12000
2026-02-12,PHC001,M008,Antacid,1089,23,0,1,12000
2026-02-13,PHC001,M008,Antacid,1054,35,0,0,12000
2026-02-14,PHC001,M008,Antacid,1037,16,0,1,12000
2026-02-15,PHC001,M008,Antacid,1415,21,400,1,12000
2026-02-16,PHC001,M008,Antacid,1387,26,0,2,12000
2026-02-17,PHC001,M008,Antacid,1352,34,0,1,12000
2026-02-18,PHC001,M008,Antacid,1329,22,0,1,12000
2026-02-19,PHC001,M008,Antacid,1293,34,0,2,12000
2026-02-20,PHC001,M008,Antacid,1262,31,0,0,12000
2026-02-21,PHC001,M008,Antacid,1243,17,0,2,12000
2026-02-22,PHC001,M008,Antacid,1206,35,0,2,12000
2026-02-23,PHC001,M008,Antacid,1170,34,0,2,12000
2026-02-24,PHC001,M008,Antacid,1149,21,0,0,12000
2026-02-25,PHC001,M008,Antacid,1125,23,0,1,12000
2026-02-26,PHC001,M008,Antacid,1100,25,0,0,12000
2026-02-27,PHC001,M008,Antacid,1072,26,0,2,12000
2026-02-28,PHC001,M008,Antacid,1050,22,0,0,12000
2026-03-01,PHC001,M008,Antacid,1464,27,441,0,12000
2026-03-02,PHC001,M008,Antacid,1438,25,0,1,12000
2026-03-03,PHC001,M008,Antacid,1413,22,0,3,12000
2026-03-04,PHC001,M008,Antacid,1396,15,0,2,12000
2026-03-05,PHC001,M008,Antacid,1370,26,0,0,12000
2026-03-06,PHC001,M008,Antacid,1337,32,0,1,12000
2026-03-07,PHC001,M008,Antacid,1319,17,0,1,12000
2026-03-08,PHC001,M008,Antacid,1297,22,0,0,12000
2026-03-09,PHC001,M008,Antacid,1275,19,0,3,12000
2026-03-10,PHC001,M008,Antacid,1250,24,0,1,12000
2026-03-11,PHC001,M008,Antacid,1228,20,0,2,12000
2026-03-12,PHC001,M008,Antacid,1193,32,0,3,12000
2026-03-13,PHC001,M008,Antacid,1174,19,0,0,12000
2026-03-14,PHC001,M008,Antacid,1149,24,0,1,12000
2026-03-15,PHC001,M008,Antacid,1695,31,577,0,12000
2026-03-16,PHC001,M008,Antacid,1678,16,0,1,12000
2026-03-17,PHC001,M008,Antacid,1661,17,0,0,12000
2026-03-18,PHC001,M008,Antacid,1632,27,0,2,12000
2026-03-19,PHC001,M008,Antacid,1601,31,0,0,12000
2026-03-20,PHC001,M008,Antacid,1560,40,0,1,12000
2026-03-21,PHC001,M008,Antacid,1537,22,0,1,12000
2026-03-22,PHC001,M008,Antacid,1507,29,0,1,12000
2026-03-23,PHC001,M008,Antacid,1468,37,0,2,12000
2026-03-24,PHC001,M008,Antacid,1442,26,0,0,12000
2026-03-25,PHC001,M008,Antacid,1345,95,0,2,12000
2026-03-26,PHC001,M008,Antacid,1313,30,0,2,12000
2026-03-27,PHC001,M008,Antacid,1282,31,0,0,12000
2026-03-28,PHC001,M008,Antacid,1253,28,0,1,12000
2026-03-29,PHC001,M008,Antacid,1226,27,0,0,12000
2026-03-30,PHC001,M008,Antacid,1196,30,0,0,12000
2026-03-31,PHC001,M008,Antacid,1161,34,0,1,12000
2026-04-01,PHC001,M008,Antacid,1511,32,382,0,12000
2026-04-02,PHC001,M008,Antacid,1481,29,0,1,12000
2026-04-03,PHC001,M008,Antacid,1450,31,0,0,12000
2026-04-04,PHC001,M008,Antacid,1416,34,0,0,12000
2026-04-05,PHC001,M008,Antacid,1377,38,0,1,12000
2026-04-06,PHC001,M008,Antacid,1343,33,0,1,12000
2026-04-07,PHC001,M008,Antacid,1307,35,0,1,12000
2026-04-08,PHC001,M008,Antacid,1279,27,0,1,12000
2026-04-09,PHC001,M008,Antacid,1254,24,0,1,12000
2026-04-10,PHC001,M008,Antacid,1221,31,0,2,12000
2026-04-11,PHC001,M008,Antacid,1192,28,0,1,12000
2026-04-12,PHC001,M008,Antacid,1155,36,0,1,12000
2026-04-13,PHC001,M008,Antacid,1128,27,0,0,12000
2026-04-14,PHC001,M008,Antacid,1096,31,0,1,12000
2026-04-15,PHC001,M008,Antacid,1576,31,511,0,12000
2026-04-16,PHC001,M008,Antacid,1543,33,0,0,12000
2026-04-17,PHC001,M008,Antacid,1508,33,0,2,12000
2026-04-18,PHC001,M008,Antacid,1490,18,0,0,12000
2026-04-19,PHC001,M008,Antacid,1452,36,0,2,12000
2026-04-20,PHC001,M008,Antacid,1423,29,0,0,12000
2026-04-21,PHC001,M008,Antacid,1384,39,0,0,12000
2026-04-22,PHC001,M008,Antacid,1340,41,0,3,12000
2026-04-23,PHC001,M008,Antacid,1306,31,0,3,12000
2026-04-24,PHC001,M008,Antacid,1263,40,0,3,12000
2026-04-25,PHC001,M008,Antacid,1235,28,0,0,12000
2026-04-26,PHC001,M008,Antacid,1195,38,0,2,12000
2026-04-27,PHC001,M008,Antacid,1162,31,0,2,12000
2026-04-28,PHC001,M008,Antacid,1114,47,0,1,12000
2026-04-29,PHC001,M008,Antacid,1079,34,0,1,12000
2026-04-30,PHC001,M008,Antacid,1050,29,0,0,12000
2026-05-01,PHC001,M008,Antacid,1567,35,552,0,12000
2026-05-02,PHC001,M008,Antacid,1534,32,0,1,12000
2026-05-03,PHC001,M008,Antacid,1495,38,0,1,12000
2026-05-04,PHC001,M008,Antacid,1466,26,0,3,12000
2026-05-05,PHC001,M008,Antacid,1424,41,0,1,12000
2026-05-06,PHC001,M008,Antacid,1376,46,0,2,12000
2026-05-07,PHC001,M008,Antacid,1338,37,0,1,12000
2026-05-08,PHC001,M008,Antacid,1307,30,0,1,12000
2026-05-09,PHC001,M008,Antacid,1277,30,0,0,12000
2026-05-10,PHC001,M008,Antacid,1237,40,0,0,12000
2026-05-11,PHC001,M008,Antacid,1204,33,0,0,12000
2026-05-12,PHC001,M008,Antacid,1174,28,0,2,12000
2026-05-13,PHC001,M008,Antacid,1144,28,0,2,12000
2026-05-14,PHC001,M008,Antacid,1108,34,0,2,12000
2026-05-15,PHC001,M008,Antacid,1405,27,324,0,12000
2026-05-16,PHC001,M008,Antacid,1371,33,0,1,12000
2026-05-17,PHC001,M008,Antacid,1335,35,0,1,12000
2026-05-18,PHC001,M008,Antacid,1299,36,0,0,12000
2026-05-19,PHC001,M008,Antacid,1266,30,0,3,12000
2026-05-20,PHC001,M008,Antacid,1241,25,0,0,12000
2026-05-21,PHC001,M008,Antacid,1206,34,0,1,12000
2026-05-22,PHC001,M008,Antacid,1181,23,0,2,12000
2026-05-23,PHC001,M008,Antacid,1148,32,0,1,12000
2026-05-24,PHC001,M008,Antacid,1114,34,0,0,12000
2026-05-25,PHC001,M008,Antacid,1086,27,0,1,12000
2026-05-26,PHC001,M008,Antacid,1057,28,0,1,12000
2026-05-27,PHC001,M008,Antacid,1028,27,0,2,12000
2026-05-28,PHC001,M008,Antacid,997,29,0,2,12000
2026-05-29,PHC001,M008,Antacid,962,34,0,1,12000
2026-05-30,PHC001,M008,Antacid,934,28,0,0,12000
2026-05-31,PHC001,M008,Antacid,909,24,0,1,12000
2026-06-01,PHC001,M008,Antacid,1360,32,483,0,12000
2026-06-02,PHC001,M008,Antacid,1327,32,0,1,12000
2026-06-03,PHC001,M008,Antacid,1290,34,0,3,12000
2026-06-04,PHC001,M008,Antacid,1252,34,0,4,12000
2026-06-05,PHC001,M008,Antacid,1221,29,0,2,12000
2026-06-06,PHC001,M008,Antacid,1193,26,0,2,12000
2026-06-07,PHC001,M008,Antacid,1163,27,0,3,12000
2026-06-08,PHC001,M008,Antacid,1128,35,0,0,12000
2026-06-09,PHC001,M008,Antacid,1096,30,0,2,12000
2026-06-10,PHC001,M008,Antacid,1067,27,0,2,12000
2026-06-11,PHC001,M008,Antacid,1041,25,0,1,12000
2026-06-12,PHC001,M008,Antacid,1012,29,0,0,12000
2026-06-13,PHC001,M008,Antacid,979,32,0,1,12000
2026-06-14,PHC001,M008,Antacid,945,31,0,3,12000
2026-06-15,PHC001,M008,Antacid,1287,28,375,5,12000
2026-06-16,PHC001,M008,Antacid,1262,25,0,0,12000
2026-06-17,PHC001,M008,Antacid,1230,32,0,0,12000
2026-06-18,PHC001,M008,Antacid,1206,22,0,2,12000
2026-06-19,PHC001,M008,Antacid,1168,37,0,1,12000
2026-06-20,PHC001,M008,Antacid,1142,25,0,1,12000
2026-06-21,PHC001,M008,Antacid,1109,33,0,0,12000
2026-06-22,PHC001,M008,Antacid,1073,36,0,0,12000
2026-06-23,PHC001,M008,Antacid,1036,37,0,0,12000
2026-06-24,PHC001,M008,Antacid,1004,30,0,2,12000
2026-06-25,PHC001,M008,Antacid,973,30,0,1,12000
2026-06-26,PHC001,M008,Antacid,939,33,0,1,12000
2026-06-27,PHC001,M008,Antacid,904,34,0,1,12000
2026-06-28,PHC001,M008,Antacid,871,31,0,2,12000
2026-06-29,PHC001,M008,Antacid,833,38,0,0,12000
2026-06-30,PHC001,M008,Antacid,721,110,0,2,12000
2026-01-01,PHC002,M001,Paracetamol,2442,80,1599,0,18000
2026-01-02,PHC002,M001,Paracetamol,2372,69,0,1,18000
2026-01-03,PHC002,M001,Paracetamol,2302,70,0,0,18000
2026-01-04,PHC002,M001,Paracetamol,2214,88,0,0,18000
2026-01-05,PHC002,M001,Paracetamol,2131,83,0,0,18000
2026-01-06,PHC002,M001,Paracetamol,2054,76,0,1,18000
2026-01-07,PHC002,M001,Paracetamol,1822,232,0,0,18000
2026-01-08,PHC002,M001,Paracetamol,1728,94,0,0,18000
2026-01-09,PHC002,M001,Paracetamol,1640,85,0,3,18000
2026-01-10,PHC002,M001,Paracetamol,1557,83,0,0,18000
2026-01-11,PHC002,M001,Paracetamol,1470,87,0,0,18000
2026-01-12,PHC002,M001,Paracetamol,1378,91,0,1,18000
2026-01-13,PHC002,M001,Paracetamol,1307,68,0,3,18000
2026-01-14,PHC002,M001,Paracetamol,1229,77,0,1,18000
2026-01-15,PHC002,M001,Paracetamol,2471,83,1327,2,18000
2026-01-16,PHC002,M001,Paracetamol,2390,81,0,0,18000
2026-01-17,PHC002,M001,Paracetamol,2293,94,0,3,18000
2026-01-18,PHC002,M001,Paracetamol,2209,83,0,1,18000
2026-01-19,PHC002,M001,Paracetamol,2128,79,0,2,18000
2026-01-20,PHC002,M001,Paracetamol,2055,73,0,0,18000
2026-01-21,PHC002,M001,Paracetamol,1970,83,0,2,18000
2026-01-22,PHC002,M001,Paracetamol,1872,94,0,4,18000
2026-01-23,PHC002,M001,Paracetamol,1773,98,0,1,18000
2026-01-24,PHC002,M001,Paracetamol,1678,94,0,1,18000
2026-01-25,PHC002,M001,Paracetamol,1606,72,0,0,18000
2026-01-26,PHC002,M001,Paracetamol,1534,72,0,0,18000
2026-01-27,PHC002,M001,Paracetamol,1449,85,0,0,18000
2026-01-28,PHC002,M001,Paracetamol,1352,96,0,1,18000
2026-01-29,PHC002,M001,Paracetamol,1257,94,0,1,18000
2026-01-30,PHC002,M001,Paracetamol,1174,82,0,1,18000
2026-01-31,PHC002,M001,Paracetamol,1102,72,0,0,18000
2026-02-01,PHC002,M001,Paracetamol,2414,77,1390,1,18000
2026-02-02,PHC002,M001,Paracetamol,2315,94,0,5,18000
2026-02-03,PHC002,M001,Paracetamol,2223,91,0,1,18000
2026-02-04,PHC002,M001,Paracetamol,2159,64,0,0,18000
2026-02-05,PHC002,M001,Paracetamol,2072,85,0,2,18000
2026-02-06,PHC002,M001,Paracetamol,1989,80,0,3,18000
2026-02-07,PHC002,M001,Paracetamol,1909,78,0,2,18000
2026-02-08,PHC002,M001,Paracetamol,1812,95,0,2,18000
2026-02-09,PHC002,M001,Paracetamol,1721,90,0,1,18000
2026-02-10,PHC002,M001,Paracetamol,1642,75,0,4,18000
2026-02-11,PHC002,M001,Paracetamol,1562,79,0,1,18000
2026-02-12,PHC002,M001,Paracetamol,1487,74,0,1,18000
2026-02-13,PHC002,M001,Paracetamol,1406,80,0,1,18000
2026-02-14,PHC002,M001,Paracetamol,1328,76,0,2,18000
2026-02-15,PHC002,M001,Paracetamol,2408,73,1154,1,18000
2026-02-16,PHC002,M001,Paracetamol,2324,83,0,1,18000
2026-02-17,PHC002,M001,Paracetamol,2250,73,0,1,18000
2026-02-18,PHC002,M001,Paracetamol,2159,87,0,4,18000
2026-02-19,PHC002,M001,Paracetamol,2086,72,0,1,18000
2026-02-20,PHC002,M001,Paracetamol,2016,69,0,1,18000
2026-02-21,PHC002,M001,Paracetamol,1936,76,0,4,18000
2026-02-22,PHC002,M001,Paracetamol,1860,76,0,0,18000
2026-02-23,PHC002,M001,Paracetamol,1783,74,0,3,18000
2026-02-24,PHC002,M001,Paracetamol,1707,74,0,2,18000
2026-02-25,PHC002,M001,Paracetamol,1636,69,0,2,18000
2026-02-26,PHC002,M001,Paracetamol,1560,76,0,0,18000
2026-02-27,PHC002,M001,Paracetamol,1494,63,0,3,18000
2026-02-28,PHC002,M001,Paracetamol,1418,75,0,1,18000
2026-03-01,PHC002,M001,Paracetamol,2055,63,700,0,18000
2026-03-02,PHC002,M001,Paracetamol,1971,82,0,2,18000
2026-03-03,PHC002,M001,Paracetamol,1903,66,0,2,18000
2026-03-04,PHC002,M001,Paracetamol,1832,70,0,1,18000
2026-03-05,PHC002,M001,Paracetamol,1767,65,0,0,18000
2026-03-06,PHC002,M001,Paracetamol,1703,64,0,0,18000
2026-03-07,PHC002,M001,Paracetamol,1628,72,0,3,18000
2026-03-08,PHC002,M001,Paracetamol,1538,89,0,1,18000
2026-03-09,PHC002,M001,Paracetamol,1466,72,0,0,18000
2026-03-10,PHC002,M001,Paracetamol,1402,61,0,3,18000
2026-03-11,PHC002,M001,Paracetamol,1313,87,0,2,18000
2026-03-12,PHC002,M001,Paracetamol,1246,65,0,2,18000
2026-03-13,PHC002,M001,Paracetamol,1179,66,0,1,18000
2026-03-14,PHC002,M001,Paracetamol,1103,76,0,0,18000
2026-03-15,PHC002,M001,Paracetamol,2323,74,1295,1,18000
2026-03-16,PHC002,M001,Paracetamol,2251,71,0,1,18000
2026-03-17,PHC002,M001,Paracetamol,2165,85,0,1,18000
2026-03-18,PHC002,M001,Paracetamol,2086,77,0,2,18000
2026-03-19,PHC002,M001,Paracetamol,2011,73,0,2,18000
2026-03-20,PHC002,M001,Paracetamol,1938,72,0,1,18000
2026-03-21,PHC002,M001,Paracetamol,1856,80,0,2,18000
2026-03-22,PHC002,M001,Paracetamol,1770,86,0,0,18000
2026-03-23,PHC002,M001,Paracetamol,1692,77,0,1,18000
2026-03-24,PHC002,M001,Paracetamol,1615,76,0,1,18000
2026-03-25,PHC002,M001,Paracetamol,1549,66,0,0,18000
2026-03-26,PHC002,M001,Paracetamol,1470,78,0,1,18000
2026-03-27,PHC002,M001,Paracetamol,1392,78,0,0,18000
2026-03-28,PHC002,M001,Paracetamol,1293,97,0,2,18000
2026-03-29,PHC002,M001,Paracetamol,1221,69,0,3,18000
2026-03-30,PHC002,M001,Paracetamol,1117,104,0,0,18000
2026-03-31,PHC002,M001,Paracetamol,1034,83,0,0,18000
2026-04-01,PHC002,M001,Paracetamol,2153,62,1182,1,18000
2026-04-02,PHC002,M001,Paracetamol,2063,89,0,1,18000
2026-04-03,PHC002,M001,Paracetamol,1967,93,0,3,18000
2026-04-04,PHC002,M001,Paracetamol,1881,85,0,1,18000
2026-04-05,PHC002,M001,Paracetamol,1625,256,0,0,18000
2026-04-06,PHC002,M001,Paracetamol,1508,117,0,0,18000
2026-04-07,PHC002,M001,Paracetamol,1397,111,0,0,18000
2026-04-08,PHC002,M001,Paracetamol,1311,85,0,1,18000
2026-04-09,PHC002,M001,Paracetamol,1233,78,0,0,18000
2026-04-10,PHC002,M001,Paracetamol,1155,78,0,0,18000
2026-04-11,PHC002,M001,Paracetamol,1063,90,0,2,18000
2026-04-12,PHC002,M001,Paracetamol,959,104,0,0,18000
2026-04-13,PHC002,M001,Paracetamol,845,113,0,1,18000
2026-04-14,PHC002,M001,Paracetamol,765,80,0,0,18000
2026-04-15,PHC002,M001,Paracetamol,2026,85,1346,0,18000
2026-04-16,PHC002,M001,Paracetamol,1954,70,0,2,18000
2026-04-17,PHC002,M001,Paracetamol,1842,110,0,2,18000
2026-04-18,PHC002,M001,Paracetamol,1759,81,0,2,18000
2026-04-19,PHC002,M001,Paracetamol,1670,89,0,0,18000
2026-04-20,PHC002,M001,Paracetamol,1567,101,0,2,18000
2026-04-21,PHC002,M001,Paracetamol,1469,98,0,0,18000
2026-04-22,PHC002,M001,Paracetamol,1381,86,0,2,18000
2026-04-23,PHC002,M001,Paracetamol,1281,99,0,1,18000
2026-04-24,PHC002,M001,Paracetamol,1066,215,0,0,18000
2026-04-25,PHC002,M001,Paracetamol,973,93,0,0,18000
2026-04-26,PHC002,M001,Paracetamol,879,94,0,0,18000
2026-04-27,PHC002,M001,Paracetamol,764,114,0,1,18000
2026-04-28,PHC002,M001,Paracetamol,676,87,0,1,18000
2026-04-29,PHC002,M001,Paracetamol,588,87,0,1,18000
2026-04-30,PHC002,M001,Paracetamol,504,84,0,0,18000
2026-05-01,PHC002,M001,Paracetamol,1667,88,1251,0,18000
2026-05-02,PHC002,M001,Paracetamol,1571,94,0,2,18000
2026-05-03,PHC002,M001,Paracetamol,1491,78,0,2,18000
2026-05-04,PHC002,M001,Paracetamol,1416,74,0,1,18000
2026-05-05,PHC002,M001,Paracetamol,1319,96,0,1,18000
2026-05-06,PHC002,M001,Paracetamol,1228,89,0,2,18000
2026-05-07,PHC002,M001,Paracetamol,1118,109,0,1,18000
2026-05-08,PHC002,M001,Paracetamol,1031,85,0,2,18000
2026-05-09,PHC002,M001,Paracetamol,946,84,0,1,18000
2026-05-10,PHC002,M001,Paracetamol,860,86,0,0,18000
2026-05-11,PHC002,M001,Paracetamol,779,80,0,1,18000
2026-05-12,PHC002,M001,Paracetamol,699,80,0,0,18000
2026-05-13,PHC002,M001,Paracetamol,620,79,0,0,18000
2026-05-14,PHC002,M001,Paracetamol,543,76,0,1,18000
2026-05-15,PHC002,M001,Paracetamol,2211,104,1772,0,18000
2026-05-16,PHC002,M001,Paracetamol,2132,77,0,2,18000
2026-05-17,PHC002,M001,Paracetamol,2054,78,0,0,18000
2026-05-18,PHC002,M001,Paracetamol,1968,84,0,2,18000
2026-05-19,PHC002,M001,Paracetamol,1884,82,0,2,18000
2026-05-20,PHC002,M001,Paracetamol,1799,85,0,0,18000
2026-05-21,PHC002,M001,Paracetamol,1727,70,0,2,18000
2026-05-22,PHC002,M001,Paracetamol,1662,65,0,0,18000
2026-05-23,PHC002,M001,Paracetamol,1591,70,0,1,18000
2026-05-24,PHC002,M001,Paracetamol,1505,85,0,1,18000
2026-05-25,PHC002,M001,Paracetamol,1416,87,0,2,18000
2026-05-26,PHC002,M001,Paracetamol,1329,85,0,2,18000
2026-05-27,PHC002,M001,Paracetamol,1261,67,0,1,18000
2026-05-28,PHC002,M001,Paracetamol,1185,75,0,1,18000
2026-05-29,PHC002,M001,Paracetamol,1129,55,0,1,18000
2026-05-30,PHC002,M001,Paracetamol,1044,84,0,1,18000
2026-05-31,PHC002,M001,Paracetamol,986,56,0,2,18000
2026-06-01,PHC002,M001,Paracetamol,1630,70,714,0,18000
2026-06-02,PHC002,M001,Paracetamol,1549,79,0,2,18000
2026-06-03,PHC002,M001,Paracetamol,1473,76,0,0,18000
2026-06-04,PHC002,M001,Paracetamol,1406,64,0,3,18000
2026-06-05,PHC002,M001,Paracetamol,1324,82,0,0,18000
2026-06-06,PHC002,M001,Paracetamol,1254,70,0,0,18000
2026-06-07,PHC002,M001,Paracetamol,1175,78,0,1,18000
2026-06-08,PHC002,M001,Paracetamol,1102,72,0,1,18000
2026-06-09,PHC002,M001,Paracetamol,1025,75,0,2,18000
2026-06-10,PHC002,M001,Paracetamol,963,62,0,0,18000
2026-06-11,PHC002,M001,Paracetamol,891,72,0,0,18000
2026-06-12,PHC002,M001,Paracetamol,818,73,0,0,18000
2026-06-13,PHC002,M001,Paracetamol,746,72,0,0,18000
2026-06-14,PHC002,M001,Paracetamol,675,69,0,2,18000
2026-06-15,PHC002,M001,Paracetamol,1972,72,1369,0,18000
2026-06-16,PHC002,M001,Paracetamol,1906,65,0,1,18000
2026-06-17,PHC002,M001,Paracetamol,1817,88,0,1,18000
2026-06-18,PHC002,M001,Paracetamol,1744,73,0,0,18000
2026-06-19,PHC002,M001,Paracetamol,1689,54,0,1,18000
2026-06-20,PHC002,M001,Paracetamol,1611,78,0,0,18000
2026-06-21,PHC002,M001,Paracetamol,1536,73,0,2,18000
2026-06-22,PHC002,M001,Paracetamol,1443,93,0,0,18000
2026-06-23,PHC002,M001,Paracetamol,1370,70,0,3,18000
2026-06-24,PHC002,M001,Paracetamol,1292,76,0,2,18000
2026-06-25,PHC002,M001,Paracetamol,1206,83,0,3,18000
2026-06-26,PHC002,M001,Paracetamol,1125,81,0,0,18000
2026-06-27,PHC002,M001,Paracetamol,1020,103,0,2,18000
2026-06-28,PHC002,M001,Paracetamol,935,85,0,0,18000
2026-06-29,PHC002,M001,Paracetamol,856,78,0,1,18000
2026-06-30,PHC002,M001,Paracetamol,772,83,0,1,18000
2026-01-01,PHC002,M002,ORS,1629,51,786,2,18000
2026-01-02,PHC002,M002,ORS,1568,59,0,2,18000
2026-01-03,PHC002,M002,ORS,1503,63,0,2,18000
2026-01-04,PHC002,M002,ORS,1435,67,0,1,18000
2026-01-05,PHC002,M002,ORS,1388,47,0,0,18000
2026-01-06,PHC002,M002,ORS,1325,59,0,4,18000
2026-01-07,PHC002,M002,ORS,1272,51,0,2,18000
2026-01-08,PHC002,M002,ORS,1208,64,0,0,18000
2026-01-09,PHC002,M002,ORS,1149,59,0,0,18000
2026-01-10,PHC002,M002,ORS,1074,74,0,1,18000
2026-01-11,PHC002,M002,ORS,1021,52,0,1,18000
2026-01-12,PHC002,M002,ORS,962,59,0,0,18000
2026-01-13,PHC002,M002,ORS,902,58,0,2,18000
2026-01-14,PHC002,M002,ORS,839,63,0,0,18000
2026-01-15,PHC002,M002,ORS,1456,66,685,2,18000
2026-01-16,PHC002,M002,ORS,1375,81,0,0,18000
2026-01-17,PHC002,M002,ORS,1303,70,0,2,18000
2026-01-18,PHC002,M002,ORS,1242,60,0,1,18000
2026-01-19,PHC002,M002,ORS,1177,63,0,2,18000
2026-01-20,PHC002,M002,ORS,1111,64,0,2,18000
2026-01-21,PHC002,M002,ORS,1052,59,0,0,18000
2026-01-22,PHC002,M002,ORS,990,55,0,7,18000
2026-01-23,PHC002,M002,ORS,918,71,0,1,18000
2026-01-24,PHC002,M002,ORS,858,60,0,0,18000
2026-01-25,PHC002,M002,ORS,794,64,0,0,18000
2026-01-26,PHC002,M002,ORS,728,65,0,1,18000
2026-01-27,PHC002,M002,ORS,661,67,0,0,18000
2026-01-28,PHC002,M002,ORS,613,48,0,0,18000
2026-01-29,PHC002,M002,ORS,539,74,0,0,18000
2026-01-30,PHC002,M002,ORS,492,47,0,0,18000
2026-01-31,PHC002,M002,ORS,436,55,0,1,18000
2026-02-01,PHC002,M002,ORS,1028,60,652,0,18000
2026-02-02,PHC002,M002,ORS,967,59,0,2,18000
2026-02-03,PHC002,M002,ORS,915,52,0,0,18000
2026-02-04,PHC002,M002,ORS,852,63,0,0,18000
2026-02-05,PHC002,M002,ORS,800,51,0,1,18000
2026-02-06,PHC002,M002,ORS,741,57,0,2,18000
2026-02-07,PHC002,M002,ORS,683,56,0,2,18000
2026-02-08,PHC002,M002,ORS,609,74,0,0,18000
2026-02-09,PHC002,M002,ORS,553,55,0,1,18000
2026-02-10,PHC002,M002,ORS,3419,159,3025,0,18000
2026-02-11,PHC002,M002,ORS,3361,54,0,4,18000
2026-02-12,PHC002,M002,ORS,3293,60,0,8,18000
2026-02-13,PHC002,M002,ORS,3227,61,0,5,18000
2026-02-14,PHC002,M002,ORS,3156,66,0,5,18000
2026-02-15,PHC002,M002,ORS,3944,53,847,6,18000
2026-02-16,PHC002,M002,ORS,3878,58,0,8,18000
2026-02-17,PHC002,M002,ORS,3809,64,0,5,18000
2026-02-18,PHC002,M002,ORS,3743,63,0,3,18000
2026-02-19,PHC002,M002,ORS,3685,54,0,4,18000
2026-02-20,PHC002,M002,ORS,3620,61,0,4,18000
2026-02-21,PHC002,M002,ORS,3575,44,0,1,18000
2026-02-22,PHC002,M002,ORS,3517,55,0,3,18000
2026-02-23,PHC002,M002,ORS,3467,44,0,6,18000
2026-02-24,PHC002,M002,ORS,3406,56,0,5,18000
2026-02-25,PHC002,M002,ORS,3354,50,0,2,18000
2026-02-26,PHC002,M002,ORS,3312,39,0,3,18000
2026-02-27,PHC002,M002,ORS,3251,61,0,0,18000
2026-02-28,PHC002,M002,ORS,3201,46,0,4,18000
2026-03-01,PHC002,M002,ORS,4030,44,876,3,18000
2026-03-02,PHC002,M002,ORS,3959,67,0,4,18000
2026-03-03,PHC002,M002,ORS,3901,50,0,8,18000
2026-03-04,PHC002,M002,ORS,3849,50,0,2,18000
2026-03-05,PHC002,M002,ORS,3793,56,0,0,18000
2026-03-06,PHC002,M002,ORS,3731,60,0,2,18000
2026-03-07,PHC002,M002,ORS,3680,49,0,2,18000
2026-03-08,PHC002,M002,ORS,3632,46,0,2,18000
2026-03-09,PHC002,M002,ORS,3571,60,0,1,18000
2026-03-10,PHC002,M002,ORS,3516,53,0,2,18000
2026-03-11,PHC002,M002,ORS,3462,52,0,2,18000
2026-03-12,PHC002,M002,ORS,3404,56,0,2,18000
2026-03-13,PHC002,M002,ORS,3354,47,0,3,18000
2026-03-14,PHC002,M002,ORS,3292,61,0,1,18000
2026-03-15,PHC002,M002,ORS,4380,62,1151,1,18000
2026-03-16,PHC002,M002,ORS,4328,48,0,4,18000
2026-03-17,PHC002,M002,ORS,4271,52,0,5,18000
2026-03-18,PHC002,M002,ORS,4218,52,0,1,18000
2026-03-19,PHC002,M002,ORS,4160,53,0,5,18000
2026-03-20,PHC002,M002,ORS,4090,67,0,3,18000
2026-03-21,PHC002,M002,ORS,4027,58,0,5,18000
2026-03-22,PHC002,M002,ORS,3974,50,0,3,18000
2026-03-23,PHC002,M002,ORS,3904,68,0,2,18000
2026-03-24,PHC002,M002,ORS,3844,58,0,2,18000
2026-03-25,PHC002,M002,ORS,3682,160,0,2,18000
2026-03-26,PHC002,M002,ORS,3635,41,0,6,18000
2026-03-27,PHC002,M002,ORS,3568,62,0,5,18000
2026-03-28,PHC002,M002,ORS,3515,51,0,2,18000
2026-03-29,PHC002,M002,ORS,3450,59,0,6,18000
2026-03-30,PHC002,M002,ORS,3384,64,0,2,18000
2026-03-31,PHC002,M002,ORS,3317,65,0,2,18000
2026-04-01,PHC002,M002,ORS,4451,64,1200,2,18000
2026-04-02,PHC002,M002,ORS,4392,56,0,3,18000
2026-04-03,PHC002,M002,ORS,4326,61,0,5,18000
2026-04-04,PHC002,M002,ORS,4266,59,0,1,18000
2026-04-05,PHC002,M002,ORS,4198,65,0,3,18000
2026-04-06,PHC002,M002,ORS,4132,59,0,7,18000
2026-04-07,PHC002,M002,ORS,4067,63,0,2,18000
2026-04-08,PHC002,M002,ORS,4005,57,0,5,18000
2026-04-09,PHC002,M002,ORS,3932,69,0,4,18000
2026-04-10,PHC002,M002,ORS,3867,61,0,4,18000
2026-04-11,PHC002,M002,ORS,3804,62,0,1,18000
2026-04-12,PHC002,M002,ORS,3732,69,0,3,18000
2026-04-13,PHC002,M002,ORS,3668,61,0,3,18000
2026-04-14,PHC002,M002,ORS,3590,76,0,2,18000
2026-04-15,PHC002,M002,ORS,4893,75,1381,3,18000
2026-04-16,PHC002,M002,ORS,4842,46,0,5,18000
2026-04-17,PHC002,M002,ORS,4771,67,0,4,18000
2026-04-18,PHC002,M002,ORS,4696,73,0,2,18000
2026-04-19,PHC002,M002,ORS,4638,54,0,4,18000
2026-04-20,PHC002,M002,ORS,4548,87,0,3,18000
2026-04-21,PHC002,M002,ORS,4471,74,0,3,18000
2026-04-22,PHC002,M002,ORS,4406,61,0,4,18000
2026-04-23,PHC002,M002,ORS,4321,82,0,3,18000
2026-04-24,PHC002,M002,ORS,4242,72,0,7,18000
2026-04-25,PHC002,M002,ORS,4171,64,0,7,18000
2026-04-26,PHC002,M002,ORS,4108,60,0,3,18000
2026-04-27,PHC002,M002,ORS,4044,58,0,6,18000
2026-04-28,PHC002,M002,ORS,3972,67,0,5,18000
2026-04-29,PHC002,M002,ORS,3900,70,0,2,18000
2026-04-30,PHC002,M002,ORS,3831,67,0,2,18000
2026-05-01,PHC002,M002,ORS,4879,69,1119,2,18000
2026-05-02,PHC002,M002,ORS,4815,60,0,4,18000
2026-05-03,PHC002,M002,ORS,4753,58,0,4,18000
2026-05-04,PHC002,M002,ORS,4681,69,0,3,18000
2026-05-05,PHC002,M002,ORS,4616,61,0,4,18000
2026-05-06,PHC002,M002,ORS,4534,78,0,4,18000
2026-05-07,PHC002,M002,ORS,4465,62,0,7,18000
2026-05-08,PHC002,M002,ORS,4406,55,0,4,18000
2026-05-09,PHC002,M002,ORS,4345,56,0,5,18000
2026-05-10,PHC002,M002,ORS,4292,51,0,2,18000
2026-05-11,PHC002,M002,ORS,4221,65,0,6,18000
2026-05-12,PHC002,M002,ORS,4139,76,0,6,18000
2026-05-13,PHC002,M002,ORS,4063,70,0,6,18000
2026-05-14,PHC002,M002,ORS,3990,67,0,6,18000
2026-05-15,PHC002,M002,ORS,4606,50,669,3,18000
2026-05-16,PHC002,M002,ORS,4542,63,0,1,18000
2026-05-17,PHC002,M002,ORS,4469,68,0,5,18000
2026-05-18,PHC002,M002,ORS,4394,70,0,5,18000
2026-05-19,PHC002,M002,ORS,4238,151,0,5,18000
2026-05-20,PHC002,M002,ORS,4171,65,0,2,18000
2026-05-21,PHC002,M002,ORS,4111,57,0,3,18000
2026-05-22,PHC002,M002,ORS,4047,61,0,3,18000
2026-05-23,PHC002,M002,ORS,3990,54,0,3,18000
2026-05-24,PHC002,M002,ORS,3931,58,0,1,18000
2026-05-25,PHC002,M002,ORS,3869,56,0,6,18000
2026-05-26,PHC002,M002,ORS,3816,50,0,3,18000
2026-05-27,PHC002,M002,ORS,3749,62,0,5,18000
2026-05-28,PHC002,M002,ORS,3686,59,0,4,18000
2026-05-29,PHC002,M002,ORS,3616,67,0,3,18000
2026-05-30,PHC002,M002,ORS,3567,48,0,1,18000
2026-05-31,PHC002,M002,ORS,3503,57,0,7,18000
2026-06-01,PHC002,M002,ORS,4547,56,1107,7,18000
2026-06-02,PHC002,M002,ORS,4494,49,0,4,18000
2026-06-03,PHC002,M002,ORS,4446,46,0,2,18000
2026-06-04,PHC002,M002,ORS,4390,55,0,1,18000
2026-06-05,PHC002,M002,ORS,4341,43,0,6,18000
2026-06-06,PHC002,M002,ORS,4289,48,0,4,18000
2026-06-07,PHC002,M002,ORS,4224,60,0,5,18000
2026-06-08,PHC002,M002,ORS,4164,58,0,2,18000
2026-06-09,PHC002,M002,ORS,4086,72,0,6,18000
2026-06-10,PHC002,M002,ORS,4024,58,0,4,18000
2026-06-11,PHC002,M002,ORS,3969,53,0,2,18000
2026-06-12,PHC002,M002,ORS,3893,72,0,4,18000
2026-06-13,PHC002,M002,ORS,3829,59,0,5,18000
2026-06-14,PHC002,M002,ORS,3762,64,0,3,18000
2026-06-15,PHC002,M002,ORS,4469,58,767,2,18000
2026-06-16,PHC002,M002,ORS,4412,53,0,4,18000
2026-06-17,PHC002,M002,ORS,4359,52,0,1,18000
2026-06-18,PHC002,M002,ORS,4294,59,0,6,18000
2026-06-19,PHC002,M002,ORS,4222,69,0,3,18000
2026-06-20,PHC002,M002,ORS,4163,57,0,2,18000
2026-06-21,PHC002,M002,ORS,4099,57,0,7,18000
2026-06-22,PHC002,M002,ORS,4042,53,0,4,18000
2026-06-23,PHC002,M002,ORS,3973,63,0,6,18000
2026-06-24,PHC002,M002,ORS,3906,64,0,3,18000
2026-06-25,PHC002,M002,ORS,3850,56,0,0,18000
2026-06-26,PHC002,M002,ORS,3787,60,0,3,18000
2026-06-27,PHC002,M002,ORS,3716,66,0,5,18000
2026-06-28,PHC002,M002,ORS,3638,76,0,2,18000
2026-06-29,PHC002,M002,ORS,3568,63,0,7,18000
2026-06-30,PHC002,M002,ORS,3507,59,0,2,18000
2026-01-01,PHC002,M003,Amoxicillin,974,29,414,1,18000
2026-01-02,PHC002,M003,Amoxicillin,938,34,0,2,18000
2026-01-03,PHC002,M003,Amoxicillin,904,34,0,0,18000
2026-01-04,PHC002,M003,Amoxicillin,866,38,0,0,18000
2026-01-05,PHC002,M003,Amoxicillin,838,26,0,2,18000
2026-01-06,PHC002,M003,Amoxicillin,800,36,0,2,18000
2026-01-07,PHC002,M003,Amoxicillin,763,35,0,2,18000
2026-01-08,PHC002,M003,Amoxicillin,729,34,0,0,18000
2026-01-09,PHC002,M003,Amoxicillin,697,32,0,0,18000
2026-01-10,PHC002,M003,Amoxicillin,673,24,0,0,18000
2026-01-11,PHC002,M003,Amoxicillin,645,27,0,1,18000
2026-01-12,PHC002,M003,Amoxicillin,615,29,0,1,18000
2026-01-13,PHC002,M003,Amoxicillin,578,36,0,1,18000
2026-01-14,PHC002,M003,Amoxicillin,529,47,0,2,18000
2026-01-15,PHC002,M003,Amoxicillin,931,29,431,0,18000
2026-01-16,PHC002,M003,Amoxicillin,899,31,0,1,18000
2026-01-17,PHC002,M003,Amoxicillin,852,46,0,1,18000
2026-01-18,PHC002,M003,Amoxicillin,818,34,0,0,18000
2026-01-19,PHC002,M003,Amoxicillin,784,34,0,0,18000
2026-01-20,PHC002,M003,Amoxicillin,749,35,0,0,18000
2026-01-21,PHC002,M003,Amoxicillin,650,98,0,1,18000
2026-01-22,PHC002,M003,Amoxicillin,615,34,0,1,18000
2026-01-23,PHC002,M003,Amoxicillin,587,28,0,0,18000
2026-01-24,PHC002,M003,Amoxicillin,554,33,0,0,18000
2026-01-25,PHC002,M003,Amoxicillin,517,37,0,0,18000
2026-01-26,PHC002,M003,Amoxicillin,482,35,0,0,18000
2026-01-27,PHC002,M003,Amoxicillin,451,30,0,1,18000
2026-01-28,PHC002,M003,Amoxicillin,415,36,0,0,18000
2026-01-29,PHC002,M003,Amoxicillin,377,37,0,1,18000
2026-01-30,PHC002,M003,Amoxicillin,350,27,0,0,18000
2026-01-31,PHC002,M003,Amoxicillin,312,37,0,1,18000
2026-02-01,PHC002,M003,Amoxicillin,643,36,368,1,18000
2026-02-02,PHC002,M003,Amoxicillin,612,30,0,1,18000
2026-02-03,PHC002,M003,Amoxicillin,585,27,0,0,18000
2026-02-04,PHC002,M003,Amoxicillin,541,44,0,0,18000
2026-02-05,PHC002,M003,Amoxicillin,501,40,0,0,18000
2026-02-06,PHC002,M003,Amoxicillin,466,35,0,0,18000
2026-02-07,PHC002,M003,Amoxicillin,430,36,0,0,18000
2026-02-08,PHC002,M003,Amoxicillin,397,33,0,0,18000
2026-02-09,PHC002,M003,Amoxicillin,364,31,0,2,18000
2026-02-10,PHC002,M003,Amoxicillin,329,35,0,0,18000
2026-02-11,PHC002,M003,Amoxicillin,297,32,0,0,18000
2026-02-12,PHC002,M003,Amoxicillin,261,34,0,2,18000
2026-02-13,PHC002,M003,Amoxicillin,222,39,0,0,18000
2026-02-14,PHC002,M003,Amoxicillin,182,39,0,1,18000
2026-02-15,PHC002,M003,Amoxicillin,735,36,589,0,18000
2026-02-16,PHC002,M003,Amoxicillin,711,23,0,1,18000
2026-02-17,PHC002,M003,Amoxicillin,681,29,0,1,18000
2026-02-18,PHC002,M003,Amoxicillin,652,29,0,0,18000
2026-02-19,PHC002,M003,Amoxicillin,612,39,0,1,18000
2026-02-20,PHC002,M003,Amoxicillin,582,30,0,0,18000
2026-02-21,PHC002,M003,Amoxicillin,546,36,0,0,18000
2026-02-22,PHC002,M003,Amoxicillin,507,38,0,1,18000
2026-02-23,PHC002,M003,Amoxicillin,484,23,0,0,18000
2026-02-24,PHC002,M003,Amoxicillin,458,25,0,1,18000
2026-02-25,PHC002,M003,Amoxicillin,425,33,0,0,18000
2026-02-26,PHC002,M003,Amoxicillin,392,33,0,0,18000
2026-02-27,PHC002,M003,Amoxicillin,364,28,0,0,18000
2026-02-28,PHC002,M003,Amoxicillin,335,29,0,0,18000
2026-03-01,PHC002,M003,Amoxicillin,684,26,376,1,18000
2026-03-02,PHC002,M003,Amoxicillin,647,36,0,1,18000
2026-03-03,PHC002,M003,Amoxicillin,605,41,0,1,18000
2026-03-04,PHC002,M003,Amoxicillin,577,28,0,0,18000
2026-03-05,PHC002,M003,Amoxicillin,546,30,0,1,18000
2026-03-06,PHC002,M003,Amoxicillin,523,23,0,0,18000
2026-03-07,PHC002,M003,Amoxicillin,492,30,0,1,18000
2026-03-08,PHC002,M003,Amoxicillin,464,26,0,2,18000
2026-03-09,PHC002,M003,Amoxicillin,436,28,0,0,18000
2026-03-10,PHC002,M003,Amoxicillin,406,30,0,0,18000
2026-03-11,PHC002,M003,Amoxicillin,360,45,0,1,18000
2026-03-12,PHC002,M003,Amoxicillin,325,35,0,0,18000
2026-03-13,PHC002,M003,Amoxicillin,292,32,0,1,18000
2026-03-14,PHC002,M003,Amoxicillin,257,34,0,1,18000
2026-03-15,PHC002,M003,Amoxicillin,456,22,221,0,18000
2026-03-16,PHC002,M003,Amoxicillin,425,30,0,1,18000
2026-03-17,PHC002,M003,Amoxicillin,391,33,0,1,18000
2026-03-18,PHC002,M003,Amoxicillin,357,34,0,0,18000
2026-03-19,PHC002,M003,Amoxicillin,322,35,0,0,18000
2026-03-20,PHC002,M003,Amoxicillin,295,26,0,1,18000
2026-03-21,PHC002,M003,Amoxicillin,265,30,0,0,18000
2026-03-22,PHC002,M003,Amoxicillin,221,43,0,1,18000
2026-03-23,PHC002,M003,Amoxicillin,189,32,0,0,18000
2026-03-24,PHC002,M003,Amoxicillin,164,25,0,0,18000
2026-03-25,PHC002,M003,Amoxicillin,134,30,0,0,18000
2026-03-26,PHC002,M003,Amoxicillin,754,35,655,0,18000
2026-03-27,PHC002,M003,Amoxicillin,716,38,0,0,18000
2026-03-28,PHC002,M003,Amoxicillin,685,31,0,0,18000
2026-03-29,PHC002,M003,Amoxicillin,653,32,0,0,18000
2026-03-30,PHC002,M003,Amoxicillin,625,27,0,1,18000
2026-03-31,PHC002,M003,Amoxicillin,602,23,0,0,18000
2026-04-01,PHC002,M003,Amoxicillin,1299,38,735,0,18000
2026-04-02,PHC002,M003,Amoxicillin,1270,29,0,0,18000
2026-04-03,PHC002,M003,Amoxicillin,1237,31,0,2,18000
2026-04-04,PHC002,M003,Amoxicillin,1134,103,0,0,18000
2026-04-05,PHC002,M003,Amoxicillin,1098,35,0,1,18000
2026-04-06,PHC002,M003,Amoxicillin,1065,32,0,1,18000
2026-04-07,PHC002,M003,Amoxicillin,1034,31,0,0,18000
2026-04-08,PHC002,M003,Amoxicillin,1006,28,0,0,18000
2026-04-09,PHC002,M003,Amoxicillin,970,36,0,0,18000
2026-04-10,PHC002,M003,Amoxicillin,922,48,0,0,18000
2026-04-11,PHC002,M003,Amoxicillin,881,41,0,0,18000
2026-04-12,PHC002,M003,Amoxicillin,846,35,0,0,18000
2026-04-13,PHC002,M003,Amoxicillin,803,42,0,1,18000
2026-04-14,PHC002,M003,Amoxicillin,761,41,0,1,18000
2026-04-15,PHC002,M003,Amoxicillin,1534,46,819,0,18000
2026-04-16,PHC002,M003,Amoxicillin,1489,45,0,0,18000
2026-04-17,PHC002,M003,Amoxicillin,1451,38,0,0,18000
2026-04-18,PHC002,M003,Amoxicillin,1422,29,0,0,18000
2026-04-19,PHC002,M003,Amoxicillin,1387,35,0,0,18000
2026-04-20,PHC002,M003,Amoxicillin,1363,22,0,2,18000
2026-04-21,PHC002,M003,Amoxicillin,1320,43,0,0,18000
2026-04-22,PHC002,M003,Amoxicillin,1292,26,0,2,18000
2026-04-23,PHC002,M003,Amoxicillin,1252,39,0,1,18000
2026-04-24,PHC002,M003,Amoxicillin,1216,36,0,0,18000
2026-04-25,PHC002,M003,Amoxicillin,1175,39,0,2,18000
2026-04-26,PHC002,M003,Amoxicillin,1139,34,0,2,18000
2026-04-27,PHC002,M003,Amoxicillin,1098,41,0,0,18000
2026-04-28,PHC002,M003,Amoxicillin,1054,43,0,1,18000
2026-04-29,PHC002,M003,Amoxicillin,1007,46,0,1,18000
2026-04-30,PHC002,M003,Amoxicillin,970,37,0,0,18000
2026-05-01,PHC002,M003,Amoxicillin,1396,33,459,0,18000
2026-05-02,PHC002,M003,Amoxicillin,1355,40,0,1,18000
2026-05-03,PHC002,M003,Amoxicillin,1315,36,0,4,18000
2026-05-04,PHC002,M003,Amoxicillin,1273,39,0,3,18000
2026-05-05,PHC002,M003,Amoxicillin,1232,41,0,0,18000
2026-05-06,PHC002,M003,Amoxicillin,1196,36,0,0,18000
2026-05-07,PHC002,M003,Amoxicillin,1157,39,0,0,18000
2026-05-08,PHC002,M003,Amoxicillin,1115,41,0,1,18000
2026-05-09,PHC002,M003,Amoxicillin,1080,33,0,2,18000
2026-05-10,PHC002,M003,Amoxicillin,1046,33,0,1,18000
2026-05-11,PHC002,M003,Amoxicillin,1010,36,0,0,18000
2026-05-12,PHC002,M003,Amoxicillin,981,29,0,0,18000
2026-05-13,PHC002,M003,Amoxicillin,939,41,0,1,18000
2026-05-14,PHC002,M003,Amoxicillin,890,48,0,1,18000
2026-05-15,PHC002,M003,Amoxicillin,1428,33,573,2,18000
2026-05-16,PHC002,M003,Amoxicillin,1404,23,0,1,18000
2026-05-17,PHC002,M003,Amoxicillin,1369,33,0,2,18000
2026-05-18,PHC002,M003,Amoxicillin,1341,28,0,0,18000
2026-05-19,PHC002,M003,Amoxicillin,1313,27,0,1,18000
2026-05-20,PHC002,M003,Amoxicillin,1270,40,0,3,18000
2026-05-21,PHC002,M003,Amoxicillin,1237,32,0,1,18000
2026-05-22,PHC002,M003,Amoxicillin,1200,34,0,3,18000
2026-05-23,PHC002,M003,Amoxicillin,1170,29,0,1,18000
2026-05-24,PHC002,M003,Amoxicillin,1129,40,0,1,18000
2026-05-25,PHC002,M003,Amoxicillin,1105,23,0,1,18000
2026-05-26,PHC002,M003,Amoxicillin,1071,33,0,1,18000
2026-05-27,PHC002,M003,Amoxicillin,1030,40,0,1,18000
2026-05-28,PHC002,M003,Amoxicillin,996,34,0,0,18000
2026-05-29,PHC002,M003,Amoxicillin,958,37,0,1,18000
2026-05-30,PHC002,M003,Amoxicillin,922,36,0,0,18000
2026-05-31,PHC002,M003,Amoxicillin,895,27,0,0,18000
2026-06-01,PHC002,M003,Amoxicillin,1216,26,349,2,18000
2026-06-02,PHC002,M003,Amoxicillin,1188,27,0,1,18000
2026-06-03,PHC002,M003,Amoxicillin,1160,27,0,1,18000
2026-06-04,PHC002,M003,Amoxicillin,1129,30,0,1,18000
2026-06-05,PHC002,M003,Amoxicillin,1093,36,0,0,18000
2026-06-06,PHC002,M003,Amoxicillin,1063,29,0,1,18000
2026-06-07,PHC002,M003,Amoxicillin,1016,46,0,1,18000
2026-06-08,PHC002,M003,Amoxicillin,986,28,0,2,18000
2026-06-09,PHC002,M003,Amoxicillin,941,45,0,0,18000
2026-06-10,PHC002,M003,Amoxicillin,899,42,0,0,18000
2026-06-11,PHC002,M003,Amoxicillin,863,36,0,0,18000
2026-06-12,PHC002,M003,Amoxicillin,827,36,0,0,18000
2026-06-13,PHC002,M003,Amoxicillin,795,32,0,0,18000
2026-06-14,PHC002,M003,Amoxicillin,765,30,0,0,18000
2026-06-15,PHC002,M003,Amoxicillin,1311,34,580,0,18000
2026-06-16,PHC002,M003,Amoxicillin,1282,26,0,3,18000
2026-06-17,PHC002,M003,Amoxicillin,1247,33,0,2,18000
2026-06-18,PHC002,M003,Amoxicillin,1226,21,0,0,18000
2026-06-19,PHC002,M003,Amoxicillin,1182,43,0,1,18000
2026-06-20,PHC002,M003,Amoxicillin,1146,35,0,1,18000
2026-06-21,PHC002,M003,Amoxicillin,1108,38,0,0,18000
2026-06-22,PHC002,M003,Amoxicillin,1076,32,0,0,18000
2026-06-23,PHC002,M003,Amoxicillin,1042,32,0,2,18000
2026-06-24,PHC002,M003,Amoxicillin,1004,37,0,1,18000
2026-06-25,PHC002,M003,Amoxicillin,987,17,0,0,18000
2026-06-26,PHC002,M003,Amoxicillin,951,36,0,0,18000
2026-06-27,PHC002,M003,Amoxicillin,907,43,0,1,18000
2026-06-28,PHC002,M003,Amoxicillin,863,42,0,2,18000
2026-06-29,PHC002,M003,Amoxicillin,826,36,0,1,18000
2026-06-30,PHC002,M003,Amoxicillin,783,43,0,0,18000
2026-01-01,PHC002,M004,Cetirizine,1190,31,399,1,18000
2026-01-02,PHC002,M004,Cetirizine,1159,31,0,0,18000
2026-01-03,PHC002,M004,Cetirizine,1128,31,0,0,18000
2026-01-04,PHC002,M004,Cetirizine,1098,30,0,0,18000
2026-01-05,PHC002,M004,Cetirizine,1071,25,0,2,18000
2026-01-06,PHC002,M004,Cetirizine,1036,34,0,1,18000
2026-01-07,PHC002,M004,Cetirizine,1004,32,0,0,18000
2026-01-08,PHC002,M004,Cetirizine,973,30,0,1,18000
2026-01-09,PHC002,M004,Cetirizine,932,40,0,1,18000
2026-01-10,PHC002,M004,Cetirizine,897,35,0,0,18000
2026-01-11,PHC002,M004,Cetirizine,866,31,0,0,18000
2026-01-12,PHC002,M004,Cetirizine,827,39,0,0,18000
2026-01-13,PHC002,M004,Cetirizine,796,31,0,0,18000
2026-01-14,PHC002,M004,Cetirizine,762,33,0,1,18000
2026-01-15,PHC002,M004,Cetirizine,1314,41,594,1,18000
2026-01-16,PHC002,M004,Cetirizine,1278,35,0,1,18000
2026-01-17,PHC002,M004,Cetirizine,1242,36,0,0,18000
2026-01-18,PHC002,M004,Cetirizine,1203,38,0,1,18000
2026-01-19,PHC002,M004,Cetirizine,1169,34,0,0,18000
2026-01-20,PHC002,M004,Cetirizine,1130,39,0,0,18000
2026-01-21,PHC002,M004,Cetirizine,1088,42,0,0,18000
2026-01-22,PHC002,M004,Cetirizine,1047,41,0,0,18000
2026-01-23,PHC002,M004,Cetirizine,1017,30,0,0,18000
2026-01-24,PHC002,M004,Cetirizine,976,41,0,0,18000
2026-01-25,PHC002,M004,Cetirizine,940,36,0,0,18000
2026-01-26,PHC002,M004,Cetirizine,906,34,0,0,18000
2026-01-27,PHC002,M004,Cetirizine,859,47,0,0,18000
2026-01-28,PHC002,M004,Cetirizine,823,35,0,1,18000
2026-01-29,PHC002,M004,Cetirizine,784,38,0,1,18000
2026-01-30,PHC002,M004,Cetirizine,755,29,0,0,18000
2026-01-31,PHC002,M004,Cetirizine,713,40,0,2,18000
2026-02-01,PHC002,M004,Cetirizine,1203,37,527,0,18000
2026-02-02,PHC002,M004,Cetirizine,1164,38,0,1,18000
2026-02-03,PHC002,M004,Cetirizine,1131,32,0,1,18000
2026-02-04,PHC002,M004,Cetirizine,1102,29,0,0,18000
2026-02-05,PHC002,M004,Cetirizine,1065,36,0,1,18000
2026-02-06,PHC002,M004,Cetirizine,1031,33,0,1,18000
2026-02-07,PHC002,M004,Cetirizine,995,34,0,2,18000
2026-02-08,PHC002,M004,Cetirizine,962,33,0,0,18000
2026-02-09,PHC002,M004,Cetirizine,930,32,0,0,18000
2026-02-10,PHC002,M004,Cetirizine,890,40,0,0,18000
2026-02-11,PHC002,M004,Cetirizine,850,40,0,0,18000
2026-02-12,PHC002,M004,Cetirizine,818,31,0,1,18000
2026-02-13,PHC002,M004,Cetirizine,769,49,0,0,18000
2026-02-14,PHC002,M004,Cetirizine,740,29,0,0,18000
2026-02-15,PHC002,M004,Cetirizine,1093,31,384,0,18000
2026-02-16,PHC002,M004,Cetirizine,1056,37,0,0,18000
2026-02-17,PHC002,M004,Cetirizine,1021,34,0,1,18000
2026-02-18,PHC002,M004,Cetirizine,984,36,0,1,18000
2026-02-19,PHC002,M004,Cetirizine,950,32,0,2,18000
2026-02-20,PHC002,M004,Cetirizine,908,42,0,0,18000
2026-02-21,PHC002,M004,Cetirizine,867,39,0,2,18000
2026-02-22,PHC002,M004,Cetirizine,836,31,0,0,18000
2026-02-23,PHC002,M004,Cetirizine,797,39,0,0,18000
2026-02-24,PHC002,M004,Cetirizine,767,30,0,0,18000
2026-02-25,PHC002,M004,Cetirizine,740,25,0,2,18000
2026-02-26,PHC002,M004,Cetirizine,706,34,0,0,18000
2026-02-27,PHC002,M004,Cetirizine,680,26,0,0,18000
2026-02-28,PHC002,M004,Cetirizine,652,28,0,0,18000
2026-03-01,PHC002,M004,Cetirizine,1130,26,504,0,18000
2026-03-02,PHC002,M004,Cetirizine,1095,35,0,0,18000
2026-03-03,PHC002,M004,Cetirizine,1071,23,0,1,18000
2026-03-04,PHC002,M004,Cetirizine,1039,31,0,1,18000
2026-03-05,PHC002,M004,Cetirizine,1006,32,0,1,18000
2026-03-06,PHC002,M004,Cetirizine,972,33,0,1,18000
2026-03-07,PHC002,M004,Cetirizine,940,32,0,0,18000
2026-03-08,PHC002,M004,Cetirizine,902,37,0,1,18000
2026-03-09,PHC002,M004,Cetirizine,873,29,0,0,18000
2026-03-10,PHC002,M004,Cetirizine,837,35,0,1,18000
2026-03-11,PHC002,M004,Cetirizine,802,34,0,1,18000
2026-03-12,PHC002,M004,Cetirizine,770,32,0,0,18000
2026-03-13,PHC002,M004,Cetirizine,737,33,0,0,18000
2026-03-14,PHC002,M004,Cetirizine,702,34,0,1,18000
2026-03-15,PHC002,M004,Cetirizine,1429,39,767,1,18000
2026-03-16,PHC002,M004,Cetirizine,1403,25,0,1,18000
2026-03-17,PHC002,M004,Cetirizine,1372,30,0,1,18000
2026-03-18,PHC002,M004,Cetirizine,1340,32,0,0,18000
2026-03-19,PHC002,M004,Cetirizine,1300,38,0,2,18000
2026-03-20,PHC002,M004,Cetirizine,1263,35,0,2,18000
2026-03-21,PHC002,M004,Cetirizine,1227,35,0,1,18000
2026-03-22,PHC002,M004,Cetirizine,1194,32,0,1,18000
2026-03-23,PHC002,M004,Cetirizine,1169,25,0,0,18000
2026-03-24,PHC002,M004,Cetirizine,1137,30,0,2,18000
2026-03-25,PHC002,M004,Cetirizine,1102,34,0,1,18000
2026-03-26,PHC002,M004,Cetirizine,1047,54,0,1,18000
2026-03-27,PHC002,M004,Cetirizine,1019,28,0,0,18000
2026-03-28,PHC002,M004,Cetirizine,985,33,0,1,18000
2026-03-29,PHC002,M004,Cetirizine,955,29,0,1,18000
2026-03-30,PHC002,M004,Cetirizine,918,36,0,1,18000
2026-03-31,PHC002,M004,Cetirizine,888,29,0,1,18000
2026-04-01,PHC002,M004,Cetirizine,1349,32,493,0,18000
2026-04-02,PHC002,M004,Cetirizine,1314,33,0,2,18000
2026-04-03,PHC002,M004,Cetirizine,1275,39,0,0,18000
2026-04-04,PHC002,M004,Cetirizine,1243,30,0,2,18000
2026-04-05,PHC002,M004,Cetirizine,1210,32,0,1,18000
2026-04-06,PHC002,M004,Cetirizine,1178,32,0,0,18000
2026-04-07,PHC002,M004,Cetirizine,1150,27,0,1,18000
2026-04-08,PHC002,M004,Cetirizine,1105,42,0,3,18000
2026-04-09,PHC002,M004,Cetirizine,1064,40,0,1,18000
2026-04-10,PHC002,M004,Cetirizine,1026,38,0,0,18000
2026-04-11,PHC002,M004,Cetirizine,986,40,0,0,18000
2026-04-12,PHC002,M004,Cetirizine,952,33,0,1,18000
2026-04-13,PHC002,M004,Cetirizine,918,33,0,1,18000
2026-04-14,PHC002,M004,Cetirizine,885,32,0,1,18000
2026-04-15,PHC002,M004,Cetirizine,1291,38,446,2,18000
2026-04-16,PHC002,M004,Cetirizine,1243,48,0,0,18000
2026-04-17,PHC002,M004,Cetirizine,1192,50,0,1,18000
2026-04-18,PHC002,M004,Cetirizine,1163,29,0,0,18000
2026-04-19,PHC002,M004,Cetirizine,1116,46,0,1,18000
2026-04-20,PHC002,M004,Cetirizine,1060,56,0,0,18000
2026-04-21,PHC002,M004,Cetirizine,1012,48,0,0,18000
2026-04-22,PHC002,M004,Cetirizine,973,39,0,0,18000
2026-04-23,PHC002,M004,Cetirizine,930,43,0,0,18000
2026-04-24,PHC002,M004,Cetirizine,879,51,0,0,18000
2026-04-25,PHC002,M004,Cetirizine,846,32,0,1,18000
2026-04-26,PHC002,M004,Cetirizine,806,40,0,0,18000
2026-04-27,PHC002,M004,Cetirizine,778,27,0,1,18000
2026-04-28,PHC002,M004,Cetirizine,742,35,0,1,18000
2026-04-29,PHC002,M004,Cetirizine,710,31,0,1,18000
2026-04-30,PHC002,M004,Cetirizine,683,26,0,1,18000
2026-05-01,PHC002,M004,Cetirizine,980,31,329,1,18000
2026-05-02,PHC002,M004,Cetirizine,944,36,0,0,18000
2026-05-03,PHC002,M004,Cetirizine,900,43,0,1,18000
2026-05-04,PHC002,M004,Cetirizine,861,39,0,0,18000
2026-05-05,PHC002,M004,Cetirizine,818,43,0,0,18000
2026-05-06,PHC002,M004,Cetirizine,774,42,0,2,18000
2026-05-07,PHC002,M004,Cetirizine,736,38,0,0,18000
2026-05-08,PHC002,M004,Cetirizine,685,51,0,0,18000
2026-05-09,PHC002,M004,Cetirizine,634,50,0,1,18000
2026-05-10,PHC002,M004,Cetirizine,590,42,0,2,18000
2026-05-11,PHC002,M004,Cetirizine,548,42,0,0,18000
2026-05-12,PHC002,M004,Cetirizine,508,40,0,0,18000
2026-05-13,PHC002,M004,Cetirizine,475,33,0,0,18000
2026-05-14,PHC002,M004,Cetirizine,431,43,0,1,18000
2026-05-15,PHC002,M004,Cetirizine,942,29,540,0,18000
2026-05-16,PHC002,M004,Cetirizine,907,35,0,0,18000
2026-05-17,PHC002,M004,Cetirizine,877,29,0,1,18000
2026-05-18,PHC002,M004,Cetirizine,843,34,0,0,18000
2026-05-19,PHC002,M004,Cetirizine,809,33,0,1,18000
2026-05-20,PHC002,M004,Cetirizine,762,45,0,2,18000
2026-05-21,PHC002,M004,Cetirizine,717,45,0,0,18000
2026-05-22,PHC002,M004,Cetirizine,681,36,0,0,18000
2026-05-23,PHC002,M004,Cetirizine,646,35,0,0,18000
2026-05-24,PHC002,M004,Cetirizine,618,27,0,1,18000
2026-05-25,PHC002,M004,Cetirizine,593,25,0,0,18000
2026-05-26,PHC002,M004,Cetirizine,555,38,0,0,18000
2026-05-27,PHC002,M004,Cetirizine,522,33,0,0,18000
2026-05-28,PHC002,M004,Cetirizine,500,22,0,0,18000
2026-05-29,PHC002,M004,Cetirizine,469,30,0,1,18000
2026-05-30,PHC002,M004,Cetirizine,431,38,0,0,18000
2026-05-31,PHC002,M004,Cetirizine,403,28,0,0,18000
2026-06-01,PHC002,M004,Cetirizine,948,32,577,0,18000
2026-06-02,PHC002,M004,Cetirizine,914,34,0,0,18000
2026-06-03,PHC002,M004,Cetirizine,892,22,0,0,18000
2026-06-04,PHC002,M004,Cetirizine,858,34,0,0,18000
2026-06-05,PHC002,M004,Cetirizine,823,34,0,1,18000
2026-06-06,PHC002,M004,Cetirizine,788,35,0,0,18000
2026-06-07,PHC002,M004,Cetirizine,759,29,0,0,18000
2026-06-08,PHC002,M004,Cetirizine,722,37,0,0,18000
2026-06-09,PHC002,M004,Cetirizine,682,40,0,0,18000
2026-06-10,PHC002,M004,Cetirizine,649,32,0,1,18000
2026-06-11,PHC002,M004,Cetirizine,612,36,0,1,18000
2026-06-12,PHC002,M004,Cetirizine,575,37,0,0,18000
2026-06-13,PHC002,M004,Cetirizine,549,25,0,1,18000
2026-06-14,PHC002,M004,Cetirizine,522,27,0,0,18000
2026-06-15,PHC002,M004,Cetirizine,955,34,467,0,18000
2026-06-16,PHC002,M004,Cetirizine,912,43,0,0,18000
2026-06-17,PHC002,M004,Cetirizine,892,20,0,0,18000
2026-06-18,PHC002,M004,Cetirizine,862,30,0,0,18000
2026-06-19,PHC002,M004,Cetirizine,826,36,0,0,18000
2026-06-20,PHC002,M004,Cetirizine,784,42,0,0,18000
2026-06-21,PHC002,M004,Cetirizine,743,40,0,1,18000
2026-06-22,PHC002,M004,Cetirizine,666,75,0,2,18000
2026-06-23,PHC002,M004,Cetirizine,630,36,0,0,18000
2026-06-24,PHC002,M004,Cetirizine,585,45,0,0,18000
2026-06-25,PHC002,M004,Cetirizine,542,42,0,1,18000
2026-06-26,PHC002,M004,Cetirizine,498,44,0,0,18000
2026-06-27,PHC002,M004,Cetirizine,460,38,0,0,18000
2026-06-28,PHC002,M004,Cetirizine,429,31,0,0,18000
2026-06-29,PHC002,M004,Cetirizine,394,35,0,0,18000
2026-06-30,PHC002,M004,Cetirizine,359,35,0,0,18000
2026-01-01,PHC002,M005,Ibuprofen,1174,44,660,0,18000
2026-01-02,PHC002,M005,Ibuprofen,1118,56,0,0,18000
2026-01-03,PHC002,M005,Ibuprofen,1067,51,0,0,18000
2026-01-04,PHC002,M005,Ibuprofen,1015,52,0,0,18000
2026-01-05,PHC002,M005,Ibuprofen,973,42,0,0,18000
2026-01-06,PHC002,M005,Ibuprofen,929,43,0,1,18000
2026-01-07,PHC002,M005,Ibuprofen,885,43,0,1,18000
2026-01-08,PHC002,M005,Ibuprofen,832,52,0,1,18000
2026-01-09,PHC002,M005,Ibuprofen,784,47,0,1,18000
2026-01-10,PHC002,M005,Ibuprofen,729,54,0,1,18000
2026-01-11,PHC002,M005,Ibuprofen,669,59,0,1,18000
2026-01-12,PHC002,M005,Ibuprofen,621,48,0,0,18000
2026-01-13,PHC002,M005,Ibuprofen,567,54,0,0,18000
2026-01-14,PHC002,M005,Ibuprofen,516,51,0,0,18000
2026-01-15,PHC002,M005,Ibuprofen,959,44,487,0,18000
2026-01-16,PHC002,M005,Ibuprofen,910,49,0,0,18000
2026-01-17,PHC002,M005,Ibuprofen,860,49,0,1,18000
2026-01-18,PHC002,M005,Ibuprofen,814,45,0,1,18000
2026-01-19,PHC002,M005,Ibuprofen,771,43,0,0,18000
2026-01-20,PHC002,M005,Ibuprofen,727,44,0,0,18000
2026-01-21,PHC002,M005,Ibuprofen,677,49,0,1,18000
2026-01-22,PHC002,M005,Ibuprofen,637,40,0,0,18000
2026-01-23,PHC002,M005,Ibuprofen,589,48,0,0,18000
2026-01-24,PHC002,M005,Ibuprofen,536,52,0,1,18000
2026-01-25,PHC002,M005,Ibuprofen,489,46,0,1,18000
2026-01-26,PHC002,M005,Ibuprofen,432,57,0,0,18000
2026-01-27,PHC002,M005,Ibuprofen,380,51,0,1,18000
2026-01-28,PHC002,M005,Ibuprofen,324,56,0,0,18000
2026-01-29,PHC002,M005,Ibuprofen,278,46,0,0,18000
2026-01-30,PHC002,M005,Ibuprofen,230,48,0,0,18000
2026-01-31,PHC002,M005,Ibuprofen,759,48,577,0,18000
2026-02-01,PHC002,M005,Ibuprofen,1585,44,870,0,18000
2026-02-02,PHC002,M005,Ibuprofen,1532,53,0,0,18000
2026-02-03,PHC002,M005,Ibuprofen,1468,62,0,2,18000
2026-02-04,PHC002,M005,Ibuprofen,1425,43,0,0,18000
2026-02-05,PHC002,M005,Ibuprofen,1384,41,0,0,18000
2026-02-06,PHC002,M005,Ibuprofen,1325,57,0,2,18000
2026-02-07,PHC002,M005,Ibuprofen,1270,52,0,3,18000
2026-02-08,PHC002,M005,Ibuprofen,1212,57,0,1,18000
2026-02-09,PHC002,M005,Ibuprofen,1162,49,0,1,18000
2026-02-10,PHC002,M005,Ibuprofen,1112,49,0,1,18000
2026-02-11,PHC002,M005,Ibuprofen,1062,50,0,0,18000
2026-02-12,PHC002,M005,Ibuprofen,1007,55,0,0,18000
2026-02-13,PHC002,M005,Ibuprofen,957,47,0,3,18000
2026-02-14,PHC002,M005,Ibuprofen,916,39,0,2,18000
2026-02-15,PHC002,M005,Ibuprofen,1589,41,715,1,18000
2026-02-16,PHC002,M005,Ibuprofen,1551,37,0,1,18000
2026-02-17,PHC002,M005,Ibuprofen,1511,38,0,2,18000
2026-02-18,PHC002,M005,Ibuprofen,1461,50,0,0,18000
2026-02-19,PHC002,M005,Ibuprofen,1418,43,0,0,18000
2026-02-20,PHC002,M005,Ibuprofen,1372,46,0,0,18000
2026-02-21,PHC002,M005,Ibuprofen,1305,63,0,4,18000
2026-02-22,PHC002,M005,Ibuprofen,1256,49,0,0,18000
2026-02-23,PHC002,M005,Ibuprofen,1217,39,0,0,18000
2026-02-24,PHC002,M005,Ibuprofen,1164,50,0,3,18000
2026-02-25,PHC002,M005,Ibuprofen,1122,42,0,0,18000
2026-02-26,PHC002,M005,Ibuprofen,1086,36,0,0,18000
2026-02-27,PHC002,M005,Ibuprofen,1049,37,0,0,18000
2026-02-28,PHC002,M005,Ibuprofen,1009,39,0,1,18000
2026-03-01,PHC002,M005,Ibuprofen,1794,48,833,0,18000
2026-03-02,PHC002,M005,Ibuprofen,1767,26,0,1,18000
2026-03-03,PHC002,M005,Ibuprofen,1735,32,0,0,18000
2026-03-04,PHC002,M005,Ibuprofen,1707,27,0,1,18000
2026-03-05,PHC002,M005,Ibuprofen,1656,50,0,1,18000
2026-03-06,PHC002,M005,Ibuprofen,1618,37,0,1,18000
2026-03-07,PHC002,M005,Ibuprofen,1572,45,0,1,18000
2026-03-08,PHC002,M005,Ibuprofen,1528,41,0,3,18000
2026-03-09,PHC002,M005,Ibuprofen,1493,32,0,3,18000
2026-03-10,PHC002,M005,Ibuprofen,1459,34,0,0,18000
2026-03-11,PHC002,M005,Ibuprofen,1412,45,0,2,18000
2026-03-12,PHC002,M005,Ibuprofen,1369,43,0,0,18000
2026-03-13,PHC002,M005,Ibuprofen,1339,30,0,0,18000
2026-03-14,PHC002,M005,Ibuprofen,1307,32,0,0,18000
2026-03-15,PHC002,M005,Ibuprofen,2100,52,847,2,18000
2026-03-16,PHC002,M005,Ibuprofen,2055,44,0,1,18000
2026-03-17,PHC002,M005,Ibuprofen,2009,45,0,1,18000
2026-03-18,PHC002,M005,Ibuprofen,1912,97,0,0,18000
2026-03-19,PHC002,M005,Ibuprofen,1867,43,0,2,18000
2026-03-20,PHC002,M005,Ibuprofen,1819,46,0,2,18000
2026-03-21,PHC002,M005,Ibuprofen,1770,47,0,2,18000
2026-03-22,PHC002,M005,Ibuprofen,1738,31,0,1,18000
2026-03-23,PHC002,M005,Ibuprofen,1687,49,0,2,18000
2026-03-24,PHC002,M005,Ibuprofen,1648,38,0,1,18000
2026-03-25,PHC002,M005,Ibuprofen,1549,98,0,1,18000
2026-03-26,PHC002,M005,Ibuprofen,1507,41,0,1,18000
2026-03-27,PHC002,M005,Ibuprofen,1450,56,0,1,18000
2026-03-28,PHC002,M005,Ibuprofen,1392,55,0,3,18000
2026-03-29,PHC002,M005,Ibuprofen,1358,33,0,1,18000
2026-03-30,PHC002,M005,Ibuprofen,1313,45,0,0,18000
2026-03-31,PHC002,M005,Ibuprofen,1264,49,0,0,18000
2026-04-01,PHC002,M005,Ibuprofen,2241,52,1031,2,18000
2026-04-02,PHC002,M005,Ibuprofen,2194,46,0,1,18000
2026-04-03,PHC002,M005,Ibuprofen,2143,48,0,3,18000
2026-04-04,PHC002,M005,Ibuprofen,2085,56,0,2,18000
2026-04-05,PHC002,M005,Ibuprofen,2026,54,0,5,18000
2026-04-06,PHC002,M005,Ibuprofen,1981,43,0,2,18000
2026-04-07,PHC002,M005,Ibuprofen,1922,59,0,0,18000
2026-04-08,PHC002,M005,Ibuprofen,1867,54,0,1,18000
2026-04-09,PHC002,M005,Ibuprofen,1811,55,0,1,18000
2026-04-10,PHC002,M005,Ibuprofen,1751,58,0,2,18000
2026-04-11,PHC002,M005,Ibuprofen,1707,44,0,0,18000
2026-04-12,PHC002,M005,Ibuprofen,1656,48,0,3,18000
2026-04-13,PHC002,M005,Ibuprofen,1600,53,0,3,18000
2026-04-14,PHC002,M005,Ibuprofen,1544,54,0,2,18000
2026-04-15,PHC002,M005,Ibuprofen,2275,50,782,1,18000
2026-04-16,PHC002,M005,Ibuprofen,2213,60,0,2,18000
2026-04-17,PHC002,M005,Ibuprofen,2153,58,0,2,18000
2026-04-18,PHC002,M005,Ibuprofen,2094,56,0,3,18000
2026-04-19,PHC002,M005,Ibuprofen,2041,53,0,0,18000
2026-04-20,PHC002,M005,Ibuprofen,1994,46,0,1,18000
2026-04-21,PHC002,M005,Ibuprofen,1945,47,0,2,18000
2026-04-22,PHC002,M005,Ibuprofen,1896,47,0,2,18000
2026-04-23,PHC002,M005,Ibuprofen,1839,55,0,2,18000
2026-04-24,PHC002,M005,Ibuprofen,1790,49,0,0,18000
2026-04-25,PHC002,M005,Ibuprofen,1743,46,0,1,18000
2026-04-26,PHC002,M005,Ibuprofen,1689,54,0,0,18000
2026-04-27,PHC002,M005,Ibuprofen,1635,51,0,3,18000
2026-04-28,PHC002,M005,Ibuprofen,1591,44,0,0,18000
2026-04-29,PHC002,M005,Ibuprofen,1543,46,0,2,18000
2026-04-30,PHC002,M005,Ibuprofen,1496,47,0,0,18000
2026-05-01,PHC002,M005,Ibuprofen,2222,53,779,0,18000
2026-05-02,PHC002,M005,Ibuprofen,2164,57,0,1,18000
2026-05-03,PHC002,M005,Ibuprofen,2117,47,0,0,18000
2026-05-04,PHC002,M005,Ibuprofen,2059,58,0,0,18000
2026-05-05,PHC002,M005,Ibuprofen,2004,54,0,1,18000
2026-05-06,PHC002,M005,Ibuprofen,1950,49,0,5,18000
2026-05-07,PHC002,M005,Ibuprofen,1894,53,0,3,18000
2026-05-08,PHC002,M005,Ibuprofen,1854,39,0,1,18000
2026-05-09,PHC002,M005,Ibuprofen,1792,61,0,1,18000
2026-05-10,PHC002,M005,Ibuprofen,1735,56,0,1,18000
2026-05-11,PHC002,M005,Ibuprofen,1681,53,0,1,18000
2026-05-12,PHC002,M005,Ibuprofen,1622,58,0,1,18000
2026-05-13,PHC002,M005,Ibuprofen,1577,43,0,2,18000
2026-05-14,PHC002,M005,Ibuprofen,1520,56,0,1,18000
2026-05-15,PHC002,M005,Ibuprofen,2400,47,927,0,18000
2026-05-16,PHC002,M005,Ibuprofen,2344,54,0,2,18000
2026-05-17,PHC002,M005,Ibuprofen,2304,38,0,2,18000
2026-05-18,PHC002,M005,Ibuprofen,2261,42,0,1,18000
2026-05-19,PHC002,M005,Ibuprofen,2215,43,0,3,18000
2026-05-20,PHC002,M005,Ibuprofen,2170,43,0,2,18000
2026-05-21,PHC002,M005,Ibuprofen,2118,52,0,0,18000
2026-05-22,PHC002,M005,Ibuprofen,2070,47,0,1,18000
2026-05-23,PHC002,M005,Ibuprofen,2011,57,0,2,18000
2026-05-24,PHC002,M005,Ibuprofen,1954,56,0,1,18000
2026-05-25,PHC002,M005,Ibuprofen,1897,55,0,2,18000
2026-05-26,PHC002,M005,Ibuprofen,1862,35,0,0,18000
2026-05-27,PHC002,M005,Ibuprofen,1820,41,0,1,18000
2026-05-28,PHC002,M005,Ibuprofen,1768,48,0,4,18000
2026-05-29,PHC002,M005,Ibuprofen,1710,56,0,2,18000
2026-05-30,PHC002,M005,Ibuprofen,1671,38,0,1,18000
2026-05-31,PHC002,M005,Ibuprofen,1627,44,0,0,18000
2026-06-01,PHC002,M005,Ibuprofen,2627,55,1055,0,18000
2026-06-02,PHC002,M005,Ibuprofen,2586,40,0,1,18000
2026-06-03,PHC002,M005,Ibuprofen,2537,46,0,3,18000
2026-06-04,PHC002,M005,Ibuprofen,2491,44,0,2,18000
2026-06-05,PHC002,M005,Ibuprofen,2439,50,0,2,18000
2026-06-06,PHC002,M005,Ibuprofen,2400,38,0,1,18000
2026-06-07,PHC002,M005,Ibuprofen,2355,43,0,2,18000
2026-06-08,PHC002,M005,Ibuprofen,2317,35,0,3,18000
2026-06-09,PHC002,M005,Ibuprofen,2270,45,0,2,18000
2026-06-10,PHC002,M005,Ibuprofen,2228,38,0,4,18000
2026-06-11,PHC002,M005,Ibuprofen,2177,48,0,3,18000
2026-06-12,PHC002,M005,Ibuprofen,2131,42,0,4,18000
2026-06-13,PHC002,M005,Ibuprofen,2072,58,0,1,18000
2026-06-14,PHC002,M005,Ibuprofen,2018,53,0,1,18000
2026-06-15,PHC002,M005,Ibuprofen,2688,40,711,1,18000
2026-06-16,PHC002,M005,Ibuprofen,2643,43,0,2,18000
2026-06-17,PHC002,M005,Ibuprofen,2591,48,0,4,18000
2026-06-18,PHC002,M005,Ibuprofen,2538,47,0,6,18000
2026-06-19,PHC002,M005,Ibuprofen,2485,48,0,5,18000
2026-06-20,PHC002,M005,Ibuprofen,2426,56,0,3,18000
2026-06-21,PHC002,M005,Ibuprofen,2383,42,0,1,18000
2026-06-22,PHC002,M005,Ibuprofen,2339,41,0,3,18000
2026-06-23,PHC002,M005,Ibuprofen,2299,38,0,2,18000
2026-06-24,PHC002,M005,Ibuprofen,2246,53,0,0,18000
2026-06-25,PHC002,M005,Ibuprofen,2191,54,0,1,18000
2026-06-26,PHC002,M005,Ibuprofen,2152,38,0,1,18000
2026-06-27,PHC002,M005,Ibuprofen,2102,50,0,0,18000
2026-06-28,PHC002,M005,Ibuprofen,2051,48,0,3,18000
2026-06-29,PHC002,M005,Ibuprofen,1990,58,0,3,18000
2026-06-30,PHC002,M005,Ibuprofen,1928,59,0,3,18000
2026-01-01,PHC002,M006,Azithromycin,584,15,220,0,18000
2026-01-02,PHC002,M006,Azithromycin,561,22,0,1,18000
2026-01-03,PHC002,M006,Azithromycin,547,14,0,0,18000
2026-01-04,PHC002,M006,Azithromycin,526,21,0,0,18000
2026-01-05,PHC002,M006,Azithromycin,507,19,0,0,18000
2026-01-06,PHC002,M006,Azithromycin,487,20,0,0,18000
2026-01-07,PHC002,M006,Azithromycin,472,15,0,0,18000
2026-01-08,PHC002,M006,Azithromycin,448,23,0,1,18000
2026-01-09,PHC002,M006,Azithromycin,426,20,0,2,18000
2026-01-10,PHC002,M006,Azithromycin,409,17,0,0,18000
2026-01-11,PHC002,M006,Azithromycin,385,23,0,1,18000
2026-01-12,PHC002,M006,Azithromycin,360,24,0,1,18000
2026-01-13,PHC002,M006,Azithromycin,341,19,0,0,18000
2026-01-14,PHC002,M006,Azithromycin,318,23,0,0,18000
2026-01-15,PHC002,M006,Azithromycin,786,26,494,0,18000
2026-01-16,PHC002,M006,Azithromycin,763,23,0,0,18000
2026-01-17,PHC002,M006,Azithromycin,738,25,0,0,18000
2026-01-18,PHC002,M006,Azithromycin,718,20,0,0,18000
2026-01-19,PHC002,M006,Azithromycin,691,27,0,0,18000
2026-01-20,PHC002,M006,Azithromycin,671,20,0,0,18000
2026-01-21,PHC002,M006,Azithromycin,647,24,0,0,18000
2026-01-22,PHC002,M006,Azithromycin,615,30,0,2,18000
2026-01-23,PHC002,M006,Azithromycin,600,15,0,0,18000
2026-01-24,PHC002,M006,Azithromycin,570,30,0,0,18000
2026-01-25,PHC002,M006,Azithromycin,548,22,0,0,18000
2026-01-26,PHC002,M006,Azithromycin,528,18,0,2,18000
2026-01-27,PHC002,M006,Azithromycin,508,19,0,1,18000
2026-01-28,PHC002,M006,Azithromycin,493,14,0,1,18000
2026-01-29,PHC002,M006,Azithromycin,475,18,0,0,18000
2026-01-30,PHC002,M006,Azithromycin,459,16,0,0,18000
2026-01-31,PHC002,M006,Azithromycin,436,23,0,0,18000
2026-02-01,PHC002,M006,Azithromycin,832,25,421,0,18000
2026-02-02,PHC002,M006,Azithromycin,819,13,0,0,18000
2026-02-03,PHC002,M006,Azithromycin,795,24,0,0,18000
2026-02-04,PHC002,M006,Azithromycin,769,25,0,1,18000
2026-02-05,PHC002,M006,Azithromycin,748,20,0,1,18000
2026-02-06,PHC002,M006,Azithromycin,730,17,0,1,18000
2026-02-07,PHC002,M006,Azithromycin,710,20,0,0,18000
2026-02-08,PHC002,M006,Azithromycin,694,16,0,0,18000
2026-02-09,PHC002,M006,Azithromycin,673,21,0,0,18000
2026-02-10,PHC002,M006,Azithromycin,648,24,0,1,18000
2026-02-11,PHC002,M006,Azithromycin,632,16,0,0,18000
2026-02-12,PHC002,M006,Azithromycin,620,11,0,1,18000
2026-02-13,PHC002,M006,Azithromycin,601,19,0,0,18000
2026-02-14,PHC002,M006,Azithromycin,578,23,0,0,18000
2026-02-15,PHC002,M006,Azithromycin,760,16,199,1,18000
2026-02-16,PHC002,M006,Azithromycin,732,27,0,1,18000
2026-02-17,PHC002,M006,Azithromycin,701,30,0,1,18000
2026-02-18,PHC002,M006,Azithromycin,680,21,0,0,18000
2026-02-19,PHC002,M006,Azithromycin,665,14,0,1,18000
2026-02-20,PHC002,M006,Azithromycin,648,16,0,1,18000
2026-02-21,PHC002,M006,Azithromycin,629,18,0,1,18000
2026-02-22,PHC002,M006,Azithromycin,608,20,0,1,18000
2026-02-23,PHC002,M006,Azithromycin,580,26,0,2,18000
2026-02-24,PHC002,M006,Azithromycin,558,22,0,0,18000
2026-02-25,PHC002,M006,Azithromycin,531,26,0,1,18000
2026-02-26,PHC002,M006,Azithromycin,513,18,0,0,18000
2026-02-27,PHC002,M006,Azithromycin,493,20,0,0,18000
2026-02-28,PHC002,M006,Azithromycin,467,26,0,0,18000
2026-03-01,PHC002,M006,Azithromycin,683,16,232,0,18000
2026-03-02,PHC002,M006,Azithromycin,665,18,0,0,18000
2026-03-03,PHC002,M006,Azithromycin,653,12,0,0,18000
2026-03-04,PHC002,M006,Azithromycin,634,19,0,0,18000
2026-03-05,PHC002,M006,Azithromycin,617,15,0,2,18000
2026-03-06,PHC002,M006,Azithromycin,594,21,0,2,18000
2026-03-07,PHC002,M006,Azithromycin,573,20,0,1,18000
2026-03-08,PHC002,M006,Azithromycin,557,15,0,1,18000
2026-03-09,PHC002,M006,Azithromycin,538,19,0,0,18000
2026-03-10,PHC002,M006,Azithromycin,520,17,0,1,18000
2026-03-11,PHC002,M006,Azithromycin,503,16,0,1,18000
2026-03-12,PHC002,M006,Azithromycin,488,14,0,1,18000
2026-03-13,PHC002,M006,Azithromycin,471,17,0,0,18000
2026-03-14,PHC002,M006,Azithromycin,452,18,0,1,18000
2026-03-15,PHC002,M006,Azithromycin,794,29,372,1,18000
2026-03-16,PHC002,M006,Azithromycin,770,24,0,0,18000
2026-03-17,PHC002,M006,Azithromycin,758,12,0,0,18000
2026-03-18,PHC002,M006,Azithromycin,743,15,0,0,18000
2026-03-19,PHC002,M006,Azithromycin,716,26,0,1,18000
2026-03-20,PHC002,M006,Azithromycin,702,14,0,0,18000
2026-03-21,PHC002,M006,Azithromycin,677,25,0,0,18000
2026-03-22,PHC002,M006,Azithromycin,647,30,0,0,18000
2026-03-23,PHC002,M006,Azithromycin,618,29,0,0,18000
2026-03-24,PHC002,M006,Azithromycin,602,15,0,1,18000
2026-03-25,PHC002,M006,Azithromycin,584,14,0,4,18000
2026-03-26,PHC002,M006,Azithromycin,562,22,0,0,18000
2026-03-27,PHC002,M006,Azithromycin,542,20,0,0,18000
2026-03-28,PHC002,M006,Azithromycin,528,14,0,0,18000
2026-03-29,PHC002,M006,Azithromycin,506,22,0,0,18000
2026-03-30,PHC002,M006,Azithromycin,482,24,0,0,18000
2026-03-31,PHC002,M006,Azithromycin,464,18,0,0,18000
2026-04-01,PHC002,M006,Azithromycin,741,22,299,0,18000
2026-04-02,PHC002,M006,Azithromycin,718,22,0,1,18000
2026-04-03,PHC002,M006,Azithromycin,700,18,0,0,18000
2026-04-04,PHC002,M006,Azithromycin,675,25,0,0,18000
2026-04-05,PHC002,M006,Azithromycin,646,29,0,0,18000
2026-04-06,PHC002,M006,Azithromycin,629,16,0,1,18000
2026-04-07,PHC002,M006,Azithromycin,605,24,0,0,18000
2026-04-08,PHC002,M006,Azithromycin,581,24,0,0,18000
2026-04-09,PHC002,M006,Azithromycin,555,25,0,1,18000
2026-04-10,PHC002,M006,Azithromycin,527,28,0,0,18000
2026-04-11,PHC002,M006,Azithromycin,501,25,0,1,18000
2026-04-12,PHC002,M006,Azithromycin,477,23,0,1,18000
2026-04-13,PHC002,M006,Azithromycin,450,26,0,1,18000
2026-04-14,PHC002,M006,Azithromycin,417,33,0,0,18000
2026-04-15,PHC002,M006,Azithromycin,781,24,388,0,18000
2026-04-16,PHC002,M006,Azithromycin,760,21,0,0,18000
2026-04-17,PHC002,M006,Azithromycin,739,20,0,1,18000
2026-04-18,PHC002,M006,Azithromycin,715,24,0,0,18000
2026-04-19,PHC002,M006,Azithromycin,697,17,0,1,18000
2026-04-20,PHC002,M006,Azithromycin,681,16,0,0,18000
2026-04-21,PHC002,M006,Azithromycin,663,17,0,1,18000
2026-04-22,PHC002,M006,Azithromycin,647,16,0,0,18000
2026-04-23,PHC002,M006,Azithromycin,632,14,0,1,18000
2026-04-24,PHC002,M006,Azithromycin,611,21,0,0,18000
2026-04-25,PHC002,M006,Azithromycin,586,25,0,0,18000
2026-04-26,PHC002,M006,Azithromycin,566,19,0,1,18000
2026-04-27,PHC002,M006,Azithromycin,540,26,0,0,18000
2026-04-28,PHC002,M006,Azithromycin,515,24,0,1,18000
2026-04-29,PHC002,M006,Azithromycin,500,14,0,1,18000
2026-04-30,PHC002,M006,Azithromycin,478,22,0,0,18000
2026-05-01,PHC002,M006,Azithromycin,740,23,285,0,18000
2026-05-02,PHC002,M006,Azithromycin,718,22,0,0,18000
2026-05-03,PHC002,M006,Azithromycin,695,22,0,1,18000
2026-05-04,PHC002,M006,Azithromycin,672,23,0,0,18000
2026-05-05,PHC002,M006,Azithromycin,649,23,0,0,18000
2026-05-06,PHC002,M006,Azithromycin,630,19,0,0,18000
2026-05-07,PHC002,M006,Azithromycin,618,12,0,0,18000
2026-05-08,PHC002,M006,Azithromycin,598,20,0,0,18000
2026-05-09,PHC002,M006,Azithromycin,577,21,0,0,18000
2026-05-10,PHC002,M006,Azithromycin,557,20,0,0,18000
2026-05-11,PHC002,M006,Azithromycin,540,16,0,1,18000
2026-05-12,PHC002,M006,Azithromycin,514,24,0,2,18000
2026-05-13,PHC002,M006,Azithromycin,488,25,0,1,18000
2026-05-14,PHC002,M006,Azithromycin,469,19,0,0,18000
2026-05-15,PHC002,M006,Azithromycin,596,14,141,0,18000
2026-05-16,PHC002,M006,Azithromycin,577,18,0,1,18000
2026-05-17,PHC002,M006,Azithromycin,562,15,0,0,18000
2026-05-18,PHC002,M006,Azithromycin,543,19,0,0,18000
2026-05-19,PHC002,M006,Azithromycin,527,16,0,0,18000
2026-05-20,PHC002,M006,Azithromycin,506,21,0,0,18000
2026-05-21,PHC002,M006,Azithromycin,484,22,0,0,18000
2026-05-22,PHC002,M006,Azithromycin,474,10,0,0,18000
2026-05-23,PHC002,M006,Azithromycin,454,19,0,1,18000
2026-05-24,PHC002,M006,Azithromycin,439,15,0,0,18000
2026-05-25,PHC002,M006,Azithromycin,413,25,0,1,18000
2026-05-26,PHC002,M006,Azithromycin,398,14,0,1,18000
2026-05-27,PHC002,M006,Azithromycin,382,14,0,2,18000
2026-05-28,PHC002,M006,Azithromycin,372,10,0,0,18000
2026-05-29,PHC002,M006,Azithromycin,352,20,0,0,18000
2026-05-30,PHC002,M006,Azithromycin,334,18,0,0,18000
2026-05-31,PHC002,M006,Azithromycin,321,13,0,0,18000
2026-06-01,PHC002,M006,Azithromycin,532,16,228,1,18000
2026-06-02,PHC002,M006,Azithromycin,510,21,0,1,18000
2026-06-03,PHC002,M006,Azithromycin,491,19,0,0,18000
2026-06-04,PHC002,M006,Azithromycin,474,17,0,0,18000
2026-06-05,PHC002,M006,Azithromycin,459,14,0,1,18000
2026-06-06,PHC002,M006,Azithromycin,440,18,0,1,18000
2026-06-07,PHC002,M006,Azithromycin,428,12,0,0,18000
2026-06-08,PHC002,M006,Azithromycin,415,13,0,0,18000
2026-06-09,PHC002,M006,Azithromycin,391,24,0,0,18000
2026-06-10,PHC002,M006,Azithromycin,376,15,0,0,18000
2026-06-11,PHC002,M006,Azithromycin,361,15,0,0,18000
2026-06-12,PHC002,M006,Azithromycin,345,15,0,1,18000
2026-06-13,PHC002,M006,Azithromycin,315,30,0,0,18000
2026-06-14,PHC002,M006,Azithromycin,296,18,0,1,18000
2026-06-15,PHC002,M006,Azithromycin,673,22,399,0,18000
2026-06-16,PHC002,M006,Azithromycin,656,17,0,0,18000
2026-06-17,PHC002,M006,Azithromycin,632,24,0,0,18000
2026-06-18,PHC002,M006,Azithromycin,608,22,0,2,18000
2026-06-19,PHC002,M006,Azithromycin,583,25,0,0,18000
2026-06-20,PHC002,M006,Azithromycin,568,15,0,0,18000
2026-06-21,PHC002,M006,Azithromycin,550,18,0,0,18000
2026-06-22,PHC002,M006,Azithromycin,529,21,0,0,18000
2026-06-23,PHC002,M006,Azithromycin,512,17,0,0,18000
2026-06-24,PHC002,M006,Azithromycin,496,14,0,2,18000
2026-06-25,PHC002,M006,Azithromycin,477,19,0,0,18000
2026-06-26,PHC002,M006,Azithromycin,451,25,0,1,18000
2026-06-27,PHC002,M006,Azithromycin,429,22,0,0,18000
2026-06-28,PHC002,M006,Azithromycin,405,24,0,0,18000
2026-06-29,PHC002,M006,Azithromycin,388,16,0,1,18000
2026-06-30,PHC002,M006,Azithromycin,377,11,0,0,18000
2026-01-01,PHC002,M007,Iron Tablets,1549,36,594,2,18000
2026-01-02,PHC002,M007,Iron Tablets,1512,36,0,1,18000
2026-01-03,PHC002,M007,Iron Tablets,1472,39,0,1,18000
2026-01-04,PHC002,M007,Iron Tablets,1437,34,0,1,18000
2026-01-05,PHC002,M007,Iron Tablets,1401,35,0,1,18000
2026-01-06,PHC002,M007,Iron Tablets,1368,33,0,0,18000
2026-01-07,PHC002,M007,Iron Tablets,1334,33,0,1,18000
2026-01-08,PHC002,M007,Iron Tablets,1297,36,0,1,18000
2026-01-09,PHC002,M007,Iron Tablets,1255,42,0,0,18000
2026-01-10,PHC002,M007,Iron Tablets,1219,35,0,1,18000
2026-01-11,PHC002,M007,Iron Tablets,1182,36,0,1,18000
2026-01-12,PHC002,M007,Iron Tablets,1141,41,0,0,18000
2026-01-13,PHC002,M007,Iron Tablets,1110,31,0,0,18000
2026-01-14,PHC002,M007,Iron Tablets,1081,28,0,1,18000
2026-01-15,PHC002,M007,Iron Tablets,1425,33,377,0,18000
2026-01-16,PHC002,M007,Iron Tablets,1392,31,0,2,18000
2026-01-17,PHC002,M007,Iron Tablets,1355,35,0,2,18000
2026-01-18,PHC002,M007,Iron Tablets,1320,35,0,0,18000
2026-01-19,PHC002,M007,Iron Tablets,1278,42,0,0,18000
2026-01-20,PHC002,M007,Iron Tablets,1245,31,0,2,18000
2026-01-21,PHC002,M007,Iron Tablets,1216,28,0,1,18000
2026-01-22,PHC002,M007,Iron Tablets,1184,32,0,0,18000
2026-01-23,PHC002,M007,Iron Tablets,1137,46,0,1,18000
2026-01-24,PHC002,M007,Iron Tablets,1097,40,0,0,18000
2026-01-25,PHC002,M007,Iron Tablets,1054,42,0,1,18000
2026-01-26,PHC002,M007,Iron Tablets,1016,37,0,1,18000
2026-01-27,PHC002,M007,Iron Tablets,973,42,0,1,18000
2026-01-28,PHC002,M007,Iron Tablets,930,42,0,1,18000
2026-01-29,PHC002,M007,Iron Tablets,886,44,0,0,18000
2026-01-30,PHC002,M007,Iron Tablets,834,52,0,0,18000
2026-01-31,PHC002,M007,Iron Tablets,796,37,0,1,18000
2026-02-01,PHC002,M007,Iron Tablets,1469,45,718,0,18000
2026-02-02,PHC002,M007,Iron Tablets,1426,43,0,0,18000
2026-02-03,PHC002,M007,Iron Tablets,1379,45,0,2,18000
2026-02-04,PHC002,M007,Iron Tablets,1335,44,0,0,18000
2026-02-05,PHC002,M007,Iron Tablets,1297,37,0,1,18000
2026-02-06,PHC002,M007,Iron Tablets,1269,27,0,1,18000
2026-02-07,PHC002,M007,Iron Tablets,1243,24,0,2,18000
2026-02-08,PHC002,M007,Iron Tablets,1197,45,0,1,18000
2026-02-09,PHC002,M007,Iron Tablets,1160,37,0,0,18000
2026-02-10,PHC002,M007,Iron Tablets,1136,23,0,1,18000
2026-02-11,PHC002,M007,Iron Tablets,1103,30,0,3,18000
2026-02-12,PHC002,M007,Iron Tablets,1058,45,0,0,18000
2026-02-13,PHC002,M007,Iron Tablets,1015,39,0,4,18000
2026-02-14,PHC002,M007,Iron Tablets,984,31,0,0,18000
2026-02-15,PHC002,M007,Iron Tablets,1476,28,520,0,18000
2026-02-16,PHC002,M007,Iron Tablets,1437,37,0,2,18000
2026-02-17,PHC002,M007,Iron Tablets,1387,49,0,1,18000
2026-02-18,PHC002,M007,Iron Tablets,1354,33,0,0,18000
2026-02-19,PHC002,M007,Iron Tablets,1307,45,0,2,18000
2026-02-20,PHC002,M007,Iron Tablets,1275,31,0,1,18000
2026-02-21,PHC002,M007,Iron Tablets,1204,70,0,1,18000
2026-02-22,PHC002,M007,Iron Tablets,1157,46,0,1,18000
2026-02-23,PHC002,M007,Iron Tablets,1051,106,0,0,18000
2026-02-24,PHC002,M007,Iron Tablets,1012,38,0,1,18000
2026-02-25,PHC002,M007,Iron Tablets,976,35,0,1,18000
2026-02-26,PHC002,M007,Iron Tablets,944,32,0,0,18000
2026-02-27,PHC002,M007,Iron Tablets,906,37,0,1,18000
2026-02-28,PHC002,M007,Iron Tablets,870,35,0,1,18000
2026-03-01,PHC002,M007,Iron Tablets,1761,47,939,1,18000
2026-03-02,PHC002,M007,Iron Tablets,1726,34,0,1,18000
2026-03-03,PHC002,M007,Iron Tablets,1687,37,0,2,18000
2026-03-04,PHC002,M007,Iron Tablets,1652,35,0,0,18000
2026-03-05,PHC002,M007,Iron Tablets,1625,27,0,0,18000
2026-03-06,PHC002,M007,Iron Tablets,1589,33,0,3,18000
2026-03-07,PHC002,M007,Iron Tablets,1557,32,0,0,18000
2026-03-08,PHC002,M007,Iron Tablets,1522,34,0,1,18000
2026-03-09,PHC002,M007,Iron Tablets,1486,36,0,0,18000
2026-03-10,PHC002,M007,Iron Tablets,1459,24,0,3,18000
2026-03-11,PHC002,M007,Iron Tablets,1431,27,0,1,18000
2026-03-12,PHC002,M007,Iron Tablets,1392,34,0,5,18000
2026-03-13,PHC002,M007,Iron Tablets,1353,38,0,1,18000
2026-03-14,PHC002,M007,Iron Tablets,1324,29,0,0,18000
2026-03-15,PHC002,M007,Iron Tablets,1768,35,481,2,18000
2026-03-16,PHC002,M007,Iron Tablets,1748,18,0,2,18000
2026-03-17,PHC002,M007,Iron Tablets,1708,39,0,1,18000
2026-03-18,PHC002,M007,Iron Tablets,1643,65,0,0,18000
2026-03-19,PHC002,M007,Iron Tablets,1608,35,0,0,18000
2026-03-20,PHC002,M007,Iron Tablets,1575,30,0,3,18000
2026-03-21,PHC002,M007,Iron Tablets,1550,25,0,0,18000
2026-03-22,PHC002,M007,Iron Tablets,1518,30,0,2,18000
2026-03-23,PHC002,M007,Iron Tablets,1484,32,0,2,18000
2026-03-24,PHC002,M007,Iron Tablets,1438,44,0,2,18000
2026-03-25,PHC002,M007,Iron Tablets,1397,40,0,1,18000
2026-03-26,PHC002,M007,Iron Tablets,1356,39,0,2,18000
2026-03-27,PHC002,M007,Iron Tablets,1325,29,0,2,18000
2026-03-28,PHC002,M007,Iron Tablets,1285,39,0,1,18000
2026-03-29,PHC002,M007,Iron Tablets,1256,28,0,1,18000
2026-03-30,PHC002,M007,Iron Tablets,1221,34,0,1,18000
2026-03-31,PHC002,M007,Iron Tablets,1189,31,0,1,18000
2026-04-01,PHC002,M007,Iron Tablets,1576,29,417,1,18000
2026-04-02,PHC002,M007,Iron Tablets,1532,44,0,0,18000
2026-04-03,PHC002,M007,Iron Tablets,1489,43,0,0,18000
2026-04-04,PHC002,M007,Iron Tablets,1446,43,0,0,18000
2026-04-05,PHC002,M007,Iron Tablets,1403,42,0,1,18000
2026-04-06,PHC002,M007,Iron Tablets,1359,44,0,0,18000
2026-04-07,PHC002,M007,Iron Tablets,1329,29,0,1,18000
2026-04-08,PHC002,M007,Iron Tablets,1295,34,0,0,18000
2026-04-09,PHC002,M007,Iron Tablets,1257,38,0,0,18000
2026-04-10,PHC002,M007,Iron Tablets,1226,30,0,1,18000
2026-04-11,PHC002,M007,Iron Tablets,1175,51,0,0,18000
2026-04-12,PHC002,M007,Iron Tablets,1142,32,0,1,18000
2026-04-13,PHC002,M007,Iron Tablets,1095,47,0,0,18000
2026-04-14,PHC002,M007,Iron Tablets,1059,34,0,2,18000
2026-04-15,PHC002,M007,Iron Tablets,1495,46,484,2,18000
2026-04-16,PHC002,M007,Iron Tablets,1461,28,0,6,18000
2026-04-17,PHC002,M007,Iron Tablets,1409,52,0,0,18000
2026-04-18,PHC002,M007,Iron Tablets,1368,40,0,1,18000
2026-04-19,PHC002,M007,Iron Tablets,1324,43,0,1,18000
2026-04-20,PHC002,M007,Iron Tablets,1280,42,0,2,18000
2026-04-21,PHC002,M007,Iron Tablets,1245,34,0,1,18000
2026-04-22,PHC002,M007,Iron Tablets,1203,42,0,0,18000
2026-04-23,PHC002,M007,Iron Tablets,1174,28,0,1,18000
2026-04-24,PHC002,M007,Iron Tablets,1134,39,0,1,18000
2026-04-25,PHC002,M007,Iron Tablets,1099,33,0,2,18000
2026-04-26,PHC002,M007,Iron Tablets,1056,43,0,0,18000
2026-04-27,PHC002,M007,Iron Tablets,1013,42,0,1,18000
2026-04-28,PHC002,M007,Iron Tablets,966,47,0,0,18000
2026-04-29,PHC002,M007,Iron Tablets,906,59,0,1,18000
2026-04-30,PHC002,M007,Iron Tablets,871,34,0,1,18000
2026-05-01,PHC002,M007,Iron Tablets,1346,39,516,2,18000
2026-05-02,PHC002,M007,Iron Tablets,1300,46,0,0,18000
2026-05-03,PHC002,M007,Iron Tablets,1257,43,0,0,18000
2026-05-04,PHC002,M007,Iron Tablets,1218,38,0,1,18000
2026-05-05,PHC002,M007,Iron Tablets,1175,42,0,1,18000
2026-05-06,PHC002,M007,Iron Tablets,1132,42,0,1,18000
2026-05-07,PHC002,M007,Iron Tablets,1101,30,0,1,18000
2026-05-08,PHC002,M007,Iron Tablets,1062,38,0,1,18000
2026-05-09,PHC002,M007,Iron Tablets,1026,36,0,0,18000
2026-05-10,PHC002,M007,Iron Tablets,990,36,0,0,18000
2026-05-11,PHC002,M007,Iron Tablets,945,45,0,0,18000
2026-05-12,PHC002,M007,Iron Tablets,898,47,0,0,18000
2026-05-13,PHC002,M007,Iron Tablets,858,39,0,1,18000
2026-05-14,PHC002,M007,Iron Tablets,813,43,0,2,18000
2026-05-15,PHC002,M007,Iron Tablets,1204,30,422,1,18000
2026-05-16,PHC002,M007,Iron Tablets,1171,31,0,2,18000
2026-05-17,PHC002,M007,Iron Tablets,1127,44,0,0,18000
2026-05-18,PHC002,M007,Iron Tablets,1080,44,0,3,18000
2026-05-19,PHC002,M007,Iron Tablets,1050,30,0,0,18000
2026-05-20,PHC002,M007,Iron Tablets,1016,32,0,2,18000
2026-05-21,PHC002,M007,Iron Tablets,984,32,0,0,18000
2026-05-22,PHC002,M007,Iron Tablets,949,35,0,0,18000
2026-05-23,PHC002,M007,Iron Tablets,916,32,0,1,18000
2026-05-24,PHC002,M007,Iron Tablets,879,37,0,0,18000
2026-05-25,PHC002,M007,Iron Tablets,851,28,0,0,18000
2026-05-26,PHC002,M007,Iron Tablets,826,25,0,0,18000
2026-05-27,PHC002,M007,Iron Tablets,798,27,0,1,18000
2026-05-28,PHC002,M007,Iron Tablets,763,35,0,0,18000
2026-05-29,PHC002,M007,Iron Tablets,732,31,0,0,18000
2026-05-30,PHC002,M007,Iron Tablets,695,37,0,0,18000
2026-05-31,PHC002,M007,Iron Tablets,661,33,0,1,18000
2026-06-01,PHC002,M007,Iron Tablets,1277,38,654,0,18000
2026-06-02,PHC002,M007,Iron Tablets,1232,42,0,3,18000
2026-06-03,PHC002,M007,Iron Tablets,1203,27,0,2,18000
2026-06-04,PHC002,M007,Iron Tablets,1164,37,0,2,18000
2026-06-05,PHC002,M007,Iron Tablets,1125,37,0,2,18000
2026-06-06,PHC002,M007,Iron Tablets,1083,41,0,1,18000
2026-06-07,PHC002,M007,Iron Tablets,1049,34,0,0,18000
2026-06-08,PHC002,M007,Iron Tablets,1008,39,0,2,18000
2026-06-09,PHC002,M007,Iron Tablets,970,37,0,1,18000
2026-06-10,PHC002,M007,Iron Tablets,938,32,0,0,18000
2026-06-11,PHC002,M007,Iron Tablets,900,38,0,0,18000
2026-06-12,PHC002,M007,Iron Tablets,879,21,0,0,18000
2026-06-13,PHC002,M007,Iron Tablets,849,30,0,0,18000
2026-06-14,PHC002,M007,Iron Tablets,801,47,0,1,18000
2026-06-15,PHC002,M007,Iron Tablets,1339,49,588,1,18000
2026-06-16,PHC002,M007,Iron Tablets,1307,32,0,0,18000
2026-06-17,PHC002,M007,Iron Tablets,1263,37,0,7,18000
2026-06-18,PHC002,M007,Iron Tablets,1243,20,0,0,18000
2026-06-19,PHC002,M007,Iron Tablets,1207,35,0,1,18000
2026-06-20,PHC002,M007,Iron Tablets,1172,34,0,1,18000
2026-06-21,PHC002,M007,Iron Tablets,1139,33,0,0,18000
2026-06-22,PHC002,M007,Iron Tablets,1101,36,0,2,18000
2026-06-23,PHC002,M007,Iron Tablets,1063,37,0,1,18000
2026-06-24,PHC002,M007,Iron Tablets,1027,36,0,0,18000
2026-06-25,PHC002,M007,Iron Tablets,996,31,0,0,18000
2026-06-26,PHC002,M007,Iron Tablets,956,39,0,1,18000
2026-06-27,PHC002,M007,Iron Tablets,922,34,0,0,18000
2026-06-28,PHC002,M007,Iron Tablets,883,39,0,0,18000
2026-06-29,PHC002,M007,Iron Tablets,830,52,0,1,18000
2026-06-30,PHC002,M007,Iron Tablets,790,38,0,2,18000
2026-01-01,PHC002,M008,Antacid,1335,33,400,0,18000
2026-01-02,PHC002,M008,Antacid,1286,45,0,4,18000
2026-01-03,PHC002,M008,Antacid,1264,21,0,1,18000
2026-01-04,PHC002,M008,Antacid,1220,44,0,0,18000
2026-01-05,PHC002,M008,Antacid,1177,43,0,0,18000
2026-01-06,PHC002,M008,Antacid,1147,28,0,2,18000
2026-01-07,PHC002,M008,Antacid,1106,40,0,1,18000
2026-01-08,PHC002,M008,Antacid,1066,40,0,0,18000
2026-01-09,PHC002,M008,Antacid,1036,29,0,1,18000
2026-01-10,PHC002,M008,Antacid,1003,33,0,0,18000
2026-01-11,PHC002,M008,Antacid,978,25,0,0,18000
2026-01-12,PHC002,M008,Antacid,951,26,0,1,18000
2026-01-13,PHC002,M008,Antacid,911,39,0,1,18000
2026-01-14,PHC002,M008,Antacid,873,37,0,1,18000
2026-01-15,PHC002,M008,Antacid,1610,40,779,2,18000
2026-01-16,PHC002,M008,Antacid,1564,46,0,0,18000
2026-01-17,PHC002,M008,Antacid,1531,33,0,0,18000
2026-01-18,PHC002,M008,Antacid,1496,32,0,3,18000
2026-01-19,PHC002,M008,Antacid,1460,32,0,4,18000
2026-01-20,PHC002,M008,Antacid,1419,41,0,0,18000
2026-01-21,PHC002,M008,Antacid,1380,38,0,1,18000
2026-01-22,PHC002,M008,Antacid,1344,36,0,0,18000
2026-01-23,PHC002,M008,Antacid,1303,40,0,1,18000
2026-01-24,PHC002,M008,Antacid,1269,33,0,1,18000
2026-01-25,PHC002,M008,Antacid,1230,38,0,1,18000
2026-01-26,PHC002,M008,Antacid,1187,43,0,0,18000
2026-01-27,PHC002,M008,Antacid,1156,29,0,2,18000
2026-01-28,PHC002,M008,Antacid,1123,33,0,0,18000
2026-01-29,PHC002,M008,Antacid,1082,41,0,0,18000
2026-01-30,PHC002,M008,Antacid,1043,38,0,1,18000
2026-01-31,PHC002,M008,Antacid,997,44,0,2,18000
2026-02-01,PHC002,M008,Antacid,1503,38,546,2,18000
2026-02-02,PHC002,M008,Antacid,1471,31,0,1,18000
2026-02-03,PHC002,M008,Antacid,1427,43,0,1,18000
2026-02-04,PHC002,M008,Antacid,1391,34,0,2,18000
2026-02-05,PHC002,M008,Antacid,1365,25,0,1,18000
2026-02-06,PHC002,M008,Antacid,1329,36,0,0,18000
2026-02-07,PHC002,M008,Antacid,1298,30,0,1,18000
2026-02-08,PHC002,M008,Antacid,1258,40,0,0,18000
2026-02-09,PHC002,M008,Antacid,1226,29,0,3,18000
2026-02-10,PHC002,M008,Antacid,1195,30,0,1,18000
2026-02-11,PHC002,M008,Antacid,1167,28,0,0,18000
2026-02-12,PHC002,M008,Antacid,1133,34,0,0,18000
2026-02-13,PHC002,M008,Antacid,1098,35,0,0,18000
2026-02-14,PHC002,M008,Antacid,1062,35,0,1,18000
2026-02-15,PHC002,M008,Antacid,1462,28,429,1,18000
2026-02-16,PHC002,M008,Antacid,1429,33,0,0,18000
2026-02-17,PHC002,M008,Antacid,1400,29,0,0,18000
2026-02-18,PHC002,M008,Antacid,1369,30,0,1,18000
2026-02-19,PHC002,M008,Antacid,1338,27,0,4,18000
2026-02-20,PHC002,M008,Antacid,1305,32,0,1,18000
2026-02-21,PHC002,M008,Antacid,1277,27,0,1,18000
2026-02-22,PHC002,M008,Antacid,1245,31,0,1,18000
2026-02-23,PHC002,M008,Antacid,1209,36,0,0,18000
2026-02-24,PHC002,M008,Antacid,1177,31,0,1,18000
2026-02-25,PHC002,M008,Antacid,1145,29,0,3,18000
2026-02-26,PHC002,M008,Antacid,1114,30,0,1,18000
2026-02-27,PHC002,M008,Antacid,1089,24,0,1,18000
2026-02-28,PHC002,M008,Antacid,1049,39,0,1,18000
2026-03-01,PHC002,M008,Antacid,1312,25,289,1,18000
2026-03-02,PHC002,M008,Antacid,1277,31,0,4,18000
2026-03-03,PHC002,M008,Antacid,1242,34,0,1,18000
2026-03-04,PHC002,M008,Antacid,1201,41,0,0,18000
2026-03-05,PHC002,M008,Antacid,1174,26,0,1,18000
2026-03-06,PHC002,M008,Antacid,1130,43,0,1,18000
2026-03-07,PHC002,M008,Antacid,1098,31,0,1,18000
2026-03-08,PHC002,M008,Antacid,1069,27,0,2,18000
2026-03-09,PHC002,M008,Antacid,1045,23,0,1,18000
2026-03-10,PHC002,M008,Antacid,1021,23,0,1,18000
2026-03-11,PHC002,M008,Antacid,994,26,0,1,18000
2026-03-12,PHC002,M008,Antacid,952,42,0,0,18000
2026-03-13,PHC002,M008,Antacid,921,31,0,0,18000
2026-03-14,PHC002,M008,Antacid,899,20,0,2,18000
2026-03-15,PHC002,M008,Antacid,1305,27,433,0,18000
2026-03-16,PHC002,M008,Antacid,1282,22,0,1,18000
2026-03-17,PHC002,M008,Antacid,1265,16,0,1,18000
2026-03-18,PHC002,M008,Antacid,1228,36,0,1,18000
2026-03-19,PHC002,M008,Antacid,1200,28,0,0,18000
2026-03-20,PHC002,M008,Antacid,1166,32,0,2,18000
2026-03-21,PHC002,M008,Antacid,1128,37,0,1,18000
2026-03-22,PHC002,M008,Antacid,1090,36,0,2,18000
2026-03-23,PHC002,M008,Antacid,1062,28,0,0,18000
2026-03-24,PHC002,M008,Antacid,1025,36,0,1,18000
2026-03-25,PHC002,M008,Antacid,998,26,0,1,18000
2026-03-26,PHC002,M008,Antacid,966,32,0,0,18000
2026-03-27,PHC002,M008,Antacid,940,25,0,1,18000
2026-03-28,PHC002,M008,Antacid,907,33,0,0,18000
2026-03-29,PHC002,M008,Antacid,875,31,0,1,18000
2026-03-30,PHC002,M008,Antacid,831,43,0,1,18000
2026-03-31,PHC002,M008,Antacid,789,42,0,0,18000
2026-04-01,PHC002,M008,Antacid,1138,34,384,1,18000
2026-04-02,PHC002,M008,Antacid,1097,41,0,0,18000
2026-04-03,PHC002,M008,Antacid,1062,34,0,1,18000
2026-04-04,PHC002,M008,Antacid,1022,40,0,0,18000
2026-04-05,PHC002,M008,Antacid,988,33,0,1,18000
2026-04-06,PHC002,M008,Antacid,955,32,0,1,18000
2026-04-07,PHC002,M008,Antacid,930,24,0,1,18000
2026-04-08,PHC002,M008,Antacid,887,42,0,1,18000
2026-04-09,PHC002,M008,Antacid,848,38,0,1,18000
2026-04-10,PHC002,M008,Antacid,804,43,0,1,18000
2026-04-11,PHC002,M008,Antacid,732,71,0,1,18000
2026-04-12,PHC002,M008,Antacid,684,47,0,1,18000
2026-04-13,PHC002,M008,Antacid,634,50,0,0,18000
2026-04-14,PHC002,M008,Antacid,591,41,0,2,18000
2026-04-15,PHC002,M008,Antacid,1419,53,881,0,18000
2026-04-16,PHC002,M008,Antacid,1384,33,0,2,18000
2026-04-17,PHC002,M008,Antacid,1349,35,0,0,18000
2026-04-18,PHC002,M008,Antacid,1320,27,0,2,18000
2026-04-19,PHC002,M008,Antacid,1272,48,0,0,18000
2026-04-20,PHC002,M008,Antacid,1235,37,0,0,18000
2026-04-21,PHC002,M008,Antacid,1200,35,0,0,18000
2026-04-22,PHC002,M008,Antacid,1159,41,0,0,18000
2026-04-23,PHC002,M008,Antacid,1124,33,0,2,18000
2026-04-24,PHC002,M008,Antacid,1091,32,0,1,18000
2026-04-25,PHC002,M008,Antacid,1067,23,0,1,18000
2026-04-26,PHC002,M008,Antacid,1026,41,0,0,18000
2026-04-27,PHC002,M008,Antacid,983,42,0,1,18000
2026-04-28,PHC002,M008,Antacid,951,32,0,0,18000
2026-04-29,PHC002,M008,Antacid,914,37,0,0,18000
2026-04-30,PHC002,M008,Antacid,871,42,0,1,18000
2026-05-01,PHC002,M008,Antacid,1500,36,665,0,18000
2026-05-02,PHC002,M008,Antacid,1464,34,0,2,18000
2026-05-03,PHC002,M008,Antacid,1417,46,0,1,18000
2026-05-04,PHC002,M008,Antacid,1375,40,0,2,18000
2026-05-05,PHC002,M008,Antacid,1337,36,0,2,18000
2026-05-06,PHC002,M008,Antacid,1282,53,0,2,18000
2026-05-07,PHC002,M008,Antacid,1239,42,0,1,18000
2026-05-08,PHC002,M008,Antacid,1205,34,0,0,18000
2026-05-09,PHC002,M008,Antacid,1156,49,0,0,18000
2026-05-10,PHC002,M008,Antacid,1116,40,0,0,18000
2026-05-11,PHC002,M008,Antacid,1088,28,0,0,18000
2026-05-12,PHC002,M008,Antacid,1048,39,0,1,18000
2026-05-13,PHC002,M008,Antacid,1015,32,0,1,18000
2026-05-14,PHC002,M008,Antacid,980,34,0,1,18000
2026-05-15,PHC002,M008,Antacid,1481,43,544,0,18000
2026-05-16,PHC002,M008,Antacid,1438,43,0,0,18000
2026-05-17,PHC002,M008,Antacid,1402,36,0,0,18000
2026-05-18,PHC002,M008,Antacid,1368,34,0,0,18000
2026-05-19,PHC002,M008,Antacid,1330,37,0,1,18000
2026-05-20,PHC002,M008,Antacid,1291,39,0,0,18000
2026-05-21,PHC002,M008,Antacid,1257,32,0,2,18000
2026-05-22,PHC002,M008,Antacid,1215,41,0,1,18000
2026-05-23,PHC002,M008,Antacid,1181,34,0,0,18000
2026-05-24,PHC002,M008,Antacid,1156,24,0,1,18000
2026-05-25,PHC002,M008,Antacid,1128,28,0,0,18000
2026-05-26,PHC002,M008,Antacid,1099,27,0,2,18000
2026-05-27,PHC002,M008,Antacid,1068,31,0,0,18000
2026-05-28,PHC002,M008,Antacid,1030,37,0,1,18000
2026-05-29,PHC002,M008,Antacid,995,34,0,1,18000
2026-05-30,PHC002,M008,Antacid,961,31,0,3,18000
2026-05-31,PHC002,M008,Antacid,932,28,0,1,18000
2026-06-01,PHC002,M008,Antacid,1505,32,605,0,18000
2026-06-02,PHC002,M008,Antacid,1471,34,0,0,18000
2026-06-03,PHC002,M008,Antacid,1440,30,0,1,18000
2026-06-04,PHC002,M008,Antacid,1364,73,0,3,18000
2026-06-05,PHC002,M008,Antacid,1326,34,0,4,18000
2026-06-06,PHC002,M008,Antacid,1291,32,0,3,18000
2026-06-07,PHC002,M008,Antacid,1251,37,0,3,18000
2026-06-08,PHC002,M008,Antacid,1229,22,0,0,18000
2026-06-09,PHC002,M008,Antacid,1199,30,0,0,18000
2026-06-10,PHC002,M008,Antacid,1165,34,0,0,18000
2026-06-11,PHC002,M008,Antacid,1121,44,0,0,18000
2026-06-12,PHC002,M008,Antacid,1081,39,0,1,18000
2026-06-13,PHC002,M008,Antacid,1055,26,0,0,18000
2026-06-14,PHC002,M008,Antacid,1014,40,0,1,18000
2026-06-15,PHC002,M008,Antacid,1457,32,475,0,18000
2026-06-16,PHC002,M008,Antacid,1430,26,0,1,18000
2026-06-17,PHC002,M008,Antacid,1392,37,0,1,18000
2026-06-18,PHC002,M008,Antacid,1356,34,0,2,18000
2026-06-19,PHC002,M008,Antacid,1323,32,0,1,18000
2026-06-20,PHC002,M008,Antacid,1283,38,0,2,18000
2026-06-21,PHC002,M008,Antacid,1250,32,0,1,18000
2026-06-22,PHC002,M008,Antacid,1224,26,0,0,18000
2026-06-23,PHC002,M008,Antacid,1181,42,0,1,18000
2026-06-24,PHC002,M008,Antacid,1143,38,0,0,18000
2026-06-25,PHC002,M008,Antacid,1112,30,0,1,18000
2026-06-26,PHC002,M008,Antacid,1084,28,0,0,18000
2026-06-27,PHC002,M008,Antacid,1047,37,0,0,18000
2026-06-28,PHC002,M008,Antacid,1015,31,0,1,18000
2026-06-29,PHC002,M008,Antacid,970,42,0,3,18000
2026-06-30,PHC002,M008,Antacid,939,30,0,1,18000
2026-01-01,PHC003,M001,Paracetamol,1689,42,762,0,9500
2026-01-02,PHC003,M001,Paracetamol,1635,54,0,0,9500
2026-01-03,PHC003,M001,Paracetamol,1581,52,0,2,9500
2026-01-04,PHC003,M001,Paracetamol,1543,38,0,0,9500
2026-01-05,PHC003,M001,Paracetamol,1489,54,0,0,9500
2026-01-06,PHC003,M001,Paracetamol,1440,46,0,3,9500
2026-01-07,PHC003,M001,Paracetamol,1394,46,0,0,9500
2026-01-08,PHC003,M001,Paracetamol,1345,49,0,0,9500
2026-01-09,PHC003,M001,Paracetamol,1306,35,0,4,9500
2026-01-10,PHC003,M001,Paracetamol,1265,40,0,1,9500
2026-01-11,PHC003,M001,Paracetamol,1210,55,0,0,9500
2026-01-12,PHC003,M001,Paracetamol,1162,46,0,2,9500
2026-01-13,PHC003,M001,Paracetamol,1113,49,0,0,9500
2026-01-14,PHC003,M001,Paracetamol,1065,48,0,0,9500
2026-01-15,PHC003,M001,Paracetamol,1942,62,940,1,9500
2026-01-16,PHC003,M001,Paracetamol,1888,52,0,2,9500
2026-01-17,PHC003,M001,Paracetamol,1842,46,0,0,9500
2026-01-18,PHC003,M001,Paracetamol,1786,54,0,2,9500
2026-01-19,PHC003,M001,Paracetamol,1733,53,0,0,9500
2026-01-20,PHC003,M001,Paracetamol,1680,53,0,0,9500
2026-01-21,PHC003,M001,Paracetamol,1635,41,0,4,9500
2026-01-22,PHC003,M001,Paracetamol,1589,44,0,2,9500
2026-01-23,PHC003,M001,Paracetamol,1544,44,0,1,9500
2026-01-24,PHC003,M001,Paracetamol,1489,54,0,1,9500
2026-01-25,PHC003,M001,Paracetamol,1447,42,0,0,9500
2026-01-26,PHC003,M001,Paracetamol,1396,50,0,1,9500
2026-01-27,PHC003,M001,Paracetamol,1338,56,0,2,9500
2026-01-28,PHC003,M001,Paracetamol,1294,43,0,1,9500
2026-01-29,PHC003,M001,Paracetamol,1116,178,0,0,9500
2026-01-30,PHC003,M001,Paracetamol,1061,55,0,0,9500
2026-01-31,PHC003,M001,Paracetamol,1012,48,0,1,9500
2026-02-01,PHC003,M001,Paracetamol,1943,52,983,0,9500
2026-02-02,PHC003,M001,Paracetamol,1879,63,0,1,9500
2026-02-03,PHC003,M001,Paracetamol,1827,50,0,2,9500
2026-02-04,PHC003,M001,Paracetamol,1785,41,0,1,9500
2026-02-05,PHC003,M001,Paracetamol,1731,54,0,0,9500
2026-02-06,PHC003,M001,Paracetamol,1679,51,0,1,9500
2026-02-07,PHC003,M001,Paracetamol,1644,34,0,1,9500
2026-02-08,PHC003,M001,Paracetamol,1597,46,0,1,9500
2026-02-09,PHC003,M001,Paracetamol,1560,37,0,0,9500
2026-02-10,PHC003,M001,Paracetamol,1523,37,0,0,9500
2026-02-11,PHC003,M001,Paracetamol,1472,48,0,3,9500
2026-02-12,PHC003,M001,Paracetamol,1420,51,0,1,9500
2026-02-13,PHC003,M001,Paracetamol,1381,39,0,0,9500
2026-02-14,PHC003,M001,Paracetamol,1340,38,0,3,9500
2026-02-15,PHC003,M001,Paracetamol,1843,42,546,1,9500
2026-02-16,PHC003,M001,Paracetamol,1796,47,0,0,9500
2026-02-17,PHC003,M001,Paracetamol,1739,55,0,2,9500
2026-02-18,PHC003,M001,Paracetamol,1687,52,0,0,9500
2026-02-19,PHC003,M001,Paracetamol,1644,42,0,1,9500
2026-02-20,PHC003,M001,Paracetamol,1592,52,0,0,9500
2026-02-21,PHC003,M001,Paracetamol,1537,54,0,1,9500
2026-02-22,PHC003,M001,Paracetamol,1500,36,0,1,9500
2026-02-23,PHC003,M001,Paracetamol,1454,46,0,0,9500
2026-02-24,PHC003,M001,Paracetamol,1408,44,0,2,9500
2026-02-25,PHC003,M001,Paracetamol,1372,36,0,0,9500
2026-02-26,PHC003,M001,Paracetamol,1334,38,0,0,9500
2026-02-27,PHC003,M001,Paracetamol,1288,42,0,4,9500
2026-02-28,PHC003,M001,Paracetamol,1243,42,0,3,9500
2026-03-01,PHC003,M001,Paracetamol,2005,41,803,0,9500
2026-03-02,PHC003,M001,Paracetamol,1960,44,0,1,9500
2026-03-03,PHC003,M001,Paracetamol,1921,37,0,2,9500
2026-03-04,PHC003,M001,Paracetamol,1889,31,0,1,9500
2026-03-05,PHC003,M001,Paracetamol,1860,28,0,1,9500
2026-03-06,PHC003,M001,Paracetamol,1819,41,0,0,9500
2026-03-07,PHC003,M001,Paracetamol,1773,46,0,0,9500
2026-03-08,PHC003,M001,Paracetamol,1731,40,0,2,9500
2026-03-09,PHC003,M001,Paracetamol,1702,29,0,0,9500
2026-03-10,PHC003,M001,Paracetamol,1667,35,0,0,9500
2026-03-11,PHC003,M001,Paracetamol,1634,32,0,1,9500
2026-03-12,PHC003,M001,Paracetamol,1589,44,0,1,9500
2026-03-13,PHC003,M001,Paracetamol,1554,34,0,1,9500
2026-03-14,PHC003,M001,Paracetamol,1503,50,0,1,9500
2026-03-15,PHC003,M001,Paracetamol,1955,39,492,1,9500
2026-03-16,PHC003,M001,Paracetamol,1923,31,0,1,9500
2026-03-17,PHC003,M001,Paracetamol,1878,43,0,2,9500
2026-03-18,PHC003,M001,Paracetamol,1841,34,0,3,9500
2026-03-19,PHC003,M001,Paracetamol,1800,40,0,1,9500
2026-03-20,PHC003,M001,Paracetamol,1764,36,0,0,9500
2026-03-21,PHC003,M001,Paracetamol,1720,41,0,3,9500
2026-03-22,PHC003,M001,Paracetamol,1676,44,0,0,9500
2026-03-23,PHC003,M001,Paracetamol,1627,48,0,1,9500
2026-03-24,PHC003,M001,Paracetamol,1574,50,0,3,9500
2026-03-25,PHC003,M001,Paracetamol,1525,46,0,3,9500
2026-03-26,PHC003,M001,Paracetamol,1481,40,0,4,9500
2026-03-27,PHC003,M001,Paracetamol,1442,37,0,2,9500
2026-03-28,PHC003,M001,Paracetamol,1398,42,0,2,9500
2026-03-29,PHC003,M001,Paracetamol,1336,58,0,4,9500
2026-03-30,PHC003,M001,Paracetamol,1281,55,0,0,9500
2026-03-31,PHC003,M001,Paracetamol,1226,53,0,2,9500
2026-04-01,PHC003,M001,Paracetamol,2040,46,860,0,9500
2026-04-02,PHC003,M001,Paracetamol,1987,48,0,5,9500
2026-04-03,PHC003,M001,Paracetamol,1929,57,0,1,9500
2026-04-04,PHC003,M001,Paracetamol,1873,52,0,4,9500
2026-04-05,PHC003,M001,Paracetamol,1824,48,0,1,9500
2026-04-06,PHC003,M001,Paracetamol,1771,52,0,1,9500
2026-04-07,PHC003,M001,Paracetamol,1723,46,0,2,9500
2026-04-08,PHC003,M001,Paracetamol,1671,52,0,0,9500
2026-04-09,PHC003,M001,Paracetamol,1522,148,0,1,9500
2026-04-10,PHC003,M001,Paracetamol,1470,50,0,2,9500
2026-04-11,PHC003,M001,Paracetamol,1428,42,0,0,9500
2026-04-12,PHC003,M001,Paracetamol,1370,56,0,2,9500
2026-04-13,PHC003,M001,Paracetamol,1314,54,0,2,9500
2026-04-14,PHC003,M001,Paracetamol,1260,51,0,3,9500
2026-04-15,PHC003,M001,Paracetamol,1631,41,412,0,9500
2026-04-16,PHC003,M001,Paracetamol,1568,61,0,2,9500
2026-04-17,PHC003,M001,Paracetamol,1515,51,0,2,9500
2026-04-18,PHC003,M001,Paracetamol,1459,55,0,1,9500
2026-04-19,PHC003,M001,Paracetamol,1398,60,0,1,9500
2026-04-20,PHC003,M001,Paracetamol,1348,49,0,1,9500
2026-04-21,PHC003,M001,Paracetamol,1292,55,0,1,9500
2026-04-22,PHC003,M001,Paracetamol,1225,67,0,0,9500
2026-04-23,PHC003,M001,Paracetamol,1169,55,0,1,9500
2026-04-24,PHC003,M001,Paracetamol,1119,46,0,4,9500
2026-04-25,PHC003,M001,Paracetamol,1066,53,0,0,9500
2026-04-26,PHC003,M001,Paracetamol,1020,45,0,1,9500
2026-04-27,PHC003,M001,Paracetamol,971,49,0,0,9500
2026-04-28,PHC003,M001,Paracetamol,817,154,0,0,9500
2026-04-29,PHC003,M001,Paracetamol,771,46,0,0,9500
2026-04-30,PHC003,M001,Paracetamol,721,49,0,1,9500
2026-05-01,PHC003,M001,Paracetamol,1212,48,539,0,9500
2026-05-02,PHC003,M001,Paracetamol,1160,52,0,0,9500
2026-05-03,PHC003,M001,Paracetamol,1109,50,0,1,9500
2026-05-04,PHC003,M001,Paracetamol,1062,46,0,1,9500
2026-05-05,PHC003,M001,Paracetamol,1014,46,0,2,9500
2026-05-06,PHC003,M001,Paracetamol,958,55,0,1,9500
2026-05-07,PHC003,M001,Paracetamol,907,49,0,2,9500
2026-05-08,PHC003,M001,Paracetamol,847,58,0,2,9500
2026-05-09,PHC003,M001,Paracetamol,793,53,0,1,9500
2026-05-10,PHC003,M001,Paracetamol,737,55,0,1,9500
2026-05-11,PHC003,M001,Paracetamol,687,49,0,1,9500
2026-05-12,PHC003,M001,Paracetamol,637,50,0,0,9500
2026-05-13,PHC003,M001,Paracetamol,589,48,0,0,9500
2026-05-14,PHC003,M001,Paracetamol,539,49,0,1,9500
2026-05-15,PHC003,M001,Paracetamol,1169,51,681,0,9500
2026-05-16,PHC003,M001,Paracetamol,1104,64,0,1,9500
2026-05-17,PHC003,M001,Paracetamol,1045,57,0,2,9500
2026-05-18,PHC003,M001,Paracetamol,1003,39,0,3,9500
2026-05-19,PHC003,M001,Paracetamol,951,51,0,1,9500
2026-05-20,PHC003,M001,Paracetamol,902,48,0,1,9500
2026-05-21,PHC003,M001,Paracetamol,856,45,0,1,9500
2026-05-22,PHC003,M001,Paracetamol,816,40,0,0,9500
2026-05-23,PHC003,M001,Paracetamol,777,38,0,1,9500
2026-05-24,PHC003,M001,Paracetamol,741,36,0,0,9500
2026-05-25,PHC003,M001,Paracetamol,706,34,0,1,9500
2026-05-26,PHC003,M001,Paracetamol,660,45,0,1,9500
2026-05-27,PHC003,M001,Paracetamol,619,40,0,1,9500
2026-05-28,PHC003,M001,Paracetamol,578,41,0,0,9500
2026-05-29,PHC003,M001,Paracetamol,539,38,0,1,9500
2026-05-30,PHC003,M001,Paracetamol,490,49,0,0,9500
2026-05-31,PHC003,M001,Paracetamol,446,44,0,0,9500
2026-06-01,PHC003,M001,Paracetamol,935,48,537,0,9500
2026-06-02,PHC003,M001,Paracetamol,882,52,0,1,9500
2026-06-03,PHC003,M001,Paracetamol,842,39,0,1,9500
2026-06-04,PHC003,M001,Paracetamol,786,54,0,2,9500
2026-06-05,PHC003,M001,Paracetamol,744,42,0,0,9500
2026-06-06,PHC003,M001,Paracetamol,707,36,0,1,9500
2026-06-07,PHC003,M001,Paracetamol,672,35,0,0,9500
2026-06-08,PHC003,M001,Paracetamol,628,44,0,0,9500
2026-06-09,PHC003,M001,Paracetamol,579,49,0,0,9500
2026-06-10,PHC003,M001,Paracetamol,536,43,0,0,9500
2026-06-11,PHC003,M001,Paracetamol,487,48,0,1,9500
2026-06-12,PHC003,M001,Paracetamol,433,53,0,1,9500
2026-06-13,PHC003,M001,Paracetamol,391,42,0,0,9500
2026-06-14,PHC003,M001,Paracetamol,350,41,0,0,9500
2026-06-15,PHC003,M001,Paracetamol,893,43,586,0,9500
2026-06-16,PHC003,M001,Paracetamol,846,47,0,0,9500
2026-06-17,PHC003,M001,Paracetamol,800,45,0,1,9500
2026-06-18,PHC003,M001,Paracetamol,753,46,0,1,9500
2026-06-19,PHC003,M001,Paracetamol,705,47,0,1,9500
2026-06-20,PHC003,M001,Paracetamol,658,46,0,1,9500
2026-06-21,PHC003,M001,Paracetamol,614,43,0,1,9500
2026-06-22,PHC003,M001,Paracetamol,570,44,0,0,9500
2026-06-23,PHC003,M001,Paracetamol,523,46,0,1,9500
2026-06-24,PHC003,M001,Paracetamol,472,50,0,1,9500
2026-06-25,PHC003,M001,Paracetamol,424,48,0,0,9500
2026-06-26,PHC003,M001,Paracetamol,370,53,0,1,9500
2026-06-27,PHC003,M001,Paracetamol,325,45,0,0,9500
2026-06-28,PHC003,M001,Paracetamol,266,57,0,2,9500
2026-06-29,PHC003,M001,Paracetamol,1306,61,1102,1,9500
2026-06-30,PHC003,M001,Paracetamol,1256,48,0,2,9500
2026-01-01,PHC003,M002,ORS,1312,29,395,0,9500
2026-01-02,PHC003,M002,ORS,1289,22,0,1,9500
2026-01-03,PHC003,M002,ORS,1262,27,0,0,9500
2026-01-04,PHC003,M002,ORS,1222,39,0,1,9500
2026-01-05,PHC003,M002,ORS,1190,32,0,0,9500
2026-01-06,PHC003,M002,ORS,1165,25,0,0,9500
2026-01-07,PHC003,M002,ORS,1134,31,0,0,9500
2026-01-08,PHC003,M002,ORS,1105,28,0,1,9500
2026-01-09,PHC003,M002,ORS,1078,26,0,1,9500
2026-01-10,PHC003,M002,ORS,1049,29,0,0,9500
2026-01-11,PHC003,M002,ORS,1013,34,0,2,9500
2026-01-12,PHC003,M002,ORS,977,34,0,2,9500
2026-01-13,PHC003,M002,ORS,948,27,0,2,9500
2026-01-14,PHC003,M002,ORS,908,40,0,0,9500
2026-01-15,PHC003,M002,ORS,1199,29,320,0,9500
2026-01-16,PHC003,M002,ORS,1174,24,0,1,9500
2026-01-17,PHC003,M002,ORS,1140,33,0,1,9500
2026-01-18,PHC003,M002,ORS,1107,32,0,1,9500
2026-01-19,PHC003,M002,ORS,1079,27,0,1,9500
2026-01-20,PHC003,M002,ORS,1049,30,0,0,9500
2026-01-21,PHC003,M002,ORS,1022,27,0,0,9500
2026-01-22,PHC003,M002,ORS,1001,20,0,1,9500
2026-01-23,PHC003,M002,ORS,971,30,0,0,9500
2026-01-24,PHC003,M002,ORS,942,27,0,2,9500
2026-01-25,PHC003,M002,ORS,910,30,0,2,9500
2026-01-26,PHC003,M002,ORS,884,26,0,0,9500
2026-01-27,PHC003,M002,ORS,856,28,0,0,9500
2026-01-28,PHC003,M002,ORS,831,25,0,0,9500
2026-01-29,PHC003,M002,ORS,801,30,0,0,9500
2026-01-30,PHC003,M002,ORS,769,30,0,2,9500
2026-01-31,PHC003,M002,ORS,738,30,0,1,9500
2026-02-01,PHC003,M002,ORS,1261,34,558,1,9500
2026-02-02,PHC003,M002,ORS,1225,35,0,1,9500
2026-02-03,PHC003,M002,ORS,1189,34,0,2,9500
2026-02-04,PHC003,M002,ORS,1171,17,0,1,9500
2026-02-05,PHC003,M002,ORS,1129,40,0,2,9500
2026-02-06,PHC003,M002,ORS,1097,31,0,1,9500
2026-02-07,PHC003,M002,ORS,1063,32,0,2,9500
2026-02-08,PHC003,M002,ORS,1039,24,0,0,9500
2026-02-09,PHC003,M002,ORS,1011,27,0,1,9500
2026-02-10,PHC003,M002,ORS,992,18,0,1,9500
2026-02-11,PHC003,M002,ORS,968,24,0,0,9500
2026-02-12,PHC003,M002,ORS,942,26,0,0,9500
2026-02-13,PHC003,M002,ORS,908,32,0,2,9500
2026-02-14,PHC003,M002,ORS,875,31,0,2,9500
2026-02-15,PHC003,M002,ORS,1370,28,524,1,9500
2026-02-16,PHC003,M002,ORS,1334,33,0,3,9500
2026-02-17,PHC003,M002,ORS,1319,14,0,1,9500
2026-02-18,PHC003,M002,ORS,1302,17,0,0,9500
2026-02-19,PHC003,M002,ORS,1270,32,0,0,9500
2026-02-20,PHC003,M002,ORS,1243,24,0,3,9500
2026-02-21,PHC003,M002,ORS,1213,30,0,0,9500
2026-02-22,PHC003,M002,ORS,1182,30,0,1,9500
2026-02-23,PHC003,M002,ORS,1147,35,0,0,9500
2026-02-24,PHC003,M002,ORS,1133,14,0,0,9500
2026-02-25,PHC003,M002,ORS,1110,22,0,1,9500
2026-02-26,PHC003,M002,ORS,1082,28,0,0,9500
2026-02-27,PHC003,M002,ORS,1058,23,0,1,9500
2026-02-28,PHC003,M002,ORS,1038,19,0,1,9500
2026-03-01,PHC003,M002,ORS,1476,26,468,4,9500
2026-03-02,PHC003,M002,ORS,1454,22,0,0,9500
2026-03-03,PHC003,M002,ORS,1428,26,0,0,9500
2026-03-04,PHC003,M002,ORS,1400,28,0,0,9500
2026-03-05,PHC003,M002,ORS,1374,25,0,1,9500
2026-03-06,PHC003,M002,ORS,1341,31,0,2,9500
2026-03-07,PHC003,M002,ORS,1317,23,0,1,9500
2026-03-08,PHC003,M002,ORS,1300,16,0,1,9500
2026-03-09,PHC003,M002,ORS,1273,26,0,1,9500
2026-03-10,PHC003,M002,ORS,1250,23,0,0,9500
2026-03-11,PHC003,M002,ORS,1221,29,0,0,9500
2026-03-12,PHC003,M002,ORS,1194,26,0,1,9500
2026-03-13,PHC003,M002,ORS,1169,25,0,0,9500
2026-03-14,PHC003,M002,ORS,1146,23,0,0,9500
2026-03-15,PHC003,M002,ORS,1723,38,615,0,9500
2026-03-16,PHC003,M002,ORS,1711,11,0,1,9500
2026-03-17,PHC003,M002,ORS,1680,30,0,1,9500
2026-03-18,PHC003,M002,ORS,1657,22,0,1,9500
2026-03-19,PHC003,M002,ORS,1630,23,0,4,9500
2026-03-20,PHC003,M002,ORS,1598,31,0,1,9500
2026-03-21,PHC003,M002,ORS,1568,30,0,0,9500
2026-03-22,PHC003,M002,ORS,1539,25,0,4,9500
2026-03-23,PHC003,M002,ORS,1509,27,0,3,9500
2026-03-24,PHC003,M002,ORS,1474,34,0,1,9500
2026-03-25,PHC003,M002,ORS,1455,19,0,0,9500
2026-03-26,PHC003,M002,ORS,1426,28,0,1,9500
2026-03-27,PHC003,M002,ORS,1401,25,0,0,9500
2026-03-28,PHC003,M002,ORS,1371,29,0,1,9500
2026-03-29,PHC003,M002,ORS,1354,16,0,1,9500
2026-03-30,PHC003,M002,ORS,1318,35,0,1,9500
2026-03-31,PHC003,M002,ORS,1297,21,0,0,9500
2026-04-01,PHC003,M002,ORS,1736,24,463,0,9500
2026-04-02,PHC003,M002,ORS,1705,30,0,1,9500
2026-04-03,PHC003,M002,ORS,1669,33,0,3,9500
2026-04-04,PHC003,M002,ORS,1634,32,0,3,9500
2026-04-05,PHC003,M002,ORS,1604,30,0,0,9500
2026-04-06,PHC003,M002,ORS,1575,28,0,1,9500
2026-04-07,PHC003,M002,ORS,1541,32,0,2,9500
2026-04-08,PHC003,M002,ORS,1504,37,0,0,9500
2026-04-09,PHC003,M002,ORS,1471,33,0,0,9500
2026-04-10,PHC003,M002,ORS,1438,32,0,1,9500
2026-04-11,PHC003,M002,ORS,1410,27,0,1,9500
2026-04-12,PHC003,M002,ORS,1376,34,0,0,9500
2026-04-13,PHC003,M002,ORS,1345,31,0,0,9500
2026-04-14,PHC003,M002,ORS,1318,26,0,1,9500
2026-04-15,PHC003,M002,ORS,1850,32,565,1,9500
2026-04-16,PHC003,M002,ORS,1824,23,0,3,9500
2026-04-17,PHC003,M002,ORS,1796,28,0,0,9500
2026-04-18,PHC003,M002,ORS,1764,29,0,3,9500
2026-04-19,PHC003,M002,ORS,1727,36,0,1,9500
2026-04-20,PHC003,M002,ORS,1694,31,0,2,9500
2026-04-21,PHC003,M002,ORS,1664,28,0,2,9500
2026-04-22,PHC003,M002,ORS,1637,27,0,0,9500
2026-04-23,PHC003,M002,ORS,1603,31,0,3,9500
2026-04-24,PHC003,M002,ORS,1570,31,0,2,9500
2026-04-25,PHC003,M002,ORS,1531,36,0,3,9500
2026-04-26,PHC003,M002,ORS,1496,34,0,1,9500
2026-04-27,PHC003,M002,ORS,1462,33,0,1,9500
2026-04-28,PHC003,M002,ORS,1432,28,0,2,9500
2026-04-29,PHC003,M002,ORS,1406,26,0,0,9500
2026-04-30,PHC003,M002,ORS,1373,32,0,1,9500
2026-05-01,PHC003,M002,ORS,1838,32,497,0,9500
2026-05-02,PHC003,M002,ORS,1816,22,0,0,9500
2026-05-03,PHC003,M002,ORS,1785,29,0,2,9500
2026-05-04,PHC003,M002,ORS,1758,24,0,3,9500
2026-05-05,PHC003,M002,ORS,1724,34,0,0,9500
2026-05-06,PHC003,M002,ORS,1698,26,0,0,9500
2026-05-07,PHC003,M002,ORS,1665,32,0,1,9500
2026-05-08,PHC003,M002,ORS,1628,35,0,2,9500
2026-05-09,PHC003,M002,ORS,1592,35,0,1,9500
2026-05-10,PHC003,M002,ORS,1556,32,0,4,9500
2026-05-11,PHC003,M002,ORS,1534,22,0,0,9500
2026-05-12,PHC003,M002,ORS,1503,29,0,2,9500
2026-05-13,PHC003,M002,ORS,1471,30,0,2,9500
2026-05-14,PHC003,M002,ORS,1443,24,0,4,9500
2026-05-15,PHC003,M002,ORS,1687,26,271,1,9500
2026-05-16,PHC003,M002,ORS,1653,32,0,2,9500
2026-05-17,PHC003,M002,ORS,1629,22,0,2,9500
2026-05-18,PHC003,M002,ORS,1600,27,0,2,9500
2026-05-19,PHC003,M002,ORS,1565,33,0,2,9500
2026-05-20,PHC003,M002,ORS,1536,28,0,1,9500
2026-05-21,PHC003,M002,ORS,1505,31,0,0,9500
2026-05-22,PHC003,M002,ORS,1466,36,0,3,9500
2026-05-23,PHC003,M002,ORS,1436,29,0,1,9500
2026-05-24,PHC003,M002,ORS,1404,28,0,4,9500
2026-05-25,PHC003,M002,ORS,1379,24,0,1,9500
2026-05-26,PHC003,M002,ORS,1353,26,0,0,9500
2026-05-27,PHC003,M002,ORS,1327,26,0,0,9500
2026-05-28,PHC003,M002,ORS,1305,21,0,1,9500
2026-05-29,PHC003,M002,ORS,1279,25,0,1,9500
2026-05-30,PHC003,M002,ORS,1248,29,0,2,9500
2026-05-31,PHC003,M002,ORS,1219,29,0,0,9500
2026-06-01,PHC003,M002,ORS,1708,27,517,1,9500
2026-06-02,PHC003,M002,ORS,1687,21,0,0,9500
2026-06-03,PHC003,M002,ORS,1652,31,0,4,9500
2026-06-04,PHC003,M002,ORS,1624,28,0,0,9500
2026-06-05,PHC003,M002,ORS,1601,23,0,0,9500
2026-06-06,PHC003,M002,ORS,1580,20,0,1,9500
2026-06-07,PHC003,M002,ORS,1548,29,0,3,9500
2026-06-08,PHC003,M002,ORS,1527,21,0,0,9500
2026-06-09,PHC003,M002,ORS,1495,29,0,3,9500
2026-06-10,PHC003,M002,ORS,1470,25,0,0,9500
2026-06-11,PHC003,M002,ORS,1439,29,0,2,9500
2026-06-12,PHC003,M002,ORS,1412,26,0,1,9500
2026-06-13,PHC003,M002,ORS,1383,26,0,3,9500
2026-06-14,PHC003,M002,ORS,1349,31,0,3,9500
2026-06-15,PHC003,M002,ORS,1776,34,463,2,9500
2026-06-16,PHC003,M002,ORS,1752,23,0,1,9500
2026-06-17,PHC003,M002,ORS,1727,25,0,0,9500
2026-06-18,PHC003,M002,ORS,1704,22,0,1,9500
2026-06-19,PHC003,M002,ORS,1680,22,0,2,9500
2026-06-20,PHC003,M002,ORS,1654,26,0,0,9500
2026-06-21,PHC003,M002,ORS,1622,32,0,0,9500
2026-06-22,PHC003,M002,ORS,1592,28,0,2,9500
2026-06-23,PHC003,M002,ORS,1569,20,0,3,9500
2026-06-24,PHC003,M002,ORS,1539,28,0,2,9500
2026-06-25,PHC003,M002,ORS,1512,27,0,0,9500
2026-06-26,PHC003,M002,ORS,1476,34,0,2,9500
2026-06-27,PHC003,M002,ORS,1449,25,0,2,9500
2026-06-28,PHC003,M002,ORS,1420,29,0,0,9500
2026-06-29,PHC003,M002,ORS,1381,39,0,0,9500
2026-06-30,PHC003,M002,ORS,1357,21,0,3,9500
2026-01-01,PHC003,M003,Amoxicillin,794,16,282,1,9500
2026-01-02,PHC003,M003,Amoxicillin,783,11,0,0,9500
2026-01-03,PHC003,M003,Amoxicillin,762,19,0,2,9500
2026-01-04,PHC003,M003,Amoxicillin,745,17,0,0,9500
2026-01-05,PHC003,M003,Amoxicillin,736,9,0,0,9500
2026-01-06,PHC003,M003,Amoxicillin,716,20,0,0,9500
2026-01-07,PHC003,M003,Amoxicillin,697,18,0,1,9500
2026-01-08,PHC003,M003,Amoxicillin,674,22,0,1,9500
2026-01-09,PHC003,M003,Amoxicillin,654,20,0,0,9500
2026-01-10,PHC003,M003,Amoxicillin,635,19,0,0,9500
2026-01-11,PHC003,M003,Amoxicillin,621,14,0,0,9500
2026-01-12,PHC003,M003,Amoxicillin,603,17,0,1,9500
2026-01-13,PHC003,M003,Amoxicillin,581,20,0,2,9500
2026-01-14,PHC003,M003,Amoxicillin,562,19,0,0,9500
2026-01-15,PHC003,M003,Amoxicillin,948,23,409,0,9500
2026-01-16,PHC003,M003,Amoxicillin,930,18,0,0,9500
2026-01-17,PHC003,M003,Amoxicillin,904,26,0,0,9500
2026-01-18,PHC003,M003,Amoxicillin,883,21,0,0,9500
2026-01-19,PHC003,M003,Amoxicillin,864,18,0,1,9500
2026-01-20,PHC003,M003,Amoxicillin,851,13,0,0,9500
2026-01-21,PHC003,M003,Amoxicillin,832,19,0,0,9500
2026-01-22,PHC003,M003,Amoxicillin,815,16,0,1,9500
2026-01-23,PHC003,M003,Amoxicillin,795,20,0,0,9500
2026-01-24,PHC003,M003,Amoxicillin,779,16,0,0,9500
2026-01-25,PHC003,M003,Amoxicillin,754,25,0,0,9500
2026-01-26,PHC003,M003,Amoxicillin,736,16,0,2,9500
2026-01-27,PHC003,M003,Amoxicillin,719,16,0,1,9500
2026-01-28,PHC003,M003,Amoxicillin,704,15,0,0,9500
2026-01-29,PHC003,M003,Amoxicillin,683,20,0,1,9500
2026-01-30,PHC003,M003,Amoxicillin,659,23,0,1,9500
2026-01-31,PHC003,M003,Amoxicillin,640,18,0,1,9500
2026-02-01,PHC003,M003,Amoxicillin,808,17,187,2,9500
2026-02-02,PHC003,M003,Amoxicillin,788,20,0,0,9500
2026-02-03,PHC003,M003,Amoxicillin,764,23,0,1,9500
2026-02-04,PHC003,M003,Amoxicillin,745,18,0,1,9500
2026-02-05,PHC003,M003,Amoxicillin,716,28,0,1,9500
2026-02-06,PHC003,M003,Amoxicillin,690,25,0,1,9500
2026-02-07,PHC003,M003,Amoxicillin,664,26,0,0,9500
2026-02-08,PHC003,M003,Amoxicillin,643,20,0,1,9500
2026-02-09,PHC003,M003,Amoxicillin,625,17,0,1,9500
2026-02-10,PHC003,M003,Amoxicillin,604,19,0,2,9500
2026-02-11,PHC003,M003,Amoxicillin,586,18,0,0,9500
2026-02-12,PHC003,M003,Amoxicillin,567,18,0,1,9500
2026-02-13,PHC003,M003,Amoxicillin,544,22,0,1,9500
2026-02-14,PHC003,M003,Amoxicillin,529,15,0,0,9500
2026-02-15,PHC003,M003,Amoxicillin,796,24,291,0,9500
2026-02-16,PHC003,M003,Amoxicillin,771,24,0,1,9500
2026-02-17,PHC003,M003,Amoxicillin,754,17,0,0,9500
2026-02-18,PHC003,M003,Amoxicillin,735,19,0,0,9500
2026-02-19,PHC003,M003,Amoxicillin,716,18,0,1,9500
2026-02-20,PHC003,M003,Amoxicillin,691,23,0,2,9500
2026-02-21,PHC003,M003,Amoxicillin,672,18,0,1,9500
2026-02-22,PHC003,M003,Amoxicillin,663,8,0,1,9500
2026-02-23,PHC003,M003,Amoxicillin,649,13,0,1,9500
2026-02-24,PHC003,M003,Amoxicillin,631,18,0,0,9500
2026-02-25,PHC003,M003,Amoxicillin,615,15,0,1,9500
2026-02-26,PHC003,M003,Amoxicillin,600,14,0,1,9500
2026-02-27,PHC003,M003,Amoxicillin,587,12,0,1,9500
2026-02-28,PHC003,M003,Amoxicillin,572,13,0,2,9500
2026-03-01,PHC003,M003,Amoxicillin,783,19,231,1,9500
2026-03-02,PHC003,M003,Amoxicillin,768,15,0,0,9500
2026-03-03,PHC003,M003,Amoxicillin,750,18,0,0,9500
2026-03-04,PHC003,M003,Amoxicillin,726,21,0,3,9500
2026-03-05,PHC003,M003,Amoxicillin,703,23,0,0,9500
2026-03-06,PHC003,M003,Amoxicillin,679,24,0,0,9500
2026-03-07,PHC003,M003,Amoxicillin,662,17,0,0,9500
2026-03-08,PHC003,M003,Amoxicillin,645,17,0,0,9500
2026-03-09,PHC003,M003,Amoxicillin,629,15,0,1,9500
2026-03-10,PHC003,M003,Amoxicillin,613,16,0,0,9500
2026-03-11,PHC003,M003,Amoxicillin,600,13,0,0,9500
2026-03-12,PHC003,M003,Amoxicillin,575,25,0,0,9500
2026-03-13,PHC003,M003,Amoxicillin,548,27,0,0,9500
2026-03-14,PHC003,M003,Amoxicillin,535,13,0,0,9500
2026-03-15,PHC003,M003,Amoxicillin,747,15,228,1,9500
2026-03-16,PHC003,M003,Amoxicillin,732,15,0,0,9500
2026-03-17,PHC003,M003,Amoxicillin,713,19,0,0,9500
2026-03-18,PHC003,M003,Amoxicillin,694,19,0,0,9500
2026-03-19,PHC003,M003,Amoxicillin,671,23,0,0,9500
2026-03-20,PHC003,M003,Amoxicillin,657,13,0,1,9500
2026-03-21,PHC003,M003,Amoxicillin,640,17,0,0,9500
2026-03-22,PHC003,M003,Amoxicillin,627,13,0,0,9500
2026-03-23,PHC003,M003,Amoxicillin,610,15,0,2,9500
2026-03-24,PHC003,M003,Amoxicillin,599,11,0,0,9500
2026-03-25,PHC003,M003,Amoxicillin,583,16,0,0,9500
2026-03-26,PHC003,M003,Amoxicillin,563,20,0,0,9500
2026-03-27,PHC003,M003,Amoxicillin,548,15,0,0,9500
2026-03-28,PHC003,M003,Amoxicillin,530,18,0,0,9500
2026-03-29,PHC003,M003,Amoxicillin,510,19,0,1,9500
2026-03-30,PHC003,M003,Amoxicillin,491,19,0,0,9500
2026-03-31,PHC003,M003,Amoxicillin,469,22,0,0,9500
2026-04-01,PHC003,M003,Amoxicillin,702,25,259,1,9500
2026-04-02,PHC003,M003,Amoxicillin,680,22,0,0,9500
2026-04-03,PHC003,M003,Amoxicillin,657,21,0,2,9500
2026-04-04,PHC003,M003,Amoxicillin,633,24,0,0,9500
2026-04-05,PHC003,M003,Amoxicillin,610,23,0,0,9500
2026-04-06,PHC003,M003,Amoxicillin,595,15,0,0,9500
2026-04-07,PHC003,M003,Amoxicillin,577,16,0,2,9500
2026-04-08,PHC003,M003,Amoxicillin,557,20,0,0,9500
2026-04-09,PHC003,M003,Amoxicillin,539,18,0,0,9500
2026-04-10,PHC003,M003,Amoxicillin,520,18,0,1,9500
2026-04-11,PHC003,M003,Amoxicillin,497,22,0,1,9500
2026-04-12,PHC003,M003,Amoxicillin,471,25,0,1,9500
2026-04-13,PHC003,M003,Amoxicillin,454,17,0,0,9500
2026-04-14,PHC003,M003,Amoxicillin,429,25,0,0,9500
2026-04-15,PHC003,M003,Amoxicillin,690,24,285,0,9500
2026-04-16,PHC003,M003,Amoxicillin,675,15,0,0,9500
2026-04-17,PHC003,M003,Amoxicillin,657,17,0,1,9500
2026-04-18,PHC003,M003,Amoxicillin,633,23,0,1,9500
2026-04-19,PHC003,M003,Amoxicillin,614,19,0,0,9500
2026-04-20,PHC003,M003,Amoxicillin,589,25,0,0,9500
2026-04-21,PHC003,M003,Amoxicillin,564,25,0,0,9500
2026-04-22,PHC003,M003,Amoxicillin,534,30,0,0,9500
2026-04-23,PHC003,M003,Amoxicillin,510,23,0,1,9500
2026-04-24,PHC003,M003,Amoxicillin,492,18,0,0,9500
2026-04-25,PHC003,M003,Amoxicillin,461,29,0,2,9500
2026-04-26,PHC003,M003,Amoxicillin,437,22,0,2,9500
2026-04-27,PHC003,M003,Amoxicillin,417,20,0,0,9500
2026-04-28,PHC003,M003,Amoxicillin,400,16,0,1,9500
2026-04-29,PHC003,M003,Amoxicillin,366,34,0,0,9500
2026-04-30,PHC003,M003,Amoxicillin,348,18,0,0,9500
2026-05-01,PHC003,M003,Amoxicillin,826,28,506,0,9500
2026-05-02,PHC003,M003,Amoxicillin,808,18,0,0,9500
2026-05-03,PHC003,M003,Amoxicillin,778,30,0,0,9500
2026-05-04,PHC003,M003,Amoxicillin,745,32,0,1,9500
2026-05-05,PHC003,M003,Amoxicillin,726,18,0,1,9500
2026-05-06,PHC003,M003,Amoxicillin,712,14,0,0,9500
2026-05-07,PHC003,M003,Amoxicillin,690,22,0,0,9500
2026-05-08,PHC003,M003,Amoxicillin,662,26,0,2,9500
2026-05-09,PHC003,M003,Amoxicillin,637,25,0,0,9500
2026-05-10,PHC003,M003,Amoxicillin,619,17,0,1,9500
2026-05-11,PHC003,M003,Amoxicillin,598,21,0,0,9500
2026-05-12,PHC003,M003,Amoxicillin,579,18,0,1,9500
2026-05-13,PHC003,M003,Amoxicillin,555,24,0,0,9500
2026-05-14,PHC003,M003,Amoxicillin,536,19,0,0,9500
2026-05-15,PHC003,M003,Amoxicillin,737,22,223,0,9500
2026-05-16,PHC003,M003,Amoxicillin,711,25,0,1,9500
2026-05-17,PHC003,M003,Amoxicillin,687,23,0,1,9500
2026-05-18,PHC003,M003,Amoxicillin,672,15,0,0,9500
2026-05-19,PHC003,M003,Amoxicillin,641,29,0,2,9500
2026-05-20,PHC003,M003,Amoxicillin,620,21,0,0,9500
2026-05-21,PHC003,M003,Amoxicillin,601,19,0,0,9500
2026-05-22,PHC003,M003,Amoxicillin,585,16,0,0,9500
2026-05-23,PHC003,M003,Amoxicillin,563,22,0,0,9500
2026-05-24,PHC003,M003,Amoxicillin,542,21,0,0,9500
2026-05-25,PHC003,M003,Amoxicillin,519,23,0,0,9500
2026-05-26,PHC003,M003,Amoxicillin,507,12,0,0,9500
2026-05-27,PHC003,M003,Amoxicillin,488,18,0,1,9500
2026-05-28,PHC003,M003,Amoxicillin,476,12,0,0,9500
2026-05-29,PHC003,M003,Amoxicillin,456,19,0,1,9500
2026-05-30,PHC003,M003,Amoxicillin,443,12,0,1,9500
2026-05-31,PHC003,M003,Amoxicillin,423,20,0,0,9500
2026-06-01,PHC003,M003,Amoxicillin,603,15,195,0,9500
2026-06-02,PHC003,M003,Amoxicillin,590,13,0,0,9500
2026-06-03,PHC003,M003,Amoxicillin,570,20,0,0,9500
2026-06-04,PHC003,M003,Amoxicillin,554,16,0,0,9500
2026-06-05,PHC003,M003,Amoxicillin,536,18,0,0,9500
2026-06-06,PHC003,M003,Amoxicillin,517,19,0,0,9500
2026-06-07,PHC003,M003,Amoxicillin,497,20,0,0,9500
2026-06-08,PHC003,M003,Amoxicillin,482,15,0,0,9500
2026-06-09,PHC003,M003,Amoxicillin,456,26,0,0,9500
2026-06-10,PHC003,M003,Amoxicillin,430,26,0,0,9500
2026-06-11,PHC003,M003,Amoxicillin,412,18,0,0,9500
2026-06-12,PHC003,M003,Amoxicillin,396,16,0,0,9500
2026-06-13,PHC003,M003,Amoxicillin,380,16,0,0,9500
2026-06-14,PHC003,M003,Amoxicillin,361,19,0,0,9500
2026-06-15,PHC003,M003,Amoxicillin,799,29,467,0,9500
2026-06-16,PHC003,M003,Amoxicillin,755,42,0,2,9500
2026-06-17,PHC003,M003,Amoxicillin,740,15,0,0,9500
2026-06-18,PHC003,M003,Amoxicillin,721,19,0,0,9500
2026-06-19,PHC003,M003,Amoxicillin,699,21,0,1,9500
2026-06-20,PHC003,M003,Amoxicillin,686,12,0,1,9500
2026-06-21,PHC003,M003,Amoxicillin,667,19,0,0,9500
2026-06-22,PHC003,M003,Amoxicillin,646,21,0,0,9500
2026-06-23,PHC003,M003,Amoxicillin,624,22,0,0,9500
2026-06-24,PHC003,M003,Amoxicillin,602,22,0,0,9500
2026-06-25,PHC003,M003,Amoxicillin,586,16,0,0,9500
2026-06-26,PHC003,M003,Amoxicillin,572,14,0,0,9500
2026-06-27,PHC003,M003,Amoxicillin,551,21,0,0,9500
2026-06-28,PHC003,M003,Amoxicillin,535,16,0,0,9500
2026-06-29,PHC003,M003,Amoxicillin,518,17,0,0,9500
2026-06-30,PHC003,M003,Amoxicillin,498,20,0,0,9500
2026-01-01,PHC003,M004,Cetirizine,1393,16,280,1,9500
2026-01-02,PHC003,M004,Cetirizine,1381,12,0,0,9500
2026-01-03,PHC003,M004,Cetirizine,1332,49,0,0,9500
2026-01-04,PHC003,M004,Cetirizine,1316,16,0,0,9500
2026-01-05,PHC003,M004,Cetirizine,1298,18,0,0,9500
2026-01-06,PHC003,M004,Cetirizine,1283,13,0,2,9500
2026-01-07,PHC003,M004,Cetirizine,1258,23,0,2,9500
2026-01-08,PHC003,M004,Cetirizine,1245,13,0,0,9500
2026-01-09,PHC003,M004,Cetirizine,1227,18,0,0,9500
2026-01-10,PHC003,M004,Cetirizine,1205,21,0,1,9500
2026-01-11,PHC003,M004,Cetirizine,1184,19,0,2,9500
2026-01-12,PHC003,M004,Cetirizine,1173,11,0,0,9500
2026-01-13,PHC003,M004,Cetirizine,1161,10,0,2,9500
2026-01-14,PHC003,M004,Cetirizine,1138,23,0,0,9500
2026-01-15,PHC003,M004,Cetirizine,1486,19,367,0,9500
2026-01-16,PHC003,M004,Cetirizine,1463,22,0,1,9500
2026-01-17,PHC003,M004,Cetirizine,1446,16,0,1,9500
2026-01-18,PHC003,M004,Cetirizine,1430,15,0,1,9500
2026-01-19,PHC003,M004,Cetirizine,1413,14,0,3,9500
2026-01-20,PHC003,M004,Cetirizine,1393,18,0,2,9500
2026-01-21,PHC003,M004,Cetirizine,1371,22,0,0,9500
2026-01-22,PHC003,M004,Cetirizine,1352,17,0,2,9500
2026-01-23,PHC003,M004,Cetirizine,1332,19,0,1,9500
2026-01-24,PHC003,M004,Cetirizine,1312,20,0,0,9500
2026-01-25,PHC003,M004,Cetirizine,1290,21,0,1,9500
2026-01-26,PHC003,M004,Cetirizine,1275,14,0,1,9500
2026-01-27,PHC003,M004,Cetirizine,1259,15,0,1,9500
2026-01-28,PHC003,M004,Cetirizine,1241,18,0,0,9500
2026-01-29,PHC003,M004,Cetirizine,1215,23,0,3,9500
2026-01-30,PHC003,M004,Cetirizine,1203,12,0,0,9500
2026-01-31,PHC003,M004,Cetirizine,1186,16,0,1,9500
2026-02-01,PHC003,M004,Cetirizine,1431,13,259,1,9500
2026-02-02,PHC003,M004,Cetirizine,1407,21,0,3,9500
2026-02-03,PHC003,M004,Cetirizine,1394,13,0,0,9500
2026-02-04,PHC003,M004,Cetirizine,1372,20,0,2,9500
2026-02-05,PHC003,M004,Cetirizine,1352,18,0,2,9500
2026-02-06,PHC003,M004,Cetirizine,1339,13,0,0,9500
2026-02-07,PHC003,M004,Cetirizine,1308,30,0,1,9500
2026-02-08,PHC003,M004,Cetirizine,1290,16,0,2,9500
2026-02-09,PHC003,M004,Cetirizine,1275,14,0,1,9500
2026-02-10,PHC003,M004,Cetirizine,1256,18,0,1,9500
2026-02-11,PHC003,M004,Cetirizine,1238,18,0,0,9500
2026-02-12,PHC003,M004,Cetirizine,1218,19,0,1,9500
2026-02-13,PHC003,M004,Cetirizine,1200,14,0,4,9500
2026-02-14,PHC003,M004,Cetirizine,1174,24,0,2,9500
2026-02-15,PHC003,M004,Cetirizine,1522,22,374,4,9500
2026-02-16,PHC003,M004,Cetirizine,1504,14,0,4,9500
2026-02-17,PHC003,M004,Cetirizine,1487,17,0,0,9500
2026-02-18,PHC003,M004,Cetirizine,1470,14,0,3,9500
2026-02-19,PHC003,M004,Cetirizine,1460,9,0,1,9500
2026-02-20,PHC003,M004,Cetirizine,1442,17,0,1,9500
2026-02-21,PHC003,M004,Cetirizine,1428,13,0,1,9500
2026-02-22,PHC003,M004,Cetirizine,1406,22,0,0,9500
2026-02-23,PHC003,M004,Cetirizine,1392,13,0,1,9500
2026-02-24,PHC003,M004,Cetirizine,1380,11,0,1,9500
2026-02-25,PHC003,M004,Cetirizine,1367,10,0,3,9500
2026-02-26,PHC003,M004,Cetirizine,1348,19,0,0,9500
2026-02-27,PHC003,M004,Cetirizine,1334,13,0,1,9500
2026-02-28,PHC003,M004,Cetirizine,1322,12,0,0,9500
2026-03-01,PHC003,M004,Cetirizine,1643,18,341,2,9500
2026-03-02,PHC003,M004,Cetirizine,1632,8,0,3,9500
2026-03-03,PHC003,M004,Cetirizine,1614,18,0,0,9500
2026-03-04,PHC003,M004,Cetirizine,1595,16,0,3,9500
2026-03-05,PHC003,M004,Cetirizine,1582,12,0,1,9500
2026-03-06,PHC003,M004,Cetirizine,1563,17,0,2,9500
2026-03-07,PHC003,M004,Cetirizine,1552,11,0,0,9500
2026-03-08,PHC003,M004,Cetirizine,1541,11,0,0,9500
2026-03-09,PHC003,M004,Cetirizine,1523,15,0,3,9500
2026-03-10,PHC003,M004,Cetirizine,1506,17,0,0,9500
2026-03-11,PHC003,M004,Cetirizine,1485,17,0,4,9500
2026-03-12,PHC003,M004,Cetirizine,1472,13,0,0,9500
2026-03-13,PHC003,M004,Cetirizine,1459,12,0,1,9500
2026-03-14,PHC003,M004,Cetirizine,1442,15,0,2,9500
2026-03-15,PHC003,M004,Cetirizine,1619,17,196,2,9500
2026-03-16,PHC003,M004,Cetirizine,1603,16,0,0,9500
2026-03-17,PHC003,M004,Cetirizine,1576,26,0,1,9500
2026-03-18,PHC003,M004,Cetirizine,1561,13,0,2,9500
2026-03-19,PHC003,M004,Cetirizine,1548,13,0,0,9500
2026-03-20,PHC003,M004,Cetirizine,1535,12,0,1,9500
2026-03-21,PHC003,M004,Cetirizine,1520,14,0,1,9500
2026-03-22,PHC003,M004,Cetirizine,1506,12,0,2,9500
2026-03-23,PHC003,M004,Cetirizine,1491,15,0,0,9500
2026-03-24,PHC003,M004,Cetirizine,1478,13,0,0,9500
2026-03-25,PHC003,M004,Cetirizine,1462,13,0,3,9500
2026-03-26,PHC003,M004,Cetirizine,1444,16,0,2,9500
2026-03-27,PHC003,M004,Cetirizine,1423,18,0,3,9500
2026-03-28,PHC003,M004,Cetirizine,1401,19,0,3,9500
2026-03-29,PHC003,M004,Cetirizine,1381,19,0,1,9500
2026-03-30,PHC003,M004,Cetirizine,1368,12,0,1,9500
2026-03-31,PHC003,M004,Cetirizine,1343,25,0,0,9500
2026-04-01,PHC003,M004,Cetirizine,1594,16,267,0,9500
2026-04-02,PHC003,M004,Cetirizine,1579,15,0,0,9500
2026-04-03,PHC003,M004,Cetirizine,1557,20,0,2,9500
2026-04-04,PHC003,M004,Cetirizine,1503,53,0,1,9500
2026-04-05,PHC003,M004,Cetirizine,1489,13,0,1,9500
2026-04-06,PHC003,M004,Cetirizine,1469,16,0,4,9500
2026-04-07,PHC003,M004,Cetirizine,1448,20,0,1,9500
2026-04-08,PHC003,M004,Cetirizine,1427,19,0,2,9500
2026-04-09,PHC003,M004,Cetirizine,1401,23,0,3,9500
2026-04-10,PHC003,M004,Cetirizine,1382,19,0,0,9500
2026-04-11,PHC003,M004,Cetirizine,1363,17,0,2,9500
2026-04-12,PHC003,M004,Cetirizine,1345,16,0,2,9500
2026-04-13,PHC003,M004,Cetirizine,1318,24,0,3,9500
2026-04-14,PHC003,M004,Cetirizine,1295,19,0,4,9500
2026-04-15,PHC003,M004,Cetirizine,1525,21,251,0,9500
2026-04-16,PHC003,M004,Cetirizine,1512,12,0,1,9500
2026-04-17,PHC003,M004,Cetirizine,1494,18,0,0,9500
2026-04-18,PHC003,M004,Cetirizine,1463,30,0,1,9500
2026-04-19,PHC003,M004,Cetirizine,1449,13,0,1,9500
2026-04-20,PHC003,M004,Cetirizine,1424,23,0,2,9500
2026-04-21,PHC003,M004,Cetirizine,1410,11,0,3,9500
2026-04-22,PHC003,M004,Cetirizine,1388,22,0,0,9500
2026-04-23,PHC003,M004,Cetirizine,1366,22,0,0,9500
2026-04-24,PHC003,M004,Cetirizine,1350,13,0,3,9500
2026-04-25,PHC003,M004,Cetirizine,1332,14,0,4,9500
2026-04-26,PHC003,M004,Cetirizine,1308,23,0,1,9500
2026-04-27,PHC003,M004,Cetirizine,1293,15,0,0,9500
2026-04-28,PHC003,M004,Cetirizine,1273,19,0,1,9500
2026-04-29,PHC003,M004,Cetirizine,1223,49,0,1,9500
2026-04-30,PHC003,M004,Cetirizine,1207,15,0,1,9500
2026-05-01,PHC003,M004,Cetirizine,1514,21,329,1,9500
2026-05-02,PHC003,M004,Cetirizine,1494,19,0,1,9500
2026-05-03,PHC003,M004,Cetirizine,1480,14,0,0,9500
2026-05-04,PHC003,M004,Cetirizine,1454,23,0,3,9500
2026-05-05,PHC003,M004,Cetirizine,1435,19,0,0,9500
2026-05-06,PHC003,M004,Cetirizine,1420,15,0,0,9500
2026-05-07,PHC003,M004,Cetirizine,1401,17,0,2,9500
2026-05-08,PHC003,M004,Cetirizine,1384,17,0,0,9500
2026-05-09,PHC003,M004,Cetirizine,1363,19,0,2,9500
2026-05-10,PHC003,M004,Cetirizine,1335,28,0,0,9500
2026-05-11,PHC003,M004,Cetirizine,1313,20,0,2,9500
2026-05-12,PHC003,M004,Cetirizine,1303,10,0,0,9500
2026-05-13,PHC003,M004,Cetirizine,1281,20,0,2,9500
2026-05-14,PHC003,M004,Cetirizine,1265,15,0,1,9500
2026-05-15,PHC003,M004,Cetirizine,1503,17,255,0,9500
2026-05-16,PHC003,M004,Cetirizine,1488,14,0,1,9500
2026-05-17,PHC003,M004,Cetirizine,1472,16,0,0,9500
2026-05-18,PHC003,M004,Cetirizine,1455,16,0,1,9500
2026-05-19,PHC003,M004,Cetirizine,1439,15,0,1,9500
2026-05-20,PHC003,M004,Cetirizine,1410,26,0,3,9500
2026-05-21,PHC003,M004,Cetirizine,1381,27,0,2,9500
2026-05-22,PHC003,M004,Cetirizine,1362,17,0,2,9500
2026-05-23,PHC003,M004,Cetirizine,1344,18,0,0,9500
2026-05-24,PHC003,M004,Cetirizine,1328,16,0,0,9500
2026-05-25,PHC003,M004,Cetirizine,1315,10,0,3,9500
2026-05-26,PHC003,M004,Cetirizine,1296,19,0,0,9500
2026-05-27,PHC003,M004,Cetirizine,1273,22,0,1,9500
2026-05-28,PHC003,M004,Cetirizine,1221,52,0,0,9500
2026-05-29,PHC003,M004,Cetirizine,1206,15,0,0,9500
2026-05-30,PHC003,M004,Cetirizine,1192,13,0,1,9500
2026-05-31,PHC003,M004,Cetirizine,1171,19,0,2,9500
2026-06-01,PHC003,M004,Cetirizine,1393,11,233,0,9500
2026-06-02,PHC003,M004,Cetirizine,1379,14,0,0,9500
2026-06-03,PHC003,M004,Cetirizine,1364,14,0,1,9500
2026-06-04,PHC003,M004,Cetirizine,1347,17,0,0,9500
2026-06-05,PHC003,M004,Cetirizine,1340,7,0,0,9500
2026-06-06,PHC003,M004,Cetirizine,1319,20,0,1,9500
2026-06-07,PHC003,M004,Cetirizine,1307,11,0,1,9500
2026-06-08,PHC003,M004,Cetirizine,1298,8,0,1,9500
2026-06-09,PHC003,M004,Cetirizine,1282,16,0,0,9500
2026-06-10,PHC003,M004,Cetirizine,1262,20,0,0,9500
2026-06-11,PHC003,M004,Cetirizine,1248,13,0,1,9500
2026-06-12,PHC003,M004,Cetirizine,1234,11,0,3,9500
2026-06-13,PHC003,M004,Cetirizine,1217,16,0,1,9500
2026-06-14,PHC003,M004,Cetirizine,1201,15,0,1,9500
2026-06-15,PHC003,M004,Cetirizine,1375,17,191,0,9500
2026-06-16,PHC003,M004,Cetirizine,1363,10,0,2,9500
2026-06-17,PHC003,M004,Cetirizine,1340,22,0,1,9500
2026-06-18,PHC003,M004,Cetirizine,1317,23,0,0,9500
2026-06-19,PHC003,M004,Cetirizine,1295,22,0,0,9500
2026-06-20,PHC003,M004,Cetirizine,1277,18,0,0,9500
2026-06-21,PHC003,M004,Cetirizine,1263,14,0,0,9500
2026-06-22,PHC003,M004,Cetirizine,1245,16,0,2,9500
2026-06-23,PHC003,M004,Cetirizine,1230,15,0,0,9500
2026-06-24,PHC003,M004,Cetirizine,1220,9,0,1,9500
2026-06-25,PHC003,M004,Cetirizine,1206,14,0,0,9500
2026-06-26,PHC003,M004,Cetirizine,1178,26,0,2,9500
2026-06-27,PHC003,M004,Cetirizine,1159,17,0,2,9500
2026-06-28,PHC003,M004,Cetirizine,1134,22,0,3,9500
2026-06-29,PHC003,M004,Cetirizine,1106,27,0,1,9500
2026-06-30,PHC003,M004,Cetirizine,1089,16,0,1,9500
2026-01-01,PHC003,M005,Ibuprofen,1075,19,377,0,9500
2026-01-02,PHC003,M005,Ibuprofen,1045,29,0,1,9500
2026-01-03,PHC003,M005,Ibuprofen,1022,23,0,0,9500
2026-01-04,PHC003,M005,Ibuprofen,998,24,0,0,9500
2026-01-05,PHC003,M005,Ibuprofen,976,21,0,1,9500
2026-01-06,PHC003,M005,Ibuprofen,950,25,0,1,9500
2026-01-07,PHC003,M005,Ibuprofen,920,30,0,0,9500
2026-01-08,PHC003,M005,Ibuprofen,896,24,0,0,9500
2026-01-09,PHC003,M005,Ibuprofen,880,16,0,0,9500
2026-01-10,PHC003,M005,Ibuprofen,856,22,0,2,9500
2026-01-11,PHC003,M005,Ibuprofen,832,24,0,0,9500
2026-01-12,PHC003,M005,Ibuprofen,809,23,0,0,9500
2026-01-13,PHC003,M005,Ibuprofen,787,22,0,0,9500
2026-01-14,PHC003,M005,Ibuprofen,764,21,0,2,9500
2026-01-15,PHC003,M005,Ibuprofen,1222,32,490,0,9500
2026-01-16,PHC003,M005,Ibuprofen,1191,30,0,1,9500
2026-01-17,PHC003,M005,Ibuprofen,1171,20,0,0,9500
2026-01-18,PHC003,M005,Ibuprofen,1143,28,0,0,9500
2026-01-19,PHC003,M005,Ibuprofen,1109,34,0,0,9500
2026-01-20,PHC003,M005,Ibuprofen,1082,25,0,2,9500
2026-01-21,PHC003,M005,Ibuprofen,1030,47,0,5,9500
2026-01-22,PHC003,M005,Ibuprofen,998,31,0,1,9500
2026-01-23,PHC003,M005,Ibuprofen,975,23,0,0,9500
2026-01-24,PHC003,M005,Ibuprofen,951,23,0,1,9500
2026-01-25,PHC003,M005,Ibuprofen,928,23,0,0,9500
2026-01-26,PHC003,M005,Ibuprofen,900,28,0,0,9500
2026-01-27,PHC003,M005,Ibuprofen,875,24,0,1,9500
2026-01-28,PHC003,M005,Ibuprofen,849,24,0,2,9500
2026-01-29,PHC003,M005,Ibuprofen,821,28,0,0,9500
2026-01-30,PHC003,M005,Ibuprofen,733,88,0,0,9500
2026-01-31,PHC003,M005,Ibuprofen,707,26,0,0,9500
2026-02-01,PHC003,M005,Ibuprofen,998,20,311,0,9500
2026-02-02,PHC003,M005,Ibuprofen,979,19,0,0,9500
2026-02-03,PHC003,M005,Ibuprofen,954,25,0,0,9500
2026-02-04,PHC003,M005,Ibuprofen,922,29,0,3,9500
2026-02-05,PHC003,M005,Ibuprofen,899,22,0,1,9500
2026-02-06,PHC003,M005,Ibuprofen,882,17,0,0,9500
2026-02-07,PHC003,M005,Ibuprofen,852,27,0,3,9500
2026-02-08,PHC003,M005,Ibuprofen,831,21,0,0,9500
2026-02-09,PHC003,M005,Ibuprofen,802,28,0,1,9500
2026-02-10,PHC003,M005,Ibuprofen,783,17,0,2,9500
2026-02-11,PHC003,M005,Ibuprofen,754,29,0,0,9500
2026-02-12,PHC003,M005,Ibuprofen,732,21,0,1,9500
2026-02-13,PHC003,M005,Ibuprofen,709,23,0,0,9500
2026-02-14,PHC003,M005,Ibuprofen,684,24,0,1,9500
2026-02-15,PHC003,M005,Ibuprofen,1015,25,356,0,9500
2026-02-16,PHC003,M005,Ibuprofen,992,22,0,1,9500
2026-02-17,PHC003,M005,Ibuprofen,970,21,0,1,9500
2026-02-18,PHC003,M005,Ibuprofen,944,25,0,1,9500
2026-02-19,PHC003,M005,Ibuprofen,922,22,0,0,9500
2026-02-20,PHC003,M005,Ibuprofen,899,23,0,0,9500
2026-02-21,PHC003,M005,Ibuprofen,881,18,0,0,9500
2026-02-22,PHC003,M005,Ibuprofen,854,27,0,0,9500
2026-02-23,PHC003,M005,Ibuprofen,839,15,0,0,9500
2026-02-24,PHC003,M005,Ibuprofen,816,21,0,2,9500
2026-02-25,PHC003,M005,Ibuprofen,790,25,0,1,9500
2026-02-26,PHC003,M005,Ibuprofen,775,13,0,2,9500
2026-02-27,PHC003,M005,Ibuprofen,751,24,0,0,9500
2026-02-28,PHC003,M005,Ibuprofen,732,19,0,0,9500
2026-03-01,PHC003,M005,Ibuprofen,1045,18,333,2,9500
2026-03-02,PHC003,M005,Ibuprofen,1018,25,0,2,9500
2026-03-03,PHC003,M005,Ibuprofen,990,24,0,4,9500
2026-03-04,PHC003,M005,Ibuprofen,973,16,0,1,9500
2026-03-05,PHC003,M005,Ibuprofen,952,20,0,1,9500
2026-03-06,PHC003,M005,Ibuprofen,924,27,0,1,9500
2026-03-07,PHC003,M005,Ibuprofen,901,22,0,1,9500
2026-03-08,PHC003,M005,Ibuprofen,884,17,0,0,9500
2026-03-09,PHC003,M005,Ibuprofen,861,22,0,1,9500
2026-03-10,PHC003,M005,Ibuprofen,841,20,0,0,9500
2026-03-11,PHC003,M005,Ibuprofen,821,20,0,0,9500
2026-03-12,PHC003,M005,Ibuprofen,791,29,0,1,9500
2026-03-13,PHC003,M005,Ibuprofen,759,30,0,2,9500
2026-03-14,PHC003,M005,Ibuprofen,734,24,0,1,9500
2026-03-15,PHC003,M005,Ibuprofen,1200,29,496,1,9500
2026-03-16,PHC003,M005,Ibuprofen,1176,24,0,0,9500
2026-03-17,PHC003,M005,Ibuprofen,1154,22,0,0,9500
2026-03-18,PHC003,M005,Ibuprofen,1126,28,0,0,9500
2026-03-19,PHC003,M005,Ibuprofen,1102,24,0,0,9500
2026-03-20,PHC003,M005,Ibuprofen,1086,15,0,1,9500
2026-03-21,PHC003,M005,Ibuprofen,1061,23,0,2,9500
2026-03-22,PHC003,M005,Ibuprofen,1040,21,0,0,9500
2026-03-23,PHC003,M005,Ibuprofen,1008,30,0,2,9500
2026-03-24,PHC003,M005,Ibuprofen,985,23,0,0,9500
2026-03-25,PHC003,M005,Ibuprofen,958,26,0,1,9500
2026-03-26,PHC003,M005,Ibuprofen,944,14,0,0,9500
2026-03-27,PHC003,M005,Ibuprofen,923,20,0,1,9500
2026-03-28,PHC003,M005,Ibuprofen,892,31,0,0,9500
2026-03-29,PHC003,M005,Ibuprofen,870,22,0,0,9500
2026-03-30,PHC003,M005,Ibuprofen,804,64,0,2,9500
2026-03-31,PHC003,M005,Ibuprofen,781,21,0,2,9500
2026-04-01,PHC003,M005,Ibuprofen,1086,24,329,0,9500
2026-04-02,PHC003,M005,Ibuprofen,1057,29,0,0,9500
2026-04-03,PHC003,M005,Ibuprofen,1038,19,0,0,9500
2026-04-04,PHC003,M005,Ibuprofen,1009,28,0,1,9500
2026-04-05,PHC003,M005,Ibuprofen,985,22,0,2,9500
2026-04-06,PHC003,M005,Ibuprofen,966,18,0,1,9500
2026-04-07,PHC003,M005,Ibuprofen,936,28,0,2,9500
2026-04-08,PHC003,M005,Ibuprofen,918,18,0,0,9500
2026-04-09,PHC003,M005,Ibuprofen,891,25,0,2,9500
2026-04-10,PHC003,M005,Ibuprofen,858,33,0,0,9500
2026-04-11,PHC003,M005,Ibuprofen,830,26,0,2,9500
2026-04-12,PHC003,M005,Ibuprofen,799,30,0,1,9500
2026-04-13,PHC003,M005,Ibuprofen,768,31,0,0,9500
2026-04-14,PHC003,M005,Ibuprofen,738,28,0,2,9500
2026-04-15,PHC003,M005,Ibuprofen,1116,21,400,1,9500
2026-04-16,PHC003,M005,Ibuprofen,1093,22,0,1,9500
2026-04-17,PHC003,M005,Ibuprofen,1065,27,0,1,9500
2026-04-18,PHC003,M005,Ibuprofen,1033,31,0,1,9500
2026-04-19,PHC003,M005,Ibuprofen,1000,31,0,2,9500
2026-04-20,PHC003,M005,Ibuprofen,967,32,0,1,9500
2026-04-21,PHC003,M005,Ibuprofen,945,21,0,1,9500
2026-04-22,PHC003,M005,Ibuprofen,921,23,0,1,9500
2026-04-23,PHC003,M005,Ibuprofen,893,25,0,3,9500
2026-04-24,PHC003,M005,Ibuprofen,862,30,0,1,9500
2026-04-25,PHC003,M005,Ibuprofen,833,28,0,1,9500
2026-04-26,PHC003,M005,Ibuprofen,819,14,0,0,9500
2026-04-27,PHC003,M005,Ibuprofen,794,24,0,1,9500
2026-04-28,PHC003,M005,Ibuprofen,778,16,0,0,9500
2026-04-29,PHC003,M005,Ibuprofen,757,21,0,0,9500
2026-04-30,PHC003,M005,Ibuprofen,723,33,0,1,9500
2026-05-01,PHC003,M005,Ibuprofen,1202,34,513,0,9500
2026-05-02,PHC003,M005,Ibuprofen,1171,31,0,0,9500
2026-05-03,PHC003,M005,Ibuprofen,1145,26,0,0,9500
2026-05-04,PHC003,M005,Ibuprofen,1112,33,0,0,9500
2026-05-05,PHC003,M005,Ibuprofen,1088,24,0,0,9500
2026-05-06,PHC003,M005,Ibuprofen,1060,26,0,2,9500
2026-05-07,PHC003,M005,Ibuprofen,1028,32,0,0,9500
2026-05-08,PHC003,M005,Ibuprofen,1003,25,0,0,9500
2026-05-09,PHC003,M005,Ibuprofen,976,26,0,1,9500
2026-05-10,PHC003,M005,Ibuprofen,945,30,0,1,9500
2026-05-11,PHC003,M005,Ibuprofen,919,23,0,3,9500
2026-05-12,PHC003,M005,Ibuprofen,894,22,0,3,9500
2026-05-13,PHC003,M005,Ibuprofen,878,16,0,0,9500
2026-05-14,PHC003,M005,Ibuprofen,852,25,0,1,9500
2026-05-15,PHC003,M005,Ibuprofen,1127,16,291,0,9500
2026-05-16,PHC003,M005,Ibuprofen,1100,23,0,4,9500
2026-05-17,PHC003,M005,Ibuprofen,1077,22,0,1,9500
2026-05-18,PHC003,M005,Ibuprofen,1054,23,0,0,9500
2026-05-19,PHC003,M005,Ibuprofen,1017,35,0,2,9500
2026-05-20,PHC003,M005,Ibuprofen,990,27,0,0,9500
2026-05-21,PHC003,M005,Ibuprofen,959,31,0,0,9500
2026-05-22,PHC003,M005,Ibuprofen,929,30,0,0,9500
2026-05-23,PHC003,M005,Ibuprofen,899,30,0,0,9500
2026-05-24,PHC003,M005,Ibuprofen,874,24,0,1,9500
2026-05-25,PHC003,M005,Ibuprofen,846,28,0,0,9500
2026-05-26,PHC003,M005,Ibuprofen,819,27,0,0,9500
2026-05-27,PHC003,M005,Ibuprofen,791,27,0,1,9500
2026-05-28,PHC003,M005,Ibuprofen,770,21,0,0,9500
2026-05-29,PHC003,M005,Ibuprofen,745,25,0,0,9500
2026-05-30,PHC003,M005,Ibuprofen,719,26,0,0,9500
2026-05-31,PHC003,M005,Ibuprofen,693,24,0,2,9500
2026-06-01,PHC003,M005,Ibuprofen,919,16,242,0,9500
2026-06-02,PHC003,M005,Ibuprofen,898,20,0,1,9500
2026-06-03,PHC003,M005,Ibuprofen,877,19,0,2,9500
2026-06-04,PHC003,M005,Ibuprofen,863,14,0,0,9500
2026-06-05,PHC003,M005,Ibuprofen,847,15,0,1,9500
2026-06-06,PHC003,M005,Ibuprofen,820,27,0,0,9500
2026-06-07,PHC003,M005,Ibuprofen,797,23,0,0,9500
2026-06-08,PHC003,M005,Ibuprofen,775,22,0,0,9500
2026-06-09,PHC003,M005,Ibuprofen,756,19,0,0,9500
2026-06-10,PHC003,M005,Ibuprofen,733,23,0,0,9500
2026-06-11,PHC003,M005,Ibuprofen,705,27,0,1,9500
2026-06-12,PHC003,M005,Ibuprofen,651,53,0,1,9500
2026-06-13,PHC003,M005,Ibuprofen,635,16,0,0,9500
2026-06-14,PHC003,M005,Ibuprofen,619,15,0,1,9500
2026-06-15,PHC003,M005,Ibuprofen,894,25,300,0,9500
2026-06-16,PHC003,M005,Ibuprofen,870,23,0,1,9500
2026-06-17,PHC003,M005,Ibuprofen,844,25,0,1,9500
2026-06-18,PHC003,M005,Ibuprofen,776,67,0,1,9500
2026-06-19,PHC003,M005,Ibuprofen,748,28,0,0,9500
2026-06-20,PHC003,M005,Ibuprofen,720,26,0,2,9500
2026-06-21,PHC003,M005,Ibuprofen,698,22,0,0,9500
2026-06-22,PHC003,M005,Ibuprofen,679,19,0,0,9500
2026-06-23,PHC003,M005,Ibuprofen,651,25,0,3,9500
2026-06-24,PHC003,M005,Ibuprofen,631,20,0,0,9500
2026-06-25,PHC003,M005,Ibuprofen,607,24,0,0,9500
2026-06-26,PHC003,M005,Ibuprofen,582,24,0,1,9500
2026-06-27,PHC003,M005,Ibuprofen,547,34,0,1,9500
2026-06-28,PHC003,M005,Ibuprofen,512,35,0,0,9500
2026-06-29,PHC003,M005,Ibuprofen,477,34,0,1,9500
2026-06-30,PHC003,M005,Ibuprofen,455,22,0,0,9500
2026-01-01,PHC003,M006,Azithromycin,1271,23,355,1,9500
2026-01-02,PHC003,M006,Azithromycin,1267,4,0,0,9500
2026-01-03,PHC003,M006,Azithromycin,1257,8,0,2,9500
2026-01-04,PHC003,M006,Azithromycin,1240,17,0,0,9500
2026-01-05,PHC003,M006,Azithromycin,1227,12,0,1,9500
2026-01-06,PHC003,M006,Azithromycin,1214,13,0,0,9500
2026-01-07,PHC003,M006,Azithromycin,1205,9,0,0,9500
2026-01-08,PHC003,M006,Azithromycin,1191,12,0,2,9500
2026-01-09,PHC003,M006,Azithromycin,1172,19,0,0,9500
2026-01-10,PHC003,M006,Azithromycin,1157,15,0,0,9500
2026-01-11,PHC003,M006,Azithromycin,1143,13,0,1,9500
2026-01-12,PHC003,M006,Azithromycin,1128,14,0,1,9500
2026-01-13,PHC003,M006,Azithromycin,1113,14,0,1,9500
2026-01-14,PHC003,M006,Azithromycin,1095,18,0,0,9500
2026-01-15,PHC003,M006,Azithromycin,1356,14,276,1,9500
2026-01-16,PHC003,M006,Azithromycin,1345,10,0,1,9500
2026-01-17,PHC003,M006,Azithromycin,1326,17,0,2,9500
2026-01-18,PHC003,M006,Azithromycin,1318,7,0,1,9500
2026-01-19,PHC003,M006,Azithromycin,1309,9,0,0,9500
2026-01-20,PHC003,M006,Azithromycin,1288,20,0,1,9500
2026-01-21,PHC003,M006,Azithromycin,1277,11,0,0,9500
2026-01-22,PHC003,M006,Azithromycin,1264,13,0,0,9500
2026-01-23,PHC003,M006,Azithromycin,1245,18,0,1,9500
2026-01-24,PHC003,M006,Azithromycin,1235,10,0,0,9500
2026-01-25,PHC003,M006,Azithromycin,1224,10,0,1,9500
2026-01-26,PHC003,M006,Azithromycin,1213,11,0,0,9500
2026-01-27,PHC003,M006,Azithromycin,1202,9,0,2,9500
2026-01-28,PHC003,M006,Azithromycin,1190,11,0,1,9500
2026-01-29,PHC003,M006,Azithromycin,1177,10,0,3,9500
2026-01-30,PHC003,M006,Azithromycin,1171,5,0,1,9500
2026-01-31,PHC003,M006,Azithromycin,1156,13,0,2,9500
2026-02-01,PHC003,M006,Azithromycin,1315,9,170,2,9500
2026-02-02,PHC003,M006,Azithromycin,1304,10,0,1,9500
2026-02-03,PHC003,M006,Azithromycin,1290,13,0,1,9500
2026-02-04,PHC003,M006,Azithromycin,1277,13,0,0,9500
2026-02-05,PHC003,M006,Azithromycin,1266,9,0,2,9500
2026-02-06,PHC003,M006,Azithromycin,1258,5,0,3,9500
2026-02-07,PHC003,M006,Azithromycin,1242,15,0,1,9500
2026-02-08,PHC003,M006,Azithromycin,1222,20,0,0,9500
2026-02-09,PHC003,M006,Azithromycin,1207,13,0,2,9500
2026-02-10,PHC003,M006,Azithromycin,1198,8,0,1,9500
2026-02-11,PHC003,M006,Azithromycin,1173,23,0,2,9500
2026-02-12,PHC003,M006,Azithromycin,1161,11,0,1,9500
2026-02-13,PHC003,M006,Azithromycin,1144,15,0,2,9500
2026-02-14,PHC003,M006,Azithromycin,1133,10,0,1,9500
2026-02-15,PHC003,M006,Azithromycin,1248,7,123,1,9500
2026-02-16,PHC003,M006,Azithromycin,1238,7,0,3,9500
2026-02-17,PHC003,M006,Azithromycin,1230,7,0,1,9500
2026-02-18,PHC003,M006,Azithromycin,1223,6,0,1,9500
2026-02-19,PHC003,M006,Azithromycin,1216,7,0,0,9500
2026-02-20,PHC003,M006,Azithromycin,1205,9,0,2,9500
2026-02-21,PHC003,M006,Azithromycin,1190,15,0,0,9500
2026-02-22,PHC003,M006,Azithromycin,1179,11,0,0,9500
2026-02-23,PHC003,M006,Azithromycin,1168,10,0,1,9500
2026-02-24,PHC003,M006,Azithromycin,1160,7,0,1,9500
2026-02-25,PHC003,M006,Azithromycin,1130,29,0,1,9500
2026-02-26,PHC003,M006,Azithromycin,1116,9,0,5,9500
2026-02-27,PHC003,M006,Azithromycin,1102,14,0,0,9500
2026-02-28,PHC003,M006,Azithromycin,1089,12,0,1,9500
2026-03-01,PHC003,M006,Azithromycin,1232,8,153,2,9500
2026-03-02,PHC003,M006,Azithromycin,1223,7,0,2,9500
2026-03-03,PHC003,M006,Azithromycin,1210,13,0,0,9500
2026-03-04,PHC003,M006,Azithromycin,1194,14,0,2,9500
2026-03-05,PHC003,M006,Azithromycin,1186,8,0,0,9500
2026-03-06,PHC003,M006,Azithromycin,1177,8,0,1,9500
2026-03-07,PHC003,M006,Azithromycin,1161,14,0,2,9500
2026-03-08,PHC003,M006,Azithromycin,1158,2,0,1,9500
2026-03-09,PHC003,M006,Azithromycin,1147,11,0,0,9500
2026-03-10,PHC003,M006,Azithromycin,1134,13,0,0,9500
2026-03-11,PHC003,M006,Azithromycin,1121,12,0,1,9500
2026-03-12,PHC003,M006,Azithromycin,1105,14,0,2,9500
2026-03-13,PHC003,M006,Azithromycin,1097,8,0,0,9500
2026-03-14,PHC003,M006,Azithromycin,1084,11,0,2,9500
2026-03-15,PHC003,M006,Azithromycin,1237,9,162,0,9500
2026-03-16,PHC003,M006,Azithromycin,1226,11,0,0,9500
2026-03-17,PHC003,M006,Azithromycin,1216,10,0,0,9500
2026-03-18,PHC003,M006,Azithromycin,1202,14,0,0,9500
2026-03-19,PHC003,M006,Azithromycin,1193,8,0,1,9500
2026-03-20,PHC003,M006,Azithromycin,1174,17,0,2,9500
2026-03-21,PHC003,M006,Azithromycin,1162,11,0,1,9500
2026-03-22,PHC003,M006,Azithromycin,1153,7,0,2,9500
2026-03-23,PHC003,M006,Azithromycin,1142,10,0,1,9500
2026-03-24,PHC003,M006,Azithromycin,1130,12,0,0,9500
2026-03-25,PHC003,M006,Azithromycin,1116,12,0,2,9500
2026-03-26,PHC003,M006,Azithromycin,1104,11,0,1,9500
2026-03-27,PHC003,M006,Azithromycin,1093,11,0,0,9500
2026-03-28,PHC003,M006,Azithromycin,1080,11,0,2,9500
2026-03-29,PHC003,M006,Azithromycin,1069,11,0,0,9500
2026-03-30,PHC003,M006,Azithromycin,1055,14,0,0,9500
2026-03-31,PHC003,M006,Azithromycin,1037,17,0,1,9500
2026-04-01,PHC003,M006,Azithromycin,1214,11,188,0,9500
2026-04-02,PHC003,M006,Azithromycin,1199,14,0,1,9500
2026-04-03,PHC003,M006,Azithromycin,1153,44,0,2,9500
2026-04-04,PHC003,M006,Azithromycin,1139,13,0,1,9500
2026-04-05,PHC003,M006,Azithromycin,1122,17,0,0,9500
2026-04-06,PHC003,M006,Azithromycin,1116,6,0,0,9500
2026-04-07,PHC003,M006,Azithromycin,1103,12,0,1,9500
2026-04-08,PHC003,M006,Azithromycin,1089,12,0,2,9500
2026-04-09,PHC003,M006,Azithromycin,1075,11,0,3,9500
2026-04-10,PHC003,M006,Azithromycin,1063,9,0,3,9500
2026-04-11,PHC003,M006,Azithromycin,1054,8,0,1,9500
2026-04-12,PHC003,M006,Azithromycin,1027,26,0,1,9500
2026-04-13,PHC003,M006,Azithromycin,1008,15,0,4,9500
2026-04-14,PHC003,M006,Azithromycin,996,12,0,0,9500
2026-04-15,PHC003,M006,Azithromycin,1249,14,269,2,9500
2026-04-16,PHC003,M006,Azithromycin,1236,12,0,1,9500
2026-04-17,PHC003,M006,Azithromycin,1220,16,0,0,9500
2026-04-18,PHC003,M006,Azithromycin,1197,23,0,0,9500
2026-04-19,PHC003,M006,Azithromycin,1182,14,0,1,9500
2026-04-20,PHC003,M006,Azithromycin,1173,8,0,1,9500
2026-04-21,PHC003,M006,Azithromycin,1156,17,0,0,9500
2026-04-22,PHC003,M006,Azithromycin,1136,16,0,4,9500
2026-04-23,PHC003,M006,Azithromycin,1124,10,0,2,9500
2026-04-24,PHC003,M006,Azithromycin,1110,14,0,0,9500
2026-04-25,PHC003,M006,Azithromycin,1089,19,0,2,9500
2026-04-26,PHC003,M006,Azithromycin,1074,13,0,2,9500
2026-04-27,PHC003,M006,Azithromycin,1058,14,0,2,9500
2026-04-28,PHC003,M006,Azithromycin,1038,18,0,2,9500
2026-04-29,PHC003,M006,Azithromycin,1024,13,0,1,9500
2026-04-30,PHC003,M006,Azithromycin,1012,11,0,1,9500
2026-05-01,PHC003,M006,Azithromycin,1279,17,284,0,9500
2026-05-02,PHC003,M006,Azithromycin,1270,7,0,2,9500
2026-05-03,PHC003,M006,Azithromycin,1255,11,0,4,9500
2026-05-04,PHC003,M006,Azithromycin,1242,11,0,2,9500
2026-05-05,PHC003,M006,Azithromycin,1228,12,0,2,9500
2026-05-06,PHC003,M006,Azithromycin,1211,17,0,0,9500
2026-05-07,PHC003,M006,Azithromycin,1197,13,0,1,9500
2026-05-08,PHC003,M006,Azithromycin,1184,13,0,0,9500
2026-05-09,PHC003,M006,Azithromycin,1164,19,0,1,9500
2026-05-10,PHC003,M006,Azithromycin,1150,14,0,0,9500
2026-05-11,PHC003,M006,Azithromycin,1099,50,0,1,9500
2026-05-12,PHC003,M006,Azithromycin,1080,17,0,2,9500
2026-05-13,PHC003,M006,Azithromycin,1067,13,0,0,9500
2026-05-14,PHC003,M006,Azithromycin,1060,6,0,1,9500
2026-05-15,PHC003,M006,Azithromycin,1225,18,183,0,9500
2026-05-16,PHC003,M006,Azithromycin,1215,8,0,2,9500
2026-05-17,PHC003,M006,Azithromycin,1165,49,0,1,9500
2026-05-18,PHC003,M006,Azithromycin,1150,14,0,1,9500
2026-05-19,PHC003,M006,Azithromycin,1130,17,0,3,9500
2026-05-20,PHC003,M006,Azithromycin,1118,10,0,2,9500
2026-05-21,PHC003,M006,Azithromycin,1103,11,0,4,9500
2026-05-22,PHC003,M006,Azithromycin,1086,16,0,1,9500
2026-05-23,PHC003,M006,Azithromycin,1065,19,0,2,9500
2026-05-24,PHC003,M006,Azithromycin,1054,10,0,1,9500
2026-05-25,PHC003,M006,Azithromycin,1045,9,0,0,9500
2026-05-26,PHC003,M006,Azithromycin,1037,8,0,0,9500
2026-05-27,PHC003,M006,Azithromycin,1027,10,0,0,9500
2026-05-28,PHC003,M006,Azithromycin,1018,8,0,1,9500
2026-05-29,PHC003,M006,Azithromycin,1005,13,0,0,9500
2026-05-30,PHC003,M006,Azithromycin,996,8,0,1,9500
2026-05-31,PHC003,M006,Azithromycin,983,13,0,0,9500
2026-06-01,PHC003,M006,Azithromycin,1180,11,209,1,9500
2026-06-02,PHC003,M006,Azithromycin,1169,11,0,0,9500
2026-06-03,PHC003,M006,Azithromycin,1146,19,0,4,9500
2026-06-04,PHC003,M006,Azithromycin,1135,10,0,1,9500
2026-06-05,PHC003,M006,Azithromycin,1117,18,0,0,9500
2026-06-06,PHC003,M006,Azithromycin,1104,13,0,0,9500
2026-06-07,PHC003,M006,Azithromycin,1093,10,0,1,9500
2026-06-08,PHC003,M006,Azithromycin,1072,20,0,1,9500
2026-06-09,PHC003,M006,Azithromycin,1063,8,0,1,9500
2026-06-10,PHC003,M006,Azithromycin,1048,13,0,2,9500
2026-06-11,PHC003,M006,Azithromycin,1038,9,0,1,9500
2026-06-12,PHC003,M006,Azithromycin,1026,10,0,2,9500
2026-06-13,PHC003,M006,Azithromycin,1013,12,0,1,9500
2026-06-14,PHC003,M006,Azithromycin,1002,11,0,0,9500
2026-06-15,PHC003,M006,Azithromycin,1239,8,245,0,9500
2026-06-16,PHC003,M006,Azithromycin,1232,5,0,2,9500
2026-06-17,PHC003,M006,Azithromycin,1223,9,0,0,9500
2026-06-18,PHC003,M006,Azithromycin,1213,10,0,0,9500
2026-06-19,PHC003,M006,Azithromycin,1197,14,0,2,9500
2026-06-20,PHC003,M006,Azithromycin,1189,7,0,1,9500
2026-06-21,PHC003,M006,Azithromycin,1174,14,0,1,9500
2026-06-22,PHC003,M006,Azithromycin,1159,15,0,0,9500
2026-06-23,PHC003,M006,Azithromycin,1143,14,0,2,9500
2026-06-24,PHC003,M006,Azithromycin,1128,14,0,1,9500
2026-06-25,PHC003,M006,Azithromycin,1114,13,0,1,9500
2026-06-26,PHC003,M006,Azithromycin,1102,11,0,1,9500
2026-06-27,PHC003,M006,Azithromycin,1091,10,0,1,9500
2026-06-28,PHC003,M006,Azithromycin,1081,9,0,1,9500
2026-06-29,PHC003,M006,Azithromycin,1068,12,0,1,9500
2026-06-30,PHC003,M006,Azithromycin,1052,15,0,1,9500
2026-01-01,PHC003,M007,Iron Tablets,1169,17,183,3,9500
2026-01-02,PHC003,M007,Iron Tablets,1156,13,0,0,9500
2026-01-03,PHC003,M007,Iron Tablets,1140,16,0,0,9500
2026-01-04,PHC003,M007,Iron Tablets,1128,12,0,0,9500
2026-01-05,PHC003,M007,Iron Tablets,1103,23,0,2,9500
2026-01-06,PHC003,M007,Iron Tablets,1084,19,0,0,9500
2026-01-07,PHC003,M007,Iron Tablets,1068,16,0,0,9500
2026-01-08,PHC003,M007,Iron Tablets,1044,23,0,1,9500
2026-01-09,PHC003,M007,Iron Tablets,1021,23,0,0,9500
2026-01-10,PHC003,M007,Iron Tablets,1003,18,0,0,9500
2026-01-11,PHC003,M007,Iron Tablets,981,21,0,1,9500
2026-01-12,PHC003,M007,Iron Tablets,962,18,0,1,9500
2026-01-13,PHC003,M007,Iron Tablets,936,25,0,1,9500
2026-01-14,PHC003,M007,Iron Tablets,917,19,0,0,9500
2026-01-15,PHC003,M007,Iron Tablets,1160,13,256,0,9500
2026-01-16,PHC003,M007,Iron Tablets,1141,18,0,1,9500
2026-01-17,PHC003,M007,Iron Tablets,1121,19,0,1,9500
2026-01-18,PHC003,M007,Iron Tablets,1096,24,0,1,9500
2026-01-19,PHC003,M007,Iron Tablets,1081,14,0,1,9500
2026-01-20,PHC003,M007,Iron Tablets,1060,21,0,0,9500
2026-01-21,PHC003,M007,Iron Tablets,1045,14,0,1,9500
2026-01-22,PHC003,M007,Iron Tablets,1029,15,0,1,9500
2026-01-23,PHC003,M007,Iron Tablets,1006,23,0,0,9500
2026-01-24,PHC003,M007,Iron Tablets,981,23,0,2,9500
2026-01-25,PHC003,M007,Iron Tablets,965,15,0,1,9500
2026-01-26,PHC003,M007,Iron Tablets,943,22,0,0,9500
2026-01-27,PHC003,M007,Iron Tablets,927,14,0,2,9500
2026-01-28,PHC003,M007,Iron Tablets,909,18,0,0,9500
2026-01-29,PHC003,M007,Iron Tablets,881,28,0,0,9500
2026-01-30,PHC003,M007,Iron Tablets,866,14,0,1,9500
2026-01-31,PHC003,M007,Iron Tablets,846,19,0,1,9500
2026-02-01,PHC003,M007,Iron Tablets,1075,25,254,0,9500
2026-02-02,PHC003,M007,Iron Tablets,1053,20,0,2,9500
2026-02-03,PHC003,M007,Iron Tablets,1032,19,0,2,9500
2026-02-04,PHC003,M007,Iron Tablets,1002,29,0,1,9500
2026-02-05,PHC003,M007,Iron Tablets,979,21,0,2,9500
2026-02-06,PHC003,M007,Iron Tablets,958,21,0,0,9500
2026-02-07,PHC003,M007,Iron Tablets,940,16,0,2,9500
2026-02-08,PHC003,M007,Iron Tablets,929,11,0,0,9500
2026-02-09,PHC003,M007,Iron Tablets,911,17,0,1,9500
2026-02-10,PHC003,M007,Iron Tablets,883,27,0,1,9500
2026-02-11,PHC003,M007,Iron Tablets,864,19,0,0,9500
2026-02-12,PHC003,M007,Iron Tablets,845,19,0,0,9500
2026-02-13,PHC003,M007,Iron Tablets,833,12,0,0,9500
2026-02-14,PHC003,M007,Iron Tablets,812,19,0,2,9500
2026-02-15,PHC003,M007,Iron Tablets,1104,19,311,0,9500
2026-02-16,PHC003,M007,Iron Tablets,1081,21,0,2,9500
2026-02-17,PHC003,M007,Iron Tablets,1067,14,0,0,9500
2026-02-18,PHC003,M007,Iron Tablets,1042,25,0,0,9500
2026-02-19,PHC003,M007,Iron Tablets,1019,21,0,2,9500
2026-02-20,PHC003,M007,Iron Tablets,999,19,0,1,9500
2026-02-21,PHC003,M007,Iron Tablets,986,12,0,1,9500
2026-02-22,PHC003,M007,Iron Tablets,970,15,0,1,9500
2026-02-23,PHC003,M007,Iron Tablets,955,14,0,1,9500
2026-02-24,PHC003,M007,Iron Tablets,938,15,0,2,9500
2026-02-25,PHC003,M007,Iron Tablets,926,12,0,0,9500
2026-02-26,PHC003,M007,Iron Tablets,909,14,0,3,9500
2026-02-27,PHC003,M007,Iron Tablets,885,24,0,0,9500
2026-02-28,PHC003,M007,Iron Tablets,875,9,0,1,9500
2026-03-01,PHC003,M007,Iron Tablets,1087,13,226,1,9500
2026-03-02,PHC003,M007,Iron Tablets,1064,21,0,2,9500
2026-03-03,PHC003,M007,Iron Tablets,1049,15,0,0,9500
2026-03-04,PHC003,M007,Iron Tablets,1035,12,0,2,9500
2026-03-05,PHC003,M007,Iron Tablets,1016,18,0,1,9500
2026-03-06,PHC003,M007,Iron Tablets,1000,16,0,0,9500
2026-03-07,PHC003,M007,Iron Tablets,982,18,0,0,9500
2026-03-08,PHC003,M007,Iron Tablets,960,21,0,1,9500
2026-03-09,PHC003,M007,Iron Tablets,943,16,0,1,9500
2026-03-10,PHC003,M007,Iron Tablets,924,19,0,0,9500
2026-03-11,PHC003,M007,Iron Tablets,907,13,0,4,9500
2026-03-12,PHC003,M007,Iron Tablets,891,16,0,0,9500
2026-03-13,PHC003,M007,Iron Tablets,881,10,0,0,9500
2026-03-14,PHC003,M007,Iron Tablets,865,16,0,0,9500
2026-03-15,PHC003,M007,Iron Tablets,1029,13,177,0,9500
2026-03-16,PHC003,M007,Iron Tablets,1017,12,0,0,9500
2026-03-17,PHC003,M007,Iron Tablets,994,21,0,2,9500
2026-03-18,PHC003,M007,Iron Tablets,974,18,0,2,9500
2026-03-19,PHC003,M007,Iron Tablets,922,51,0,1,9500
2026-03-20,PHC003,M007,Iron Tablets,900,22,0,0,9500
2026-03-21,PHC003,M007,Iron Tablets,881,19,0,0,9500
2026-03-22,PHC003,M007,Iron Tablets,867,14,0,0,9500
2026-03-23,PHC003,M007,Iron Tablets,844,21,0,2,9500
2026-03-24,PHC003,M007,Iron Tablets,821,23,0,0,9500
2026-03-25,PHC003,M007,Iron Tablets,809,11,0,1,9500
2026-03-26,PHC003,M007,Iron Tablets,792,17,0,0,9500
2026-03-27,PHC003,M007,Iron Tablets,777,14,0,1,9500
2026-03-28,PHC003,M007,Iron Tablets,757,20,0,0,9500
2026-03-29,PHC003,M007,Iron Tablets,738,19,0,0,9500
2026-03-30,PHC003,M007,Iron Tablets,717,21,0,0,9500
2026-03-31,PHC003,M007,Iron Tablets,690,25,0,2,9500
2026-04-01,PHC003,M007,Iron Tablets,1099,22,431,0,9500
2026-04-02,PHC003,M007,Iron Tablets,1077,21,0,1,9500
2026-04-03,PHC003,M007,Iron Tablets,1047,29,0,1,9500
2026-04-04,PHC003,M007,Iron Tablets,1019,27,0,1,9500
2026-04-05,PHC003,M007,Iron Tablets,999,20,0,0,9500
2026-04-06,PHC003,M007,Iron Tablets,975,23,0,1,9500
2026-04-07,PHC003,M007,Iron Tablets,958,17,0,0,9500
2026-04-08,PHC003,M007,Iron Tablets,937,21,0,0,9500
2026-04-09,PHC003,M007,Iron Tablets,923,14,0,0,9500
2026-04-10,PHC003,M007,Iron Tablets,901,21,0,1,9500
2026-04-11,PHC003,M007,Iron Tablets,879,22,0,0,9500
2026-04-12,PHC003,M007,Iron Tablets,862,16,0,1,9500
2026-04-13,PHC003,M007,Iron Tablets,848,14,0,0,9500
2026-04-14,PHC003,M007,Iron Tablets,827,21,0,0,9500
2026-04-15,PHC003,M007,Iron Tablets,1304,30,507,0,9500
2026-04-16,PHC003,M007,Iron Tablets,1275,26,0,3,9500
2026-04-17,PHC003,M007,Iron Tablets,1254,21,0,0,9500
2026-04-18,PHC003,M007,Iron Tablets,1237,15,0,2,9500
2026-04-19,PHC003,M007,Iron Tablets,1206,30,0,1,9500
2026-04-20,PHC003,M007,Iron Tablets,1184,22,0,0,9500
2026-04-21,PHC003,M007,Iron Tablets,1162,22,0,0,9500
2026-04-22,PHC003,M007,Iron Tablets,1139,21,0,2,9500
2026-04-23,PHC003,M007,Iron Tablets,1116,22,0,1,9500
2026-04-24,PHC003,M007,Iron Tablets,1093,23,0,0,9500
2026-04-25,PHC003,M007,Iron Tablets,1076,17,0,0,9500
2026-04-26,PHC003,M007,Iron Tablets,1049,25,0,2,9500
2026-04-27,PHC003,M007,Iron Tablets,1023,22,0,4,9500
2026-04-28,PHC003,M007,Iron Tablets,1006,17,0,0,9500
2026-04-29,PHC003,M007,Iron Tablets,989,17,0,0,9500
2026-04-30,PHC003,M007,Iron Tablets,968,21,0,0,9500
2026-05-01,PHC003,M007,Iron Tablets,1413,27,474,2,9500
2026-05-02,PHC003,M007,Iron Tablets,1397,14,0,2,9500
2026-05-03,PHC003,M007,Iron Tablets,1383,14,0,0,9500
2026-05-04,PHC003,M007,Iron Tablets,1360,23,0,0,9500
2026-05-05,PHC003,M007,Iron Tablets,1337,22,0,1,9500
2026-05-06,PHC003,M007,Iron Tablets,1315,20,0,2,9500
2026-05-07,PHC003,M007,Iron Tablets,1293,22,0,0,9500
2026-05-08,PHC003,M007,Iron Tablets,1271,21,0,1,9500
2026-05-09,PHC003,M007,Iron Tablets,1251,20,0,0,9500
2026-05-10,PHC003,M007,Iron Tablets,1228,20,0,3,9500
2026-05-11,PHC003,M007,Iron Tablets,1213,14,0,1,9500
2026-05-12,PHC003,M007,Iron Tablets,1189,23,0,1,9500
2026-05-13,PHC003,M007,Iron Tablets,1156,32,0,1,9500
2026-05-14,PHC003,M007,Iron Tablets,1142,14,0,0,9500
2026-05-15,PHC003,M007,Iron Tablets,1760,43,662,1,9500
2026-05-16,PHC003,M007,Iron Tablets,1749,10,0,1,9500
2026-05-17,PHC003,M007,Iron Tablets,1730,18,0,1,9500
2026-05-18,PHC003,M007,Iron Tablets,1712,18,0,0,9500
2026-05-19,PHC003,M007,Iron Tablets,1688,22,0,2,9500
2026-05-20,PHC003,M007,Iron Tablets,1664,23,0,1,9500
2026-05-21,PHC003,M007,Iron Tablets,1639,22,0,3,9500
2026-05-22,PHC003,M007,Iron Tablets,1621,18,0,0,9500
2026-05-23,PHC003,M007,Iron Tablets,1606,14,0,1,9500
2026-05-24,PHC003,M007,Iron Tablets,1582,22,0,2,9500
2026-05-25,PHC003,M007,Iron Tablets,1556,26,0,0,9500
2026-05-26,PHC003,M007,Iron Tablets,1541,14,0,1,9500
2026-05-27,PHC003,M007,Iron Tablets,1518,22,0,1,9500
2026-05-28,PHC003,M007,Iron Tablets,1496,20,0,2,9500
2026-05-29,PHC003,M007,Iron Tablets,1478,17,0,1,9500
2026-05-30,PHC003,M007,Iron Tablets,1461,17,0,0,9500
2026-05-31,PHC003,M007,Iron Tablets,1441,19,0,1,9500
2026-06-01,PHC003,M007,Iron Tablets,1877,26,463,1,9500
2026-06-02,PHC003,M007,Iron Tablets,1859,16,0,2,9500
2026-06-03,PHC003,M007,Iron Tablets,1844,13,0,2,9500
2026-06-04,PHC003,M007,Iron Tablets,1825,18,0,1,9500
2026-06-05,PHC003,M007,Iron Tablets,1810,13,0,2,9500
2026-06-06,PHC003,M007,Iron Tablets,1796,14,0,0,9500
2026-06-07,PHC003,M007,Iron Tablets,1775,21,0,0,9500
2026-06-08,PHC003,M007,Iron Tablets,1756,18,0,1,9500
2026-06-09,PHC003,M007,Iron Tablets,1742,12,0,2,9500
2026-06-10,PHC003,M007,Iron Tablets,1719,22,0,1,9500
2026-06-11,PHC003,M007,Iron Tablets,1701,18,0,0,9500
2026-06-12,PHC003,M007,Iron Tablets,1683,15,0,3,9500
2026-06-13,PHC003,M007,Iron Tablets,1664,19,0,0,9500
2026-06-14,PHC003,M007,Iron Tablets,1643,21,0,0,9500
2026-06-15,PHC003,M007,Iron Tablets,1865,18,243,3,9500
2026-06-16,PHC003,M007,Iron Tablets,1844,18,0,3,9500
2026-06-17,PHC003,M007,Iron Tablets,1825,19,0,0,9500
2026-06-18,PHC003,M007,Iron Tablets,1799,24,0,2,9500
2026-06-19,PHC003,M007,Iron Tablets,1776,21,0,2,9500
2026-06-20,PHC003,M007,Iron Tablets,1751,23,0,2,9500
2026-06-21,PHC003,M007,Iron Tablets,1731,19,0,1,9500
2026-06-22,PHC003,M007,Iron Tablets,1714,16,0,1,9500
2026-06-23,PHC003,M007,Iron Tablets,1700,14,0,0,9500
2026-06-24,PHC003,M007,Iron Tablets,1679,20,0,1,9500
2026-06-25,PHC003,M007,Iron Tablets,1661,17,0,1,9500
2026-06-26,PHC003,M007,Iron Tablets,1635,23,0,3,9500
2026-06-27,PHC003,M007,Iron Tablets,1612,20,0,3,9500
2026-06-28,PHC003,M007,Iron Tablets,1587,24,0,1,9500
2026-06-29,PHC003,M007,Iron Tablets,1569,16,0,2,9500
2026-06-30,PHC003,M007,Iron Tablets,1549,19,0,1,9500
2026-01-01,PHC003,M008,Antacid,926,24,411,0,9500
2026-01-02,PHC003,M008,Antacid,907,19,0,0,9500
2026-01-03,PHC003,M008,Antacid,896,10,0,1,9500
2026-01-04,PHC003,M008,Antacid,884,11,0,1,9500
2026-01-05,PHC003,M008,Antacid,859,25,0,0,9500
2026-01-06,PHC003,M008,Antacid,837,22,0,0,9500
2026-01-07,PHC003,M008,Antacid,814,23,0,0,9500
2026-01-08,PHC003,M008,Antacid,796,18,0,0,9500
2026-01-09,PHC003,M008,Antacid,780,15,0,1,9500
2026-01-10,PHC003,M008,Antacid,761,19,0,0,9500
2026-01-11,PHC003,M008,Antacid,743,17,0,1,9500
2026-01-12,PHC003,M008,Antacid,725,17,0,1,9500
2026-01-13,PHC003,M008,Antacid,705,19,0,1,9500
2026-01-14,PHC003,M008,Antacid,688,15,0,2,9500
2026-01-15,PHC003,M008,Antacid,1023,24,359,0,9500
2026-01-16,PHC003,M008,Antacid,997,25,0,1,9500
2026-01-17,PHC003,M008,Antacid,974,21,0,2,9500
2026-01-18,PHC003,M008,Antacid,953,21,0,0,9500
2026-01-19,PHC003,M008,Antacid,933,19,0,1,9500
2026-01-20,PHC003,M008,Antacid,916,16,0,1,9500
2026-01-21,PHC003,M008,Antacid,892,22,0,2,9500
2026-01-22,PHC003,M008,Antacid,864,26,0,2,9500
2026-01-23,PHC003,M008,Antacid,840,22,0,2,9500
2026-01-24,PHC003,M008,Antacid,818,21,0,1,9500
2026-01-25,PHC003,M008,Antacid,798,20,0,0,9500
2026-01-26,PHC003,M008,Antacid,775,23,0,0,9500
2026-01-27,PHC003,M008,Antacid,748,26,0,1,9500
2026-01-28,PHC003,M008,Antacid,725,21,0,2,9500
2026-01-29,PHC003,M008,Antacid,706,19,0,0,9500
2026-01-30,PHC003,M008,Antacid,683,23,0,0,9500
2026-01-31,PHC003,M008,Antacid,663,19,0,1,9500
2026-02-01,PHC003,M008,Antacid,1125,25,488,1,9500
2026-02-02,PHC003,M008,Antacid,1107,17,0,1,9500
2026-02-03,PHC003,M008,Antacid,1080,26,0,1,9500
2026-02-04,PHC003,M008,Antacid,1065,14,0,1,9500
2026-02-05,PHC003,M008,Antacid,1050,14,0,1,9500
2026-02-06,PHC003,M008,Antacid,1002,47,0,1,9500
2026-02-07,PHC003,M008,Antacid,972,29,0,1,9500
2026-02-08,PHC003,M008,Antacid,948,22,0,2,9500
2026-02-09,PHC003,M008,Antacid,917,31,0,0,9500
2026-02-10,PHC003,M008,Antacid,907,10,0,0,9500
2026-02-11,PHC003,M008,Antacid,892,15,0,0,9500
2026-02-12,PHC003,M008,Antacid,872,20,0,0,9500
2026-02-13,PHC003,M008,Antacid,847,23,0,2,9500
2026-02-14,PHC003,M008,Antacid,825,22,0,0,9500
2026-02-15,PHC003,M008,Antacid,1072,21,268,0,9500
2026-02-16,PHC003,M008,Antacid,1051,20,0,1,9500
2026-02-17,PHC003,M008,Antacid,1022,26,0,3,9500
2026-02-18,PHC003,M008,Antacid,1005,16,0,1,9500
2026-02-19,PHC003,M008,Antacid,983,21,0,1,9500
2026-02-20,PHC003,M008,Antacid,962,20,0,1,9500
2026-02-21,PHC003,M008,Antacid,948,14,0,0,9500
2026-02-22,PHC003,M008,Antacid,927,18,0,3,9500
2026-02-23,PHC003,M008,Antacid,906,20,0,1,9500
2026-02-24,PHC003,M008,Antacid,891,13,0,2,9500
2026-02-25,PHC003,M008,Antacid,870,21,0,0,9500
2026-02-26,PHC003,M008,Antacid,846,23,0,1,9500
2026-02-27,PHC003,M008,Antacid,823,22,0,1,9500
2026-02-28,PHC003,M008,Antacid,803,19,0,1,9500
2026-03-01,PHC003,M008,Antacid,961,14,174,2,9500
2026-03-02,PHC003,M008,Antacid,941,19,0,1,9500
2026-03-03,PHC003,M008,Antacid,921,20,0,0,9500
2026-03-04,PHC003,M008,Antacid,895,26,0,0,9500
2026-03-05,PHC003,M008,Antacid,872,23,0,0,9500
2026-03-06,PHC003,M008,Antacid,848,24,0,0,9500
2026-03-07,PHC003,M008,Antacid,833,15,0,0,9500
2026-03-08,PHC003,M008,Antacid,816,17,0,0,9500
2026-03-09,PHC003,M008,Antacid,804,11,0,1,9500
2026-03-10,PHC003,M008,Antacid,778,25,0,1,9500
2026-03-11,PHC003,M008,Antacid,764,13,0,1,9500
2026-03-12,PHC003,M008,Antacid,752,12,0,0,9500
2026-03-13,PHC003,M008,Antacid,732,20,0,0,9500
2026-03-14,PHC003,M008,Antacid,704,27,0,1,9500
2026-03-15,PHC003,M008,Antacid,949,20,267,2,9500
2026-03-16,PHC003,M008,Antacid,929,19,0,1,9500
2026-03-17,PHC003,M008,Antacid,909,20,0,0,9500
2026-03-18,PHC003,M008,Antacid,892,16,0,1,9500
2026-03-19,PHC003,M008,Antacid,874,15,0,3,9500
2026-03-20,PHC003,M008,Antacid,851,23,0,0,9500
2026-03-21,PHC003,M008,Antacid,830,19,0,2,9500
2026-03-22,PHC003,M008,Antacid,808,21,0,1,9500
2026-03-23,PHC003,M008,Antacid,788,18,0,2,9500
2026-03-24,PHC003,M008,Antacid,766,21,0,1,9500
2026-03-25,PHC003,M008,Antacid,747,18,0,1,9500
2026-03-26,PHC003,M008,Antacid,725,22,0,0,9500
2026-03-27,PHC003,M008,Antacid,700,24,0,1,9500
2026-03-28,PHC003,M008,Antacid,682,17,0,1,9500
2026-03-29,PHC003,M008,Antacid,663,19,0,0,9500
2026-03-30,PHC003,M008,Antacid,630,32,0,1,9500
2026-03-31,PHC003,M008,Antacid,600,28,0,2,9500
2026-04-01,PHC003,M008,Antacid,1035,29,465,1,9500
2026-04-02,PHC003,M008,Antacid,1015,18,0,2,9500
2026-04-03,PHC003,M008,Antacid,975,37,0,3,9500
2026-04-04,PHC003,M008,Antacid,955,20,0,0,9500
2026-04-05,PHC003,M008,Antacid,934,21,0,0,9500
2026-04-06,PHC003,M008,Antacid,910,24,0,0,9500
2026-04-07,PHC003,M008,Antacid,882,26,0,2,9500
2026-04-08,PHC003,M008,Antacid,855,27,0,0,9500
2026-04-09,PHC003,M008,Antacid,831,23,0,1,9500
2026-04-10,PHC003,M008,Antacid,807,23,0,1,9500
2026-04-11,PHC003,M008,Antacid,784,22,0,1,9500
2026-04-12,PHC003,M008,Antacid,771,13,0,0,9500
2026-04-13,PHC003,M008,Antacid,752,18,0,1,9500
2026-04-14,PHC003,M008,Antacid,743,9,0,0,9500
2026-04-15,PHC003,M008,Antacid,1160,22,439,0,9500
2026-04-16,PHC003,M008,Antacid,1131,29,0,0,9500
2026-04-17,PHC003,M008,Antacid,1105,26,0,0,9500
2026-04-18,PHC003,M008,Antacid,1087,18,0,0,9500
2026-04-19,PHC003,M008,Antacid,1067,20,0,0,9500
2026-04-20,PHC003,M008,Antacid,1042,20,0,5,9500
2026-04-21,PHC003,M008,Antacid,1020,20,0,2,9500
2026-04-22,PHC003,M008,Antacid,997,22,0,1,9500
2026-04-23,PHC003,M008,Antacid,981,14,0,2,9500
2026-04-24,PHC003,M008,Antacid,960,19,0,2,9500
2026-04-25,PHC003,M008,Antacid,937,23,0,0,9500
2026-04-26,PHC003,M008,Antacid,906,30,0,1,9500
2026-04-27,PHC003,M008,Antacid,881,25,0,0,9500
2026-04-28,PHC003,M008,Antacid,858,20,0,3,9500
2026-04-29,PHC003,M008,Antacid,835,22,0,1,9500
2026-04-30,PHC003,M008,Antacid,814,21,0,0,9500
2026-05-01,PHC003,M008,Antacid,1112,19,317,0,9500
2026-05-02,PHC003,M008,Antacid,1090,22,0,0,9500
2026-05-03,PHC003,M008,Antacid,1067,23,0,0,9500
2026-05-04,PHC003,M008,Antacid,1045,20,0,2,9500
2026-05-05,PHC003,M008,Antacid,1023,22,0,0,9500
2026-05-06,PHC003,M008,Antacid,992,31,0,0,9500
2026-05-07,PHC003,M008,Antacid,976,16,0,0,9500
2026-05-08,PHC003,M008,Antacid,950,25,0,1,9500
2026-05-09,PHC003,M008,Antacid,924,24,0,2,9500
2026-05-10,PHC003,M008,Antacid,901,23,0,0,9500
2026-05-11,PHC003,M008,Antacid,880,21,0,0,9500
2026-05-12,PHC003,M008,Antacid,856,24,0,0,9500
2026-05-13,PHC003,M008,Antacid,831,24,0,1,9500
2026-05-14,PHC003,M008,Antacid,815,16,0,0,9500
2026-05-15,PHC003,M008,Antacid,1141,19,345,0,9500
2026-05-16,PHC003,M008,Antacid,1066,75,0,0,9500
2026-05-17,PHC003,M008,Antacid,1050,14,0,2,9500
2026-05-18,PHC003,M008,Antacid,1016,32,0,2,9500
2026-05-19,PHC003,M008,Antacid,997,18,0,1,9500
2026-05-20,PHC003,M008,Antacid,974,22,0,1,9500
2026-05-21,PHC003,M008,Antacid,949,22,0,3,9500
2026-05-22,PHC003,M008,Antacid,925,22,0,2,9500
2026-05-23,PHC003,M008,Antacid,906,18,0,1,9500
2026-05-24,PHC003,M008,Antacid,892,13,0,1,9500
2026-05-25,PHC003,M008,Antacid,870,21,0,1,9500
2026-05-26,PHC003,M008,Antacid,852,18,0,0,9500
2026-05-27,PHC003,M008,Antacid,829,22,0,1,9500
2026-05-28,PHC003,M008,Antacid,807,20,0,2,9500
2026-05-29,PHC003,M008,Antacid,790,17,0,0,9500
2026-05-30,PHC003,M008,Antacid,775,14,0,1,9500
2026-05-31,PHC003,M008,Antacid,759,16,0,0,9500
2026-06-01,PHC003,M008,Antacid,1038,24,303,0,9500
2026-06-02,PHC003,M008,Antacid,1020,17,0,1,9500
2026-06-03,PHC003,M008,Antacid,1007,13,0,0,9500
2026-06-04,PHC003,M008,Antacid,983,24,0,0,9500
2026-06-05,PHC003,M008,Antacid,962,20,0,1,9500
2026-06-06,PHC003,M008,Antacid,941,20,0,1,9500
2026-06-07,PHC003,M008,Antacid,926,14,0,1,9500
2026-06-08,PHC003,M008,Antacid,906,20,0,0,9500
2026-06-09,PHC003,M008,Antacid,888,16,0,2,9500
2026-06-10,PHC003,M008,Antacid,860,27,0,1,9500
2026-06-11,PHC003,M008,Antacid,844,16,0,0,9500
2026-06-12,PHC003,M008,Antacid,825,17,0,2,9500
2026-06-13,PHC003,M008,Antacid,803,21,0,1,9500
2026-06-14,PHC003,M008,Antacid,776,27,0,0,9500
2026-06-15,PHC003,M008,Antacid,1235,30,490,1,9500
2026-06-16,PHC003,M008,Antacid,1212,22,0,1,9500
2026-06-17,PHC003,M008,Antacid,1186,25,0,1,9500
2026-06-18,PHC003,M008,Antacid,1168,16,0,2,9500
2026-06-19,PHC003,M008,Antacid,1146,20,0,2,9500
2026-06-20,PHC003,M008,Antacid,1123,21,0,2,9500
2026-06-21,PHC003,M008,Antacid,1104,16,0,3,9500
2026-06-22,PHC003,M008,Antacid,1082,22,0,0,9500
2026-06-23,PHC003,M008,Antacid,1064,18,0,0,9500
2026-06-24,PHC003,M008,Antacid,1050,14,0,0,9500
2026-06-25,PHC003,M008,Antacid,1033,15,0,2,9500
2026-06-26,PHC003,M008,Antacid,1011,21,0,1,9500
2026-06-27,PHC003,M008,Antacid,989,22,0,0,9500
2026-06-28,PHC003,M008,Antacid,968,20,0,1,9500
2026-06-29,PHC003,M008,Antacid,949,19,0,0,9500
2026-06-30,PHC003,M008,Antacid,922,27,0,0,9500
2026-01-01,PHC004,M001,Paracetamol,3129,129,2362,1,22000
2026-01-02,PHC004,M001,Paracetamol,3010,113,0,6,22000
2026-01-03,PHC004,M001,Paracetamol,2911,93,0,6,22000
2026-01-04,PHC004,M001,Paracetamol,2800,109,0,2,22000
2026-01-05,PHC004,M001,Paracetamol,2700,97,0,3,22000
2026-01-06,PHC004,M001,Paracetamol,2578,118,0,4,22000
2026-01-07,PHC004,M001,Paracetamol,2447,125,0,6,22000
2026-01-08,PHC004,M001,Paracetamol,2348,95,0,4,22000
2026-01-09,PHC004,M001,Paracetamol,2222,122,0,4,22000
2026-01-10,PHC004,M001,Paracetamol,2115,107,0,0,22000
2026-01-11,PHC004,M001,Paracetamol,1989,123,0,3,22000
2026-01-12,PHC004,M001,Paracetamol,1853,135,0,1,22000
2026-01-13,PHC004,M001,Paracetamol,1727,125,0,1,22000
2026-01-14,PHC004,M001,Paracetamol,1619,107,0,1,22000
2026-01-15,PHC004,M001,Paracetamol,3539,124,2045,1,22000
2026-01-16,PHC004,M001,Paracetamol,3417,121,0,1,22000
2026-01-17,PHC004,M001,Paracetamol,3279,134,0,4,22000
2026-01-18,PHC004,M001,Paracetamol,3144,127,0,8,22000
2026-01-19,PHC004,M001,Paracetamol,3049,93,0,2,22000
2026-01-20,PHC004,M001,Paracetamol,2923,126,0,0,22000
2026-01-21,PHC004,M001,Paracetamol,2801,120,0,2,22000
2026-01-22,PHC004,M001,Paracetamol,2677,121,0,3,22000
2026-01-23,PHC004,M001,Paracetamol,2540,137,0,0,22000
2026-01-24,PHC004,M001,Paracetamol,2403,136,0,1,22000
2026-01-25,PHC004,M001,Paracetamol,2273,128,0,2,22000
2026-01-26,PHC004,M001,Paracetamol,2140,131,0,2,22000
2026-01-27,PHC004,M001,Paracetamol,2020,119,0,1,22000
2026-01-28,PHC004,M001,Paracetamol,1883,137,0,0,22000
2026-01-29,PHC004,M001,Paracetamol,1766,117,0,0,22000
2026-01-30,PHC004,M001,Paracetamol,1657,107,0,2,22000
2026-01-31,PHC004,M001,Paracetamol,1525,132,0,0,22000
2026-02-01,PHC004,M001,Paracetamol,5147,268,3891,1,22000
2026-02-02,PHC004,M001,Paracetamol,5027,119,0,1,22000
2026-02-03,PHC004,M001,Paracetamol,4904,114,0,9,22000
2026-02-04,PHC004,M001,Paracetamol,4794,109,0,1,22000
2026-02-05,PHC004,M001,Paracetamol,4667,125,0,2,22000
2026-02-06,PHC004,M001,Paracetamol,4514,150,0,3,22000
2026-02-07,PHC004,M001,Paracetamol,4389,125,0,0,22000
2026-02-08,PHC004,M001,Paracetamol,4283,104,0,2,22000
2026-02-09,PHC004,M001,Paracetamol,4175,100,0,8,22000
2026-02-10,PHC004,M001,Paracetamol,4064,108,0,3,22000
2026-02-11,PHC004,M001,Paracetamol,3951,113,0,0,22000
2026-02-12,PHC004,M001,Paracetamol,3819,129,0,3,22000
2026-02-13,PHC004,M001,Paracetamol,3700,118,0,1,22000
2026-02-14,PHC004,M001,Paracetamol,3590,108,0,2,22000
2026-02-15,PHC004,M001,Paracetamol,4606,102,1122,4,22000
2026-02-16,PHC004,M001,Paracetamol,4483,121,0,2,22000
2026-02-17,PHC004,M001,Paracetamol,4372,111,0,0,22000
2026-02-18,PHC004,M001,Paracetamol,4257,110,0,5,22000
2026-02-19,PHC004,M001,Paracetamol,4140,111,0,6,22000
2026-02-20,PHC004,M001,Paracetamol,4030,105,0,5,22000
2026-02-21,PHC004,M001,Paracetamol,3914,112,0,4,22000
2026-02-22,PHC004,M001,Paracetamol,3814,99,0,1,22000
2026-02-23,PHC004,M001,Paracetamol,3709,101,0,4,22000
2026-02-24,PHC004,M001,Paracetamol,3632,75,0,2,22000
2026-02-25,PHC004,M001,Paracetamol,3520,107,0,5,22000
2026-02-26,PHC004,M001,Paracetamol,3409,107,0,4,22000
2026-02-27,PHC004,M001,Paracetamol,3315,89,0,5,22000
2026-02-28,PHC004,M001,Paracetamol,3226,87,0,2,22000
2026-03-01,PHC004,M001,Paracetamol,4901,106,1784,3,22000
2026-03-02,PHC004,M001,Paracetamol,4795,103,0,3,22000
2026-03-03,PHC004,M001,Paracetamol,4711,81,0,3,22000
2026-03-04,PHC004,M001,Paracetamol,4591,112,0,8,22000
2026-03-05,PHC004,M001,Paracetamol,4484,101,0,6,22000
2026-03-06,PHC004,M001,Paracetamol,4374,105,0,5,22000
2026-03-07,PHC004,M001,Paracetamol,4267,106,0,1,22000
2026-03-08,PHC004,M001,Paracetamol,4153,108,0,6,22000
2026-03-09,PHC004,M001,Paracetamol,4041,110,0,2,22000
2026-03-10,PHC004,M001,Paracetamol,3940,97,0,4,22000
2026-03-11,PHC004,M001,Paracetamol,3834,103,0,3,22000
2026-03-12,PHC004,M001,Paracetamol,3732,101,0,1,22000
2026-03-13,PHC004,M001,Paracetamol,3627,104,0,1,22000
2026-03-14,PHC004,M001,Paracetamol,3522,102,0,3,22000
2026-03-15,PHC004,M001,Paracetamol,4597,119,1198,4,22000
2026-03-16,PHC004,M001,Paracetamol,4492,100,0,5,22000
2026-03-17,PHC004,M001,Paracetamol,4400,88,0,4,22000
2026-03-18,PHC004,M001,Paracetamol,4274,125,0,1,22000
2026-03-19,PHC004,M001,Paracetamol,4175,99,0,0,22000
2026-03-20,PHC004,M001,Paracetamol,4078,95,0,2,22000
2026-03-21,PHC004,M001,Paracetamol,3982,95,0,1,22000
2026-03-22,PHC004,M001,Paracetamol,3871,107,0,4,22000
2026-03-23,PHC004,M001,Paracetamol,3765,102,0,4,22000
2026-03-24,PHC004,M001,Paracetamol,3658,105,0,2,22000
2026-03-25,PHC004,M001,Paracetamol,3565,91,0,2,22000
2026-03-26,PHC004,M001,Paracetamol,3445,116,0,4,22000
2026-03-27,PHC004,M001,Paracetamol,3327,113,0,5,22000
2026-03-28,PHC004,M001,Paracetamol,3223,102,0,2,22000
2026-03-29,PHC004,M001,Paracetamol,3109,109,0,5,22000
2026-03-30,PHC004,M001,Paracetamol,2991,117,0,1,22000
2026-03-31,PHC004,M001,Paracetamol,2857,129,0,5,22000
2026-04-01,PHC004,M001,Paracetamol,5010,127,2284,4,22000
2026-04-02,PHC004,M001,Paracetamol,4907,100,0,3,22000
2026-04-03,PHC004,M001,Paracetamol,4803,102,0,2,22000
2026-04-04,PHC004,M001,Paracetamol,4676,122,0,5,22000
2026-04-05,PHC004,M001,Paracetamol,4534,136,0,6,22000
2026-04-06,PHC004,M001,Paracetamol,4419,112,0,3,22000
2026-04-07,PHC004,M001,Paracetamol,4301,117,0,1,22000
2026-04-08,PHC004,M001,Paracetamol,4184,115,0,2,22000
2026-04-09,PHC004,M001,Paracetamol,4038,141,0,5,22000
2026-04-10,PHC004,M001,Paracetamol,3926,109,0,3,22000
2026-04-11,PHC004,M001,Paracetamol,3792,131,0,3,22000
2026-04-12,PHC004,M001,Paracetamol,3656,132,0,4,22000
2026-04-13,PHC004,M001,Paracetamol,3523,129,0,4,22000
2026-04-14,PHC004,M001,Paracetamol,3404,113,0,6,22000
2026-04-15,PHC004,M001,Paracetamol,5610,155,2365,4,22000
2026-04-16,PHC004,M001,Paracetamol,5484,115,0,11,22000
2026-04-17,PHC004,M001,Paracetamol,5365,114,0,5,22000
2026-04-18,PHC004,M001,Paracetamol,5259,99,0,7,22000
2026-04-19,PHC004,M001,Paracetamol,5123,133,0,3,22000
2026-04-20,PHC004,M001,Paracetamol,4989,129,0,5,22000
2026-04-21,PHC004,M001,Paracetamol,4853,134,0,2,22000
2026-04-22,PHC004,M001,Paracetamol,4705,142,0,6,22000
2026-04-23,PHC004,M001,Paracetamol,4564,135,0,6,22000
2026-04-24,PHC004,M001,Paracetamol,4425,135,0,4,22000
2026-04-25,PHC004,M001,Paracetamol,4280,145,0,0,22000
2026-04-26,PHC004,M001,Paracetamol,4131,146,0,3,22000
2026-04-27,PHC004,M001,Paracetamol,4009,120,0,2,22000
2026-04-28,PHC004,M001,Paracetamol,3862,144,0,3,22000
2026-04-29,PHC004,M001,Paracetamol,3749,109,0,4,22000
2026-04-30,PHC004,M001,Paracetamol,3596,148,0,5,22000
2026-05-01,PHC004,M001,Paracetamol,5424,139,1968,1,22000
2026-05-02,PHC004,M001,Paracetamol,5280,136,0,8,22000
2026-05-03,PHC004,M001,Paracetamol,5125,147,0,8,22000
2026-05-04,PHC004,M001,Paracetamol,4989,133,0,3,22000
2026-05-05,PHC004,M001,Paracetamol,4862,121,0,6,22000
2026-05-06,PHC004,M001,Paracetamol,4744,116,0,2,22000
2026-05-07,PHC004,M001,Paracetamol,4614,128,0,2,22000
2026-05-08,PHC004,M001,Paracetamol,4473,133,0,8,22000
2026-05-09,PHC004,M001,Paracetamol,4364,104,0,5,22000
2026-05-10,PHC004,M001,Paracetamol,4228,131,0,5,22000
2026-05-11,PHC004,M001,Paracetamol,3883,343,0,2,22000
2026-05-12,PHC004,M001,Paracetamol,3742,135,0,6,22000
2026-05-13,PHC004,M001,Paracetamol,3599,141,0,2,22000
2026-05-14,PHC004,M001,Paracetamol,3480,119,0,0,22000
2026-05-15,PHC004,M001,Paracetamol,4957,121,1600,2,22000
2026-05-16,PHC004,M001,Paracetamol,4838,118,0,1,22000
2026-05-17,PHC004,M001,Paracetamol,4739,94,0,5,22000
2026-05-18,PHC004,M001,Paracetamol,4635,100,0,4,22000
2026-05-19,PHC004,M001,Paracetamol,4533,98,0,4,22000
2026-05-20,PHC004,M001,Paracetamol,4426,102,0,5,22000
2026-05-21,PHC004,M001,Paracetamol,4303,118,0,5,22000
2026-05-22,PHC004,M001,Paracetamol,4175,124,0,4,22000
2026-05-23,PHC004,M001,Paracetamol,4058,116,0,1,22000
2026-05-24,PHC004,M001,Paracetamol,3948,110,0,0,22000
2026-05-25,PHC004,M001,Paracetamol,3842,104,0,2,22000
2026-05-26,PHC004,M001,Paracetamol,3745,96,0,1,22000
2026-05-27,PHC004,M001,Paracetamol,3627,115,0,3,22000
2026-05-28,PHC004,M001,Paracetamol,3542,83,0,2,22000
2026-05-29,PHC004,M001,Paracetamol,3433,106,0,3,22000
2026-05-30,PHC004,M001,Paracetamol,3311,117,0,5,22000
2026-05-31,PHC004,M001,Paracetamol,3202,107,0,2,22000
2026-06-01,PHC004,M001,Paracetamol,4495,110,1405,2,22000
2026-06-02,PHC004,M001,Paracetamol,4391,98,0,6,22000
2026-06-03,PHC004,M001,Paracetamol,4281,106,0,4,22000
2026-06-04,PHC004,M001,Paracetamol,4168,112,0,1,22000
2026-06-05,PHC004,M001,Paracetamol,4037,129,0,2,22000
2026-06-06,PHC004,M001,Paracetamol,3912,123,0,2,22000
2026-06-07,PHC004,M001,Paracetamol,3816,91,0,5,22000
2026-06-08,PHC004,M001,Paracetamol,3704,107,0,5,22000
2026-06-09,PHC004,M001,Paracetamol,3588,115,0,1,22000
2026-06-10,PHC004,M001,Paracetamol,3482,103,0,3,22000
2026-06-11,PHC004,M001,Paracetamol,3374,107,0,1,22000
2026-06-12,PHC004,M001,Paracetamol,3259,113,0,2,22000
2026-06-13,PHC004,M001,Paracetamol,3152,100,0,7,22000
2026-06-14,PHC004,M001,Paracetamol,3012,137,0,3,22000
2026-06-15,PHC004,M001,Paracetamol,4715,114,1820,3,22000
2026-06-16,PHC004,M001,Paracetamol,4596,118,0,1,22000
2026-06-17,PHC004,M001,Paracetamol,4484,105,0,7,22000
2026-06-18,PHC004,M001,Paracetamol,4381,99,0,4,22000
2026-06-19,PHC004,M001,Paracetamol,4260,114,0,7,22000
2026-06-20,PHC004,M001,Paracetamol,4139,117,0,4,22000
2026-06-21,PHC004,M001,Paracetamol,4017,119,0,3,22000
2026-06-22,PHC004,M001,Paracetamol,3893,121,0,3,22000
2026-06-23,PHC004,M001,Paracetamol,3775,115,0,3,22000
2026-06-24,PHC004,M001,Paracetamol,3646,122,0,7,22000
2026-06-25,PHC004,M001,Paracetamol,3524,117,0,5,22000
2026-06-26,PHC004,M001,Paracetamol,3390,131,0,3,22000
2026-06-27,PHC004,M001,Paracetamol,3270,118,0,2,22000
2026-06-28,PHC004,M001,Paracetamol,3161,108,0,1,22000
2026-06-29,PHC004,M001,Paracetamol,3048,111,0,2,22000
2026-06-30,PHC004,M001,Paracetamol,2915,128,0,5,22000
2026-01-01,PHC004,M002,ORS,1736,63,1195,1,22000
2026-01-02,PHC004,M002,ORS,1654,80,0,2,22000
2026-01-03,PHC004,M002,ORS,1595,56,0,3,22000
2026-01-04,PHC004,M002,ORS,1520,73,0,2,22000
2026-01-05,PHC004,M002,ORS,1442,77,0,1,22000
2026-01-06,PHC004,M002,ORS,1365,76,0,1,22000
2026-01-07,PHC004,M002,ORS,1285,78,0,2,22000
2026-01-08,PHC004,M002,ORS,1226,59,0,0,22000
2026-01-09,PHC004,M002,ORS,1146,75,0,5,22000
2026-01-10,PHC004,M002,ORS,1051,91,0,4,22000
2026-01-11,PHC004,M002,ORS,995,54,0,2,22000
2026-01-12,PHC004,M002,ORS,923,67,0,5,22000
2026-01-13,PHC004,M002,ORS,842,81,0,0,22000
2026-01-14,PHC004,M002,ORS,760,82,0,0,22000
2026-01-15,PHC004,M002,ORS,2313,85,1638,0,22000
2026-01-16,PHC004,M002,ORS,2248,65,0,0,22000
2026-01-17,PHC004,M002,ORS,2160,84,0,4,22000
2026-01-18,PHC004,M002,ORS,2060,99,0,1,22000
2026-01-19,PHC004,M002,ORS,1976,82,0,2,22000
2026-01-20,PHC004,M002,ORS,1894,81,0,1,22000
2026-01-21,PHC004,M002,ORS,1804,88,0,2,22000
2026-01-22,PHC004,M002,ORS,1725,79,0,0,22000
2026-01-23,PHC004,M002,ORS,1664,61,0,0,22000
2026-01-24,PHC004,M002,ORS,1598,66,0,0,22000
2026-01-25,PHC004,M002,ORS,1526,71,0,1,22000
2026-01-26,PHC004,M002,ORS,1448,76,0,2,22000
2026-01-27,PHC004,M002,ORS,1375,71,0,2,22000
2026-01-28,PHC004,M002,ORS,1300,74,0,1,22000
2026-01-29,PHC004,M002,ORS,1217,83,0,0,22000
2026-01-30,PHC004,M002,ORS,1127,89,0,1,22000
2026-01-31,PHC004,M002,ORS,1045,81,0,1,22000
2026-02-01,PHC004,M002,ORS,1928,78,963,2,22000
2026-02-02,PHC004,M002,ORS,1839,89,0,0,22000
2026-02-03,PHC004,M002,ORS,1755,83,0,1,22000
2026-02-04,PHC004,M002,ORS,1682,73,0,0,22000
2026-02-05,PHC004,M002,ORS,1470,211,0,1,22000
2026-02-06,PHC004,M002,ORS,1390,79,0,1,22000
2026-02-07,PHC004,M002,ORS,1314,74,0,2,22000
2026-02-08,PHC004,M002,ORS,1237,74,0,3,22000
2026-02-09,PHC004,M002,ORS,1160,76,0,1,22000
2026-02-10,PHC004,M002,ORS,1066,93,0,1,22000
2026-02-11,PHC004,M002,ORS,992,74,0,0,22000
2026-02-12,PHC004,M002,ORS,897,93,0,2,22000
2026-02-13,PHC004,M002,ORS,837,58,0,2,22000
2026-02-14,PHC004,M002,ORS,765,72,0,0,22000
2026-02-15,PHC004,M002,ORS,1795,77,1107,0,22000
2026-02-16,PHC004,M002,ORS,1722,68,0,5,22000
2026-02-17,PHC004,M002,ORS,1643,78,0,1,22000
2026-02-18,PHC004,M002,ORS,1572,69,0,2,22000
2026-02-19,PHC004,M002,ORS,1510,62,0,0,22000
2026-02-20,PHC004,M002,ORS,1429,80,0,1,22000
2026-02-21,PHC004,M002,ORS,1355,72,0,2,22000
2026-02-22,PHC004,M002,ORS,1292,61,0,2,22000
2026-02-23,PHC004,M002,ORS,1217,75,0,0,22000
2026-02-24,PHC004,M002,ORS,1133,83,0,1,22000
2026-02-25,PHC004,M002,ORS,1072,60,0,1,22000
2026-02-26,PHC004,M002,ORS,995,76,0,1,22000
2026-02-27,PHC004,M002,ORS,924,70,0,1,22000
2026-02-28,PHC004,M002,ORS,855,66,0,3,22000
2026-03-01,PHC004,M002,ORS,1985,73,1204,1,22000
2026-03-02,PHC004,M002,ORS,1912,71,0,2,22000
2026-03-03,PHC004,M002,ORS,1848,62,0,2,22000
2026-03-04,PHC004,M002,ORS,1777,71,0,0,22000
2026-03-05,PHC004,M002,ORS,1719,56,0,2,22000
2026-03-06,PHC004,M002,ORS,1649,67,0,3,22000
2026-03-07,PHC004,M002,ORS,1587,59,0,3,22000
2026-03-08,PHC004,M002,ORS,1523,63,0,1,22000
2026-03-09,PHC004,M002,ORS,1453,70,0,0,22000
2026-03-10,PHC004,M002,ORS,1384,67,0,2,22000
2026-03-11,PHC004,M002,ORS,1310,73,0,1,22000
2026-03-12,PHC004,M002,ORS,1256,53,0,1,22000
2026-03-13,PHC004,M002,ORS,1185,70,0,1,22000
2026-03-14,PHC004,M002,ORS,1120,61,0,4,22000
2026-03-15,PHC004,M002,ORS,2037,64,982,1,22000
2026-03-16,PHC004,M002,ORS,1969,67,0,1,22000
2026-03-17,PHC004,M002,ORS,1890,78,0,1,22000
2026-03-18,PHC004,M002,ORS,1832,58,0,0,22000
2026-03-19,PHC004,M002,ORS,1763,67,0,2,22000
2026-03-20,PHC004,M002,ORS,1699,64,0,0,22000
2026-03-21,PHC004,M002,ORS,1630,67,0,2,22000
2026-03-22,PHC004,M002,ORS,1559,69,0,2,22000
2026-03-23,PHC004,M002,ORS,1484,75,0,0,22000
2026-03-24,PHC004,M002,ORS,1405,78,0,1,22000
2026-03-25,PHC004,M002,ORS,1325,77,0,3,22000
2026-03-26,PHC004,M002,ORS,1255,69,0,1,22000
2026-03-27,PHC004,M002,ORS,1175,80,0,0,22000
2026-03-28,PHC004,M002,ORS,1097,75,0,3,22000
2026-03-29,PHC004,M002,ORS,1014,83,0,0,22000
2026-03-30,PHC004,M002,ORS,948,66,0,0,22000
2026-03-31,PHC004,M002,ORS,882,64,0,2,22000
2026-04-01,PHC004,M002,ORS,2299,82,1501,2,22000
2026-04-02,PHC004,M002,ORS,2232,64,0,3,22000
2026-04-03,PHC004,M002,ORS,2154,78,0,0,22000
2026-04-04,PHC004,M002,ORS,2073,78,0,3,22000
2026-04-05,PHC004,M002,ORS,1994,77,0,2,22000
2026-04-06,PHC004,M002,ORS,1920,73,0,1,22000
2026-04-07,PHC004,M002,ORS,1846,72,0,2,22000
2026-04-08,PHC004,M002,ORS,1779,66,0,1,22000
2026-04-09,PHC004,M002,ORS,1680,97,0,2,22000
2026-04-10,PHC004,M002,ORS,1594,86,0,0,22000
2026-04-11,PHC004,M002,ORS,1518,74,0,2,22000
2026-04-12,PHC004,M002,ORS,1443,74,0,1,22000
2026-04-13,PHC004,M002,ORS,1375,65,0,3,22000
2026-04-14,PHC004,M002,ORS,1283,92,0,0,22000
2026-04-15,PHC004,M002,ORS,2211,71,1000,1,22000
2026-04-16,PHC004,M002,ORS,2126,84,0,1,22000
2026-04-17,PHC004,M002,ORS,2016,109,0,1,22000
2026-04-18,PHC004,M002,ORS,1931,80,0,5,22000
2026-04-19,PHC004,M002,ORS,1846,84,0,1,22000
2026-04-20,PHC004,M002,ORS,1761,84,0,1,22000
2026-04-21,PHC004,M002,ORS,1689,72,0,0,22000
2026-04-22,PHC004,M002,ORS,1609,80,0,0,22000
2026-04-23,PHC004,M002,ORS,1532,75,0,2,22000
2026-04-24,PHC004,M002,ORS,1452,79,0,1,22000
2026-04-25,PHC004,M002,ORS,1373,79,0,0,22000
2026-04-26,PHC004,M002,ORS,1293,79,0,1,22000
2026-04-27,PHC004,M002,ORS,1207,84,0,2,22000
2026-04-28,PHC004,M002,ORS,1135,72,0,0,22000
2026-04-29,PHC004,M002,ORS,1050,85,0,0,22000
2026-04-30,PHC004,M002,ORS,985,65,0,0,22000
2026-05-01,PHC004,M002,ORS,1724,76,816,1,22000
2026-05-02,PHC004,M002,ORS,1645,75,0,4,22000
2026-05-03,PHC004,M002,ORS,1564,78,0,3,22000
2026-05-04,PHC004,M002,ORS,1475,88,0,1,22000
2026-05-05,PHC004,M002,ORS,1373,101,0,1,22000
2026-05-06,PHC004,M002,ORS,1300,72,0,1,22000
2026-05-07,PHC004,M002,ORS,1209,89,0,2,22000
2026-05-08,PHC004,M002,ORS,1114,93,0,2,22000
2026-05-09,PHC004,M002,ORS,1038,74,0,2,22000
2026-05-10,PHC004,M002,ORS,957,80,0,1,22000
2026-05-11,PHC004,M002,ORS,862,95,0,0,22000
2026-05-12,PHC004,M002,ORS,781,81,0,0,22000
2026-05-13,PHC004,M002,ORS,698,83,0,0,22000
2026-05-14,PHC004,M002,ORS,611,86,0,1,22000
2026-05-15,PHC004,M002,ORS,1761,87,1240,3,22000
2026-05-16,PHC004,M002,ORS,1684,77,0,0,22000
2026-05-17,PHC004,M002,ORS,1611,73,0,0,22000
2026-05-18,PHC004,M002,ORS,1536,74,0,1,22000
2026-05-19,PHC004,M002,ORS,1468,68,0,0,22000
2026-05-20,PHC004,M002,ORS,1386,82,0,0,22000
2026-05-21,PHC004,M002,ORS,1318,68,0,0,22000
2026-05-22,PHC004,M002,ORS,1248,70,0,0,22000
2026-05-23,PHC004,M002,ORS,1163,84,0,1,22000
2026-05-24,PHC004,M002,ORS,1091,72,0,0,22000
2026-05-25,PHC004,M002,ORS,1019,71,0,1,22000
2026-05-26,PHC004,M002,ORS,940,78,0,1,22000
2026-05-27,PHC004,M002,ORS,864,74,0,2,22000
2026-05-28,PHC004,M002,ORS,800,63,0,1,22000
2026-05-29,PHC004,M002,ORS,744,56,0,0,22000
2026-05-30,PHC004,M002,ORS,669,75,0,0,22000
2026-05-31,PHC004,M002,ORS,603,66,0,0,22000
2026-06-01,PHC004,M002,ORS,1566,63,1027,1,22000
2026-06-02,PHC004,M002,ORS,1506,59,0,1,22000
2026-06-03,PHC004,M002,ORS,1447,58,0,1,22000
2026-06-04,PHC004,M002,ORS,1359,84,0,4,22000
2026-06-05,PHC004,M002,ORS,1284,73,0,2,22000
2026-06-06,PHC004,M002,ORS,1219,65,0,0,22000
2026-06-07,PHC004,M002,ORS,1139,79,0,1,22000
2026-06-08,PHC004,M002,ORS,1056,83,0,0,22000
2026-06-09,PHC004,M002,ORS,981,75,0,0,22000
2026-06-10,PHC004,M002,ORS,907,74,0,0,22000
2026-06-11,PHC004,M002,ORS,835,71,0,1,22000
2026-06-12,PHC004,M002,ORS,773,60,0,2,22000
2026-06-13,PHC004,M002,ORS,713,60,0,0,22000
2026-06-14,PHC004,M002,ORS,637,76,0,0,22000
2026-06-15,PHC004,M002,ORS,1390,75,828,0,22000
2026-06-16,PHC004,M002,ORS,1313,74,0,3,22000
2026-06-17,PHC004,M002,ORS,1240,72,0,1,22000
2026-06-18,PHC004,M002,ORS,1167,73,0,0,22000
2026-06-19,PHC004,M002,ORS,1082,84,0,1,22000
2026-06-20,PHC004,M002,ORS,1004,77,0,1,22000
2026-06-21,PHC004,M002,ORS,936,67,0,1,22000
2026-06-22,PHC004,M002,ORS,866,70,0,0,22000
2026-06-23,PHC004,M002,ORS,796,70,0,0,22000
2026-06-24,PHC004,M002,ORS,719,77,0,0,22000
2026-06-25,PHC004,M002,ORS,654,65,0,0,22000
2026-06-26,PHC004,M002,ORS,589,65,0,0,22000
2026-06-27,PHC004,M002,ORS,501,87,0,1,22000
2026-06-28,PHC004,M002,ORS,420,81,0,0,22000
2026-06-29,PHC004,M002,ORS,1935,91,1607,1,22000
2026-06-30,PHC004,M002,ORS,1859,74,0,2,22000
2026-01-01,PHC004,M003,Amoxicillin,1021,33,484,0,22000
2026-01-02,PHC004,M003,Amoxicillin,986,34,0,1,22000
2026-01-03,PHC004,M003,Amoxicillin,952,33,0,1,22000
2026-01-04,PHC004,M003,Amoxicillin,918,34,0,0,22000
2026-01-05,PHC004,M003,Amoxicillin,882,36,0,0,22000
2026-01-06,PHC004,M003,Amoxicillin,838,43,0,1,22000
2026-01-07,PHC004,M003,Amoxicillin,803,35,0,0,22000
2026-01-08,PHC004,M003,Amoxicillin,767,36,0,0,22000
2026-01-09,PHC004,M003,Amoxicillin,729,38,0,0,22000
2026-01-10,PHC004,M003,Amoxicillin,682,46,0,1,22000
2026-01-11,PHC004,M003,Amoxicillin,645,37,0,0,22000
2026-01-12,PHC004,M003,Amoxicillin,603,42,0,0,22000
2026-01-13,PHC004,M003,Amoxicillin,575,28,0,0,22000
2026-01-14,PHC004,M003,Amoxicillin,533,42,0,0,22000
2026-01-15,PHC004,M003,Amoxicillin,789,27,283,0,22000
2026-01-16,PHC004,M003,Amoxicillin,744,45,0,0,22000
2026-01-17,PHC004,M003,Amoxicillin,699,45,0,0,22000
2026-01-18,PHC004,M003,Amoxicillin,662,37,0,0,22000
2026-01-19,PHC004,M003,Amoxicillin,623,39,0,0,22000
2026-01-20,PHC004,M003,Amoxicillin,581,42,0,0,22000
2026-01-21,PHC004,M003,Amoxicillin,544,37,0,0,22000
2026-01-22,PHC004,M003,Amoxicillin,516,28,0,0,22000
2026-01-23,PHC004,M003,Amoxicillin,472,44,0,0,22000
2026-01-24,PHC004,M003,Amoxicillin,434,37,0,1,22000
2026-01-25,PHC004,M003,Amoxicillin,389,45,0,0,22000
2026-01-26,PHC004,M003,Amoxicillin,357,32,0,0,22000
2026-01-27,PHC004,M003,Amoxicillin,314,43,0,0,22000
2026-01-28,PHC004,M003,Amoxicillin,281,33,0,0,22000
2026-01-29,PHC004,M003,Amoxicillin,237,44,0,0,22000
2026-01-30,PHC004,M003,Amoxicillin,200,37,0,0,22000
2026-01-31,PHC004,M003,Amoxicillin,163,37,0,0,22000
2026-02-01,PHC004,M003,Amoxicillin,3371,173,3381,0,22000
2026-02-02,PHC004,M003,Amoxicillin,3332,38,0,1,22000
2026-02-03,PHC004,M003,Amoxicillin,3286,45,0,1,22000
2026-02-04,PHC004,M003,Amoxicillin,3173,111,0,2,22000
2026-02-05,PHC004,M003,Amoxicillin,3123,47,0,3,22000
2026-02-06,PHC004,M003,Amoxicillin,3084,36,0,3,22000
2026-02-07,PHC004,M003,Amoxicillin,3046,36,0,2,22000
2026-02-08,PHC004,M003,Amoxicillin,2994,48,0,4,22000
2026-02-09,PHC004,M003,Amoxicillin,2954,34,0,6,22000
2026-02-10,PHC004,M003,Amoxicillin,2919,33,0,2,22000
2026-02-11,PHC004,M003,Amoxicillin,2893,23,0,3,22000
2026-02-12,PHC004,M003,Amoxicillin,2857,34,0,2,22000
2026-02-13,PHC004,M003,Amoxicillin,2812,41,0,4,22000
2026-02-14,PHC004,M003,Amoxicillin,2763,46,0,3,22000
2026-02-15,PHC004,M003,Amoxicillin,3312,38,590,3,22000
2026-02-16,PHC004,M003,Amoxicillin,3269,39,0,4,22000
2026-02-17,PHC004,M003,Amoxicillin,3242,25,0,2,22000
2026-02-18,PHC004,M003,Amoxicillin,3200,39,0,3,22000
2026-02-19,PHC004,M003,Amoxicillin,3163,33,0,4,22000
2026-02-20,PHC004,M003,Amoxicillin,3136,26,0,1,22000
2026-02-21,PHC004,M003,Amoxicillin,3113,21,0,2,22000
2026-02-22,PHC004,M003,Amoxicillin,3076,35,0,2,22000
2026-02-23,PHC004,M003,Amoxicillin,3037,33,0,6,22000
2026-02-24,PHC004,M003,Amoxicillin,3001,33,0,3,22000
2026-02-25,PHC004,M003,Amoxicillin,2971,27,0,3,22000
2026-02-26,PHC004,M003,Amoxicillin,2942,25,0,4,22000
2026-02-27,PHC004,M003,Amoxicillin,2896,41,0,5,22000
2026-02-28,PHC004,M003,Amoxicillin,2861,34,0,1,22000
2026-03-01,PHC004,M003,Amoxicillin,3421,34,596,2,22000
2026-03-02,PHC004,M003,Amoxicillin,3388,28,0,5,22000
2026-03-03,PHC004,M003,Amoxicillin,3350,34,0,4,22000
2026-03-04,PHC004,M003,Amoxicillin,3311,35,0,4,22000
2026-03-05,PHC004,M003,Amoxicillin,3280,28,0,3,22000
2026-03-06,PHC004,M003,Amoxicillin,3246,30,0,4,22000
2026-03-07,PHC004,M003,Amoxicillin,3211,31,0,4,22000
2026-03-08,PHC004,M003,Amoxicillin,3181,26,0,4,22000
2026-03-09,PHC004,M003,Amoxicillin,3153,23,0,5,22000
2026-03-10,PHC004,M003,Amoxicillin,3125,26,0,2,22000
2026-03-11,PHC004,M003,Amoxicillin,3089,33,0,3,22000
2026-03-12,PHC004,M003,Amoxicillin,3059,30,0,0,22000
2026-03-13,PHC004,M003,Amoxicillin,3022,31,0,6,22000
2026-03-14,PHC004,M003,Amoxicillin,2990,27,0,5,22000
2026-03-15,PHC004,M003,Amoxicillin,3347,32,391,2,22000
2026-03-16,PHC004,M003,Amoxicillin,3308,35,0,4,22000
2026-03-17,PHC004,M003,Amoxicillin,3281,27,0,0,22000
2026-03-18,PHC004,M003,Amoxicillin,3253,25,0,3,22000
2026-03-19,PHC004,M003,Amoxicillin,3219,33,0,1,22000
2026-03-20,PHC004,M003,Amoxicillin,3185,33,0,1,22000
2026-03-21,PHC004,M003,Amoxicillin,3155,27,0,3,22000
2026-03-22,PHC004,M003,Amoxicillin,3120,34,0,1,22000
2026-03-23,PHC004,M003,Amoxicillin,3071,46,0,3,22000
2026-03-24,PHC004,M003,Amoxicillin,3041,28,0,2,22000
2026-03-25,PHC004,M003,Amoxicillin,3012,27,0,2,22000
2026-03-26,PHC004,M003,Amoxicillin,2983,28,0,1,22000
2026-03-27,PHC004,M003,Amoxicillin,2957,24,0,2,22000
2026-03-28,PHC004,M003,Amoxicillin,2924,33,0,0,22000
2026-03-29,PHC004,M003,Amoxicillin,2894,28,0,2,22000
2026-03-30,PHC004,M003,Amoxicillin,2866,25,0,3,22000
2026-03-31,PHC004,M003,Amoxicillin,2831,33,0,2,22000
2026-04-01,PHC004,M003,Amoxicillin,3243,34,449,3,22000
2026-04-02,PHC004,M003,Amoxicillin,3203,38,0,2,22000
2026-04-03,PHC004,M003,Amoxicillin,3155,45,0,3,22000
2026-04-04,PHC004,M003,Amoxicillin,3124,31,0,0,22000
2026-04-05,PHC004,M003,Amoxicillin,3092,32,0,0,22000
2026-04-06,PHC004,M003,Amoxicillin,3038,52,0,2,22000
2026-04-07,PHC004,M003,Amoxicillin,3000,34,0,4,22000
2026-04-08,PHC004,M003,Amoxicillin,2963,35,0,2,22000
2026-04-09,PHC004,M003,Amoxicillin,2923,38,0,2,22000
2026-04-10,PHC004,M003,Amoxicillin,2872,50,0,1,22000
2026-04-11,PHC004,M003,Amoxicillin,2841,28,0,3,22000
2026-04-12,PHC004,M003,Amoxicillin,2788,51,0,2,22000
2026-04-13,PHC004,M003,Amoxicillin,2754,31,0,3,22000
2026-04-14,PHC004,M003,Amoxicillin,2707,45,0,2,22000
2026-04-15,PHC004,M003,Amoxicillin,3292,33,622,4,22000
2026-04-16,PHC004,M003,Amoxicillin,3259,32,0,1,22000
2026-04-17,PHC004,M003,Amoxicillin,3213,44,0,2,22000
2026-04-18,PHC004,M003,Amoxicillin,3161,48,0,4,22000
2026-04-19,PHC004,M003,Amoxicillin,3114,45,0,2,22000
2026-04-20,PHC004,M003,Amoxicillin,3074,39,0,1,22000
2026-04-21,PHC004,M003,Amoxicillin,3035,34,0,5,22000
2026-04-22,PHC004,M003,Amoxicillin,2985,47,0,3,22000
2026-04-23,PHC004,M003,Amoxicillin,2933,52,0,0,22000
2026-04-24,PHC004,M003,Amoxicillin,2877,52,0,4,22000
2026-04-25,PHC004,M003,Amoxicillin,2833,41,0,3,22000
2026-04-26,PHC004,M003,Amoxicillin,2792,40,0,1,22000
2026-04-27,PHC004,M003,Amoxicillin,2743,44,0,5,22000
2026-04-28,PHC004,M003,Amoxicillin,2692,47,0,4,22000
2026-04-29,PHC004,M003,Amoxicillin,2643,48,0,1,22000
2026-04-30,PHC004,M003,Amoxicillin,2611,29,0,3,22000
2026-05-01,PHC004,M003,Amoxicillin,3137,50,576,0,22000
2026-05-02,PHC004,M003,Amoxicillin,3073,62,0,2,22000
2026-05-03,PHC004,M003,Amoxicillin,3032,40,0,1,22000
2026-05-04,PHC004,M003,Amoxicillin,2982,50,0,0,22000
2026-05-05,PHC004,M003,Amoxicillin,2938,40,0,4,22000
2026-05-06,PHC004,M003,Amoxicillin,2902,35,0,1,22000
2026-05-07,PHC004,M003,Amoxicillin,2870,30,0,2,22000
2026-05-08,PHC004,M003,Amoxicillin,2839,30,0,1,22000
2026-05-09,PHC004,M003,Amoxicillin,2787,52,0,0,22000
2026-05-10,PHC004,M003,Amoxicillin,2766,20,0,1,22000
2026-05-11,PHC004,M003,Amoxicillin,2733,31,0,2,22000
2026-05-12,PHC004,M003,Amoxicillin,2691,42,0,0,22000
2026-05-13,PHC004,M003,Amoxicillin,2655,33,0,3,22000
2026-05-14,PHC004,M003,Amoxicillin,2571,84,0,0,22000
2026-05-15,PHC004,M003,Amoxicillin,3024,46,502,3,22000
2026-05-16,PHC004,M003,Amoxicillin,2991,29,0,4,22000
2026-05-17,PHC004,M003,Amoxicillin,2953,35,0,3,22000
2026-05-18,PHC004,M003,Amoxicillin,2918,31,0,4,22000
2026-05-19,PHC004,M003,Amoxicillin,2888,28,0,2,22000
2026-05-20,PHC004,M003,Amoxicillin,2854,31,0,3,22000
2026-05-21,PHC004,M003,Amoxicillin,2832,21,0,1,22000
2026-05-22,PHC004,M003,Amoxicillin,2799,28,0,5,22000
2026-05-23,PHC004,M003,Amoxicillin,2757,39,0,3,22000
2026-05-24,PHC004,M003,Amoxicillin,2720,36,0,1,22000
2026-05-25,PHC004,M003,Amoxicillin,2683,35,0,2,22000
2026-05-26,PHC004,M003,Amoxicillin,2655,27,0,1,22000
2026-05-27,PHC004,M003,Amoxicillin,2627,25,0,3,22000
2026-05-28,PHC004,M003,Amoxicillin,2589,35,0,3,22000
2026-05-29,PHC004,M003,Amoxicillin,2552,36,0,1,22000
2026-05-30,PHC004,M003,Amoxicillin,2528,19,0,5,22000
2026-05-31,PHC004,M003,Amoxicillin,2486,38,0,4,22000
2026-06-01,PHC004,M003,Amoxicillin,2967,37,519,1,22000
2026-06-02,PHC004,M003,Amoxicillin,2933,29,0,5,22000
2026-06-03,PHC004,M003,Amoxicillin,2897,30,0,6,22000
2026-06-04,PHC004,M003,Amoxicillin,2862,33,0,2,22000
2026-06-05,PHC004,M003,Amoxicillin,2821,37,0,4,22000
2026-06-06,PHC004,M003,Amoxicillin,2795,24,0,2,22000
2026-06-07,PHC004,M003,Amoxicillin,2762,29,0,4,22000
2026-06-08,PHC004,M003,Amoxicillin,2734,28,0,0,22000
2026-06-09,PHC004,M003,Amoxicillin,2708,25,0,1,22000
2026-06-10,PHC004,M003,Amoxicillin,2658,45,0,5,22000
2026-06-11,PHC004,M003,Amoxicillin,2621,36,0,1,22000
2026-06-12,PHC004,M003,Amoxicillin,2579,40,0,2,22000
2026-06-13,PHC004,M003,Amoxicillin,2540,39,0,0,22000
2026-06-14,PHC004,M003,Amoxicillin,2502,37,0,1,22000
2026-06-15,PHC004,M003,Amoxicillin,2960,35,494,1,22000
2026-06-16,PHC004,M003,Amoxicillin,2928,31,0,1,22000
2026-06-17,PHC004,M003,Amoxicillin,2884,43,0,1,22000
2026-06-18,PHC004,M003,Amoxicillin,2838,42,0,4,22000
2026-06-19,PHC004,M003,Amoxicillin,2798,38,0,2,22000
2026-06-20,PHC004,M003,Amoxicillin,2752,43,0,3,22000
2026-06-21,PHC004,M003,Amoxicillin,2718,32,0,2,22000
2026-06-22,PHC004,M003,Amoxicillin,2671,44,0,3,22000
2026-06-23,PHC004,M003,Amoxicillin,2637,32,0,2,22000
2026-06-24,PHC004,M003,Amoxicillin,2590,45,0,2,22000
2026-06-25,PHC004,M003,Amoxicillin,2556,32,0,2,22000
2026-06-26,PHC004,M003,Amoxicillin,2510,44,0,2,22000
2026-06-27,PHC004,M003,Amoxicillin,2472,33,0,5,22000
2026-06-28,PHC004,M003,Amoxicillin,2431,40,0,1,22000
2026-06-29,PHC004,M003,Amoxicillin,2382,46,0,3,22000
2026-06-30,PHC004,M003,Amoxicillin,2349,31,0,2,22000
2026-01-01,PHC004,M004,Cetirizine,890,31,434,1,22000
2026-01-02,PHC004,M004,Cetirizine,854,36,0,0,22000
2026-01-03,PHC004,M004,Cetirizine,822,30,0,2,22000
2026-01-04,PHC004,M004,Cetirizine,795,27,0,0,22000
2026-01-05,PHC004,M004,Cetirizine,778,17,0,0,22000
2026-01-06,PHC004,M004,Cetirizine,751,26,0,1,22000
2026-01-07,PHC004,M004,Cetirizine,716,34,0,1,22000
2026-01-08,PHC004,M004,Cetirizine,675,41,0,0,22000
2026-01-09,PHC004,M004,Cetirizine,645,30,0,0,22000
2026-01-10,PHC004,M004,Cetirizine,609,36,0,0,22000
2026-01-11,PHC004,M004,Cetirizine,579,29,0,1,22000
2026-01-12,PHC004,M004,Cetirizine,503,76,0,0,22000
2026-01-13,PHC004,M004,Cetirizine,462,41,0,0,22000
2026-01-14,PHC004,M004,Cetirizine,426,36,0,0,22000
2026-01-15,PHC004,M004,Cetirizine,828,39,441,0,22000
2026-01-16,PHC004,M004,Cetirizine,797,30,0,1,22000
2026-01-17,PHC004,M004,Cetirizine,763,34,0,0,22000
2026-01-18,PHC004,M004,Cetirizine,728,34,0,1,22000
2026-01-19,PHC004,M004,Cetirizine,687,41,0,0,22000
2026-01-20,PHC004,M004,Cetirizine,650,36,0,1,22000
2026-01-21,PHC004,M004,Cetirizine,610,39,0,1,22000
2026-01-22,PHC004,M004,Cetirizine,578,32,0,0,22000
2026-01-23,PHC004,M004,Cetirizine,539,39,0,0,22000
2026-01-24,PHC004,M004,Cetirizine,498,41,0,0,22000
2026-01-25,PHC004,M004,Cetirizine,448,50,0,0,22000
2026-01-26,PHC004,M004,Cetirizine,418,30,0,0,22000
2026-01-27,PHC004,M004,Cetirizine,386,32,0,0,22000
2026-01-28,PHC004,M004,Cetirizine,358,28,0,0,22000
2026-01-29,PHC004,M004,Cetirizine,321,36,0,1,22000
2026-01-30,PHC004,M004,Cetirizine,281,39,0,1,22000
2026-01-31,PHC004,M004,Cetirizine,248,33,0,0,22000
2026-02-01,PHC004,M004,Cetirizine,713,39,504,0,22000
2026-02-02,PHC004,M004,Cetirizine,682,30,0,1,22000
2026-02-03,PHC004,M004,Cetirizine,642,39,0,1,22000
2026-02-04,PHC004,M004,Cetirizine,610,32,0,0,22000
2026-02-05,PHC004,M004,Cetirizine,578,32,0,0,22000
2026-02-06,PHC004,M004,Cetirizine,546,32,0,0,22000
2026-02-07,PHC004,M004,Cetirizine,513,33,0,0,22000
2026-02-08,PHC004,M004,Cetirizine,474,38,0,1,22000
2026-02-09,PHC004,M004,Cetirizine,435,39,0,0,22000
2026-02-10,PHC004,M004,Cetirizine,412,23,0,0,22000
2026-02-11,PHC004,M004,Cetirizine,381,30,0,1,22000
2026-02-12,PHC004,M004,Cetirizine,348,33,0,0,22000
2026-02-13,PHC004,M004,Cetirizine,318,30,0,0,22000
2026-02-14,PHC004,M004,Cetirizine,286,32,0,0,22000
2026-02-15,PHC004,M004,Cetirizine,767,30,511,0,22000
2026-02-16,PHC004,M004,Cetirizine,735,32,0,0,22000
2026-02-17,PHC004,M004,Cetirizine,709,26,0,0,22000
2026-02-18,PHC004,M004,Cetirizine,679,29,0,1,22000
2026-02-19,PHC004,M004,Cetirizine,652,27,0,0,22000
2026-02-20,PHC004,M004,Cetirizine,624,27,0,1,22000
2026-02-21,PHC004,M004,Cetirizine,586,36,0,2,22000
2026-02-22,PHC004,M004,Cetirizine,552,34,0,0,22000
2026-02-23,PHC004,M004,Cetirizine,517,35,0,0,22000
2026-02-24,PHC004,M004,Cetirizine,482,35,0,0,22000
2026-02-25,PHC004,M004,Cetirizine,453,29,0,0,22000
2026-02-26,PHC004,M004,Cetirizine,418,34,0,1,22000
2026-02-27,PHC004,M004,Cetirizine,389,29,0,0,22000
2026-02-28,PHC004,M004,Cetirizine,362,26,0,1,22000
2026-03-01,PHC004,M004,Cetirizine,695,25,358,0,22000
2026-03-02,PHC004,M004,Cetirizine,664,31,0,0,22000
2026-03-03,PHC004,M004,Cetirizine,642,22,0,0,22000
2026-03-04,PHC004,M004,Cetirizine,602,39,0,1,22000
2026-03-05,PHC004,M004,Cetirizine,570,31,0,1,22000
2026-03-06,PHC004,M004,Cetirizine,542,28,0,0,22000
2026-03-07,PHC004,M004,Cetirizine,505,37,0,0,22000
2026-03-08,PHC004,M004,Cetirizine,475,30,0,0,22000
2026-03-09,PHC004,M004,Cetirizine,451,24,0,0,22000
2026-03-10,PHC004,M004,Cetirizine,405,46,0,0,22000
2026-03-11,PHC004,M004,Cetirizine,376,29,0,0,22000
2026-03-12,PHC004,M004,Cetirizine,348,28,0,0,22000
2026-03-13,PHC004,M004,Cetirizine,319,29,0,0,22000
2026-03-14,PHC004,M004,Cetirizine,286,33,0,0,22000
2026-03-15,PHC004,M004,Cetirizine,600,27,341,0,22000
2026-03-16,PHC004,M004,Cetirizine,573,25,0,2,22000
2026-03-17,PHC004,M004,Cetirizine,544,29,0,0,22000
2026-03-18,PHC004,M004,Cetirizine,520,24,0,0,22000
2026-03-19,PHC004,M004,Cetirizine,492,28,0,0,22000
2026-03-20,PHC004,M004,Cetirizine,454,37,0,1,22000
2026-03-21,PHC004,M004,Cetirizine,416,38,0,0,22000
2026-03-22,PHC004,M004,Cetirizine,383,33,0,0,22000
2026-03-23,PHC004,M004,Cetirizine,350,33,0,0,22000
2026-03-24,PHC004,M004,Cetirizine,322,28,0,0,22000
2026-03-25,PHC004,M004,Cetirizine,1406,117,1201,0,22000
2026-03-26,PHC004,M004,Cetirizine,1371,33,0,2,22000
2026-03-27,PHC004,M004,Cetirizine,1338,33,0,0,22000
2026-03-28,PHC004,M004,Cetirizine,1303,31,0,4,22000
2026-03-29,PHC004,M004,Cetirizine,1267,36,0,0,22000
2026-03-30,PHC004,M004,Cetirizine,1232,35,0,0,22000
2026-03-31,PHC004,M004,Cetirizine,1202,30,0,0,22000
2026-04-01,PHC004,M004,Cetirizine,1707,33,540,2,22000
2026-04-02,PHC004,M004,Cetirizine,1672,33,0,2,22000
2026-04-03,PHC004,M004,Cetirizine,1638,33,0,1,22000
2026-04-04,PHC004,M004,Cetirizine,1588,49,0,1,22000
2026-04-05,PHC004,M004,Cetirizine,1562,24,0,2,22000
2026-04-06,PHC004,M004,Cetirizine,1520,39,0,3,22000
2026-04-07,PHC004,M004,Cetirizine,1489,31,0,0,22000
2026-04-08,PHC004,M004,Cetirizine,1452,35,0,2,22000
2026-04-09,PHC004,M004,Cetirizine,1412,38,0,2,22000
2026-04-10,PHC004,M004,Cetirizine,1373,38,0,1,22000
2026-04-11,PHC004,M004,Cetirizine,1337,35,0,1,22000
2026-04-12,PHC004,M004,Cetirizine,1301,34,0,2,22000
2026-04-13,PHC004,M004,Cetirizine,1266,33,0,2,22000
2026-04-14,PHC004,M004,Cetirizine,1230,35,0,1,22000
2026-04-15,PHC004,M004,Cetirizine,1686,37,495,2,22000
2026-04-16,PHC004,M004,Cetirizine,1657,28,0,1,22000
2026-04-17,PHC004,M004,Cetirizine,1621,36,0,0,22000
2026-04-18,PHC004,M004,Cetirizine,1595,26,0,0,22000
2026-04-19,PHC004,M004,Cetirizine,1552,43,0,0,22000
2026-04-20,PHC004,M004,Cetirizine,1514,37,0,1,22000
2026-04-21,PHC004,M004,Cetirizine,1480,33,0,1,22000
2026-04-22,PHC004,M004,Cetirizine,1449,29,0,2,22000
2026-04-23,PHC004,M004,Cetirizine,1412,36,0,1,22000
2026-04-24,PHC004,M004,Cetirizine,1378,33,0,1,22000
2026-04-25,PHC004,M004,Cetirizine,1337,41,0,0,22000
2026-04-26,PHC004,M004,Cetirizine,1309,28,0,0,22000
2026-04-27,PHC004,M004,Cetirizine,1265,43,0,1,22000
2026-04-28,PHC004,M004,Cetirizine,1237,27,0,1,22000
2026-04-29,PHC004,M004,Cetirizine,1197,40,0,0,22000
2026-04-30,PHC004,M004,Cetirizine,1163,34,0,0,22000
2026-05-01,PHC004,M004,Cetirizine,1571,31,440,1,22000
2026-05-02,PHC004,M004,Cetirizine,1531,38,0,2,22000
2026-05-03,PHC004,M004,Cetirizine,1494,37,0,0,22000
2026-05-04,PHC004,M004,Cetirizine,1460,34,0,0,22000
2026-05-05,PHC004,M004,Cetirizine,1425,34,0,1,22000
2026-05-06,PHC004,M004,Cetirizine,1388,36,0,1,22000
2026-05-07,PHC004,M004,Cetirizine,1349,38,0,1,22000
2026-05-08,PHC004,M004,Cetirizine,1319,30,0,0,22000
2026-05-09,PHC004,M004,Cetirizine,1273,45,0,1,22000
2026-05-10,PHC004,M004,Cetirizine,1229,44,0,0,22000
2026-05-11,PHC004,M004,Cetirizine,1196,33,0,0,22000
2026-05-12,PHC004,M004,Cetirizine,1155,40,0,1,22000
2026-05-13,PHC004,M004,Cetirizine,1122,33,0,0,22000
2026-05-14,PHC004,M004,Cetirizine,1089,30,0,3,22000
2026-05-15,PHC004,M004,Cetirizine,1798,39,748,0,22000
2026-05-16,PHC004,M004,Cetirizine,1761,37,0,0,22000
2026-05-17,PHC004,M004,Cetirizine,1724,35,0,2,22000
2026-05-18,PHC004,M004,Cetirizine,1691,32,0,1,22000
2026-05-19,PHC004,M004,Cetirizine,1660,29,0,2,22000
2026-05-20,PHC004,M004,Cetirizine,1621,38,0,1,22000
2026-05-21,PHC004,M004,Cetirizine,1597,24,0,0,22000
2026-05-22,PHC004,M004,Cetirizine,1566,31,0,0,22000
2026-05-23,PHC004,M004,Cetirizine,1528,38,0,0,22000
2026-05-24,PHC004,M004,Cetirizine,1497,30,0,1,22000
2026-05-25,PHC004,M004,Cetirizine,1458,38,0,1,22000
2026-05-26,PHC004,M004,Cetirizine,1427,30,0,1,22000
2026-05-27,PHC004,M004,Cetirizine,1395,32,0,0,22000
2026-05-28,PHC004,M004,Cetirizine,1362,33,0,0,22000
2026-05-29,PHC004,M004,Cetirizine,1328,33,0,1,22000
2026-05-30,PHC004,M004,Cetirizine,1297,29,0,2,22000
2026-05-31,PHC004,M004,Cetirizine,1252,44,0,1,22000
2026-06-01,PHC004,M004,Cetirizine,1521,28,300,3,22000
2026-06-02,PHC004,M004,Cetirizine,1485,34,0,2,22000
2026-06-03,PHC004,M004,Cetirizine,1456,29,0,0,22000
2026-06-04,PHC004,M004,Cetirizine,1430,26,0,0,22000
2026-06-05,PHC004,M004,Cetirizine,1397,33,0,0,22000
2026-06-06,PHC004,M004,Cetirizine,1367,30,0,0,22000
2026-06-07,PHC004,M004,Cetirizine,1347,19,0,1,22000
2026-06-08,PHC004,M004,Cetirizine,1318,27,0,2,22000
2026-06-09,PHC004,M004,Cetirizine,1292,23,0,3,22000
2026-06-10,PHC004,M004,Cetirizine,1263,28,0,1,22000
2026-06-11,PHC004,M004,Cetirizine,1237,26,0,0,22000
2026-06-12,PHC004,M004,Cetirizine,1209,27,0,1,22000
2026-06-13,PHC004,M004,Cetirizine,1174,34,0,1,22000
2026-06-14,PHC004,M004,Cetirizine,1150,23,0,1,22000
2026-06-15,PHC004,M004,Cetirizine,1702,32,584,0,22000
2026-06-16,PHC004,M004,Cetirizine,1672,29,0,1,22000
2026-06-17,PHC004,M004,Cetirizine,1639,30,0,3,22000
2026-06-18,PHC004,M004,Cetirizine,1611,27,0,1,22000
2026-06-19,PHC004,M004,Cetirizine,1581,30,0,0,22000
2026-06-20,PHC004,M004,Cetirizine,1487,93,0,1,22000
2026-06-21,PHC004,M004,Cetirizine,1452,34,0,1,22000
2026-06-22,PHC004,M004,Cetirizine,1407,42,0,3,22000
2026-06-23,PHC004,M004,Cetirizine,1367,39,0,1,22000
2026-06-24,PHC004,M004,Cetirizine,1327,40,0,0,22000
2026-06-25,PHC004,M004,Cetirizine,1287,39,0,1,22000
2026-06-26,PHC004,M004,Cetirizine,1256,31,0,0,22000
2026-06-27,PHC004,M004,Cetirizine,1230,24,0,2,22000
2026-06-28,PHC004,M004,Cetirizine,1201,29,0,0,22000
2026-06-29,PHC004,M004,Cetirizine,1165,35,0,1,22000
2026-06-30,PHC004,M004,Cetirizine,1123,41,0,1,22000
2026-01-01,PHC004,M005,Ibuprofen,1496,53,1055,0,22000
2026-01-02,PHC004,M005,Ibuprofen,1457,39,0,0,22000
2026-01-03,PHC004,M005,Ibuprofen,1416,41,0,0,22000
2026-01-04,PHC004,M005,Ibuprofen,1376,39,0,1,22000
2026-01-05,PHC004,M005,Ibuprofen,1321,53,0,2,22000
2026-01-06,PHC004,M005,Ibuprofen,1262,58,0,1,22000
2026-01-07,PHC004,M005,Ibuprofen,1206,53,0,3,22000
2026-01-08,PHC004,M005,Ibuprofen,1157,46,0,3,22000
2026-01-09,PHC004,M005,Ibuprofen,1116,39,0,2,22000
2026-01-10,PHC004,M005,Ibuprofen,1057,58,0,1,22000
2026-01-11,PHC004,M005,Ibuprofen,1009,48,0,0,22000
2026-01-12,PHC004,M005,Ibuprofen,957,50,0,2,22000
2026-01-13,PHC004,M005,Ibuprofen,900,57,0,0,22000
2026-01-14,PHC004,M005,Ibuprofen,841,59,0,0,22000
2026-01-15,PHC004,M005,Ibuprofen,1700,52,911,0,22000
2026-01-16,PHC004,M005,Ibuprofen,1667,33,0,0,22000
2026-01-17,PHC004,M005,Ibuprofen,1618,48,0,1,22000
2026-01-18,PHC004,M005,Ibuprofen,1579,39,0,0,22000
2026-01-19,PHC004,M005,Ibuprofen,1525,51,0,3,22000
2026-01-20,PHC004,M005,Ibuprofen,1477,46,0,2,22000
2026-01-21,PHC004,M005,Ibuprofen,1424,52,0,1,22000
2026-01-22,PHC004,M005,Ibuprofen,1381,42,0,1,22000
2026-01-23,PHC004,M005,Ibuprofen,1320,60,0,1,22000
2026-01-24,PHC004,M005,Ibuprofen,1278,42,0,0,22000
2026-01-25,PHC004,M005,Ibuprofen,1229,49,0,0,22000
2026-01-26,PHC004,M005,Ibuprofen,1174,55,0,0,22000
2026-01-27,PHC004,M005,Ibuprofen,1113,59,0,2,22000
2026-01-28,PHC004,M005,Ibuprofen,1056,56,0,1,22000
2026-01-29,PHC004,M005,Ibuprofen,1018,38,0,0,22000
2026-01-30,PHC004,M005,Ibuprofen,974,44,0,0,22000
2026-01-31,PHC004,M005,Ibuprofen,920,54,0,0,22000
2026-02-01,PHC004,M005,Ibuprofen,1676,56,814,2,22000
2026-02-02,PHC004,M005,Ibuprofen,1642,33,0,1,22000
2026-02-03,PHC004,M005,Ibuprofen,1590,49,0,3,22000
2026-02-04,PHC004,M005,Ibuprofen,1541,47,0,2,22000
2026-02-05,PHC004,M005,Ibuprofen,1343,198,0,0,22000
2026-02-06,PHC004,M005,Ibuprofen,1288,53,0,2,22000
2026-02-07,PHC004,M005,Ibuprofen,1240,48,0,0,22000
2026-02-08,PHC004,M005,Ibuprofen,1195,44,0,1,22000
2026-02-09,PHC004,M005,Ibuprofen,1147,46,0,2,22000
2026-02-10,PHC004,M005,Ibuprofen,1102,45,0,0,22000
2026-02-11,PHC004,M005,Ibuprofen,1051,50,0,1,22000
2026-02-12,PHC004,M005,Ibuprofen,999,52,0,0,22000
2026-02-13,PHC004,M005,Ibuprofen,958,41,0,0,22000
2026-02-14,PHC004,M005,Ibuprofen,908,50,0,0,22000
2026-02-15,PHC004,M005,Ibuprofen,1278,37,407,0,22000
2026-02-16,PHC004,M005,Ibuprofen,1220,58,0,0,22000
2026-02-17,PHC004,M005,Ibuprofen,1184,35,0,1,22000
2026-02-18,PHC004,M005,Ibuprofen,1142,42,0,0,22000
2026-02-19,PHC004,M005,Ibuprofen,1104,37,0,1,22000
2026-02-20,PHC004,M005,Ibuprofen,1057,47,0,0,22000
2026-02-21,PHC004,M005,Ibuprofen,1018,38,0,1,22000
2026-02-22,PHC004,M005,Ibuprofen,978,37,0,3,22000
2026-02-23,PHC004,M005,Ibuprofen,937,39,0,2,22000
2026-02-24,PHC004,M005,Ibuprofen,893,43,0,1,22000
2026-02-25,PHC004,M005,Ibuprofen,853,38,0,2,22000
2026-02-26,PHC004,M005,Ibuprofen,818,35,0,0,22000
2026-02-27,PHC004,M005,Ibuprofen,777,39,0,2,22000
2026-02-28,PHC004,M005,Ibuprofen,714,63,0,0,22000
2026-03-01,PHC004,M005,Ibuprofen,1076,36,400,2,22000
2026-03-02,PHC004,M005,Ibuprofen,1038,38,0,0,22000
2026-03-03,PHC004,M005,Ibuprofen,1009,29,0,0,22000
2026-03-04,PHC004,M005,Ibuprofen,963,46,0,0,22000
2026-03-05,PHC004,M005,Ibuprofen,922,40,0,1,22000
2026-03-06,PHC004,M005,Ibuprofen,882,38,0,2,22000
2026-03-07,PHC004,M005,Ibuprofen,836,46,0,0,22000
2026-03-08,PHC004,M005,Ibuprofen,792,44,0,0,22000
2026-03-09,PHC004,M005,Ibuprofen,750,41,0,1,22000
2026-03-10,PHC004,M005,Ibuprofen,708,42,0,0,22000
2026-03-11,PHC004,M005,Ibuprofen,3298,159,2749,0,22000
2026-03-12,PHC004,M005,Ibuprofen,3247,48,0,3,22000
2026-03-13,PHC004,M005,Ibuprofen,3211,34,0,2,22000
2026-03-14,PHC004,M005,Ibuprofen,3171,34,0,6,22000
2026-03-15,PHC004,M005,Ibuprofen,3729,46,606,2,22000
2026-03-16,PHC004,M005,Ibuprofen,3674,50,0,5,22000
2026-03-17,PHC004,M005,Ibuprofen,3624,43,0,7,22000
2026-03-18,PHC004,M005,Ibuprofen,3573,51,0,0,22000
2026-03-19,PHC004,M005,Ibuprofen,3520,51,0,2,22000
2026-03-20,PHC004,M005,Ibuprofen,3474,44,0,2,22000
2026-03-21,PHC004,M005,Ibuprofen,3429,44,0,1,22000
2026-03-22,PHC004,M005,Ibuprofen,3379,47,0,3,22000
2026-03-23,PHC004,M005,Ibuprofen,3327,48,0,4,22000
2026-03-24,PHC004,M005,Ibuprofen,3284,39,0,4,22000
2026-03-25,PHC004,M005,Ibuprofen,3236,45,0,3,22000
2026-03-26,PHC004,M005,Ibuprofen,3192,42,0,2,22000
2026-03-27,PHC004,M005,Ibuprofen,3145,42,0,5,22000
2026-03-28,PHC004,M005,Ibuprofen,3100,41,0,4,22000
2026-03-29,PHC004,M005,Ibuprofen,3044,53,0,3,22000
2026-03-30,PHC004,M005,Ibuprofen,2990,53,0,1,22000
2026-03-31,PHC004,M005,Ibuprofen,2941,49,0,0,22000
2026-04-01,PHC004,M005,Ibuprofen,3417,37,520,7,22000
2026-04-02,PHC004,M005,Ibuprofen,3372,43,0,2,22000
2026-04-03,PHC004,M005,Ibuprofen,3318,54,0,0,22000
2026-04-04,PHC004,M005,Ibuprofen,3269,48,0,1,22000
2026-04-05,PHC004,M005,Ibuprofen,3220,45,0,4,22000
2026-04-06,PHC004,M005,Ibuprofen,3163,54,0,3,22000
2026-04-07,PHC004,M005,Ibuprofen,3107,50,0,6,22000
2026-04-08,PHC004,M005,Ibuprofen,3050,57,0,0,22000
2026-04-09,PHC004,M005,Ibuprofen,2994,53,0,3,22000
2026-04-10,PHC004,M005,Ibuprofen,2943,48,0,3,22000
2026-04-11,PHC004,M005,Ibuprofen,2885,57,0,1,22000
2026-04-12,PHC004,M005,Ibuprofen,2829,51,0,5,22000
2026-04-13,PHC004,M005,Ibuprofen,2777,50,0,2,22000
2026-04-14,PHC004,M005,Ibuprofen,2715,59,0,3,22000
2026-04-15,PHC004,M005,Ibuprofen,3582,56,925,2,22000
2026-04-16,PHC004,M005,Ibuprofen,3530,50,0,2,22000
2026-04-17,PHC004,M005,Ibuprofen,3485,44,0,1,22000
2026-04-18,PHC004,M005,Ibuprofen,3419,64,0,2,22000
2026-04-19,PHC004,M005,Ibuprofen,3361,57,0,1,22000
2026-04-20,PHC004,M005,Ibuprofen,3305,50,0,6,22000
2026-04-21,PHC004,M005,Ibuprofen,3253,51,0,1,22000
2026-04-22,PHC004,M005,Ibuprofen,3196,57,0,0,22000
2026-04-23,PHC004,M005,Ibuprofen,3143,51,0,2,22000
2026-04-24,PHC004,M005,Ibuprofen,3088,53,0,2,22000
2026-04-25,PHC004,M005,Ibuprofen,3043,41,0,4,22000
2026-04-26,PHC004,M005,Ibuprofen,2985,55,0,3,22000
2026-04-27,PHC004,M005,Ibuprofen,2931,51,0,3,22000
2026-04-28,PHC004,M005,Ibuprofen,2860,67,0,4,22000
2026-04-29,PHC004,M005,Ibuprofen,2800,56,0,4,22000
2026-04-30,PHC004,M005,Ibuprofen,2743,56,0,1,22000
2026-05-01,PHC004,M005,Ibuprofen,3314,49,624,4,22000
2026-05-02,PHC004,M005,Ibuprofen,3267,47,0,0,22000
2026-05-03,PHC004,M005,Ibuprofen,3223,41,0,3,22000
2026-05-04,PHC004,M005,Ibuprofen,3176,47,0,0,22000
2026-05-05,PHC004,M005,Ibuprofen,3114,56,0,6,22000
2026-05-06,PHC004,M005,Ibuprofen,3070,44,0,0,22000
2026-05-07,PHC004,M005,Ibuprofen,3013,54,0,3,22000
2026-05-08,PHC004,M005,Ibuprofen,2958,54,0,1,22000
2026-05-09,PHC004,M005,Ibuprofen,2899,57,0,2,22000
2026-05-10,PHC004,M005,Ibuprofen,2848,49,0,2,22000
2026-05-11,PHC004,M005,Ibuprofen,2804,42,0,2,22000
2026-05-12,PHC004,M005,Ibuprofen,2751,52,0,1,22000
2026-05-13,PHC004,M005,Ibuprofen,2697,52,0,2,22000
2026-05-14,PHC004,M005,Ibuprofen,2648,47,0,2,22000
2026-05-15,PHC004,M005,Ibuprofen,3148,53,554,1,22000
2026-05-16,PHC004,M005,Ibuprofen,3097,48,0,3,22000
2026-05-17,PHC004,M005,Ibuprofen,3045,49,0,3,22000
2026-05-18,PHC004,M005,Ibuprofen,2995,49,0,1,22000
2026-05-19,PHC004,M005,Ibuprofen,2942,51,0,2,22000
2026-05-20,PHC004,M005,Ibuprofen,2897,44,0,1,22000
2026-05-21,PHC004,M005,Ibuprofen,2848,47,0,2,22000
2026-05-22,PHC004,M005,Ibuprofen,2801,47,0,0,22000
2026-05-23,PHC004,M005,Ibuprofen,2750,45,0,6,22000
2026-05-24,PHC004,M005,Ibuprofen,2698,51,0,1,22000
2026-05-25,PHC004,M005,Ibuprofen,2643,48,0,7,22000
2026-05-26,PHC004,M005,Ibuprofen,2599,40,0,4,22000
2026-05-27,PHC004,M005,Ibuprofen,2545,53,0,1,22000
2026-05-28,PHC004,M005,Ibuprofen,2506,36,0,3,22000
2026-05-29,PHC004,M005,Ibuprofen,2458,45,0,3,22000
2026-05-30,PHC004,M005,Ibuprofen,2419,37,0,2,22000
2026-05-31,PHC004,M005,Ibuprofen,2370,44,0,5,22000
2026-06-01,PHC004,M005,Ibuprofen,2899,55,585,1,22000
2026-06-02,PHC004,M005,Ibuprofen,2858,39,0,2,22000
2026-06-03,PHC004,M005,Ibuprofen,2815,42,0,1,22000
2026-06-04,PHC004,M005,Ibuprofen,2770,44,0,1,22000
2026-06-05,PHC004,M005,Ibuprofen,2716,52,0,2,22000
2026-06-06,PHC004,M005,Ibuprofen,2666,46,0,4,22000
2026-06-07,PHC004,M005,Ibuprofen,2620,44,0,2,22000
2026-06-08,PHC004,M005,Ibuprofen,2569,48,0,3,22000
2026-06-09,PHC004,M005,Ibuprofen,2526,41,0,2,22000
2026-06-10,PHC004,M005,Ibuprofen,2471,53,0,2,22000
2026-06-11,PHC004,M005,Ibuprofen,2436,35,0,0,22000
2026-06-12,PHC004,M005,Ibuprofen,2387,48,0,1,22000
2026-06-13,PHC004,M005,Ibuprofen,2343,42,0,2,22000
2026-06-14,PHC004,M005,Ibuprofen,2300,41,0,2,22000
2026-06-15,PHC004,M005,Ibuprofen,3031,53,786,2,22000
2026-06-16,PHC004,M005,Ibuprofen,2980,49,0,2,22000
2026-06-17,PHC004,M005,Ibuprofen,2930,49,0,1,22000
2026-06-18,PHC004,M005,Ibuprofen,2869,57,0,4,22000
2026-06-19,PHC004,M005,Ibuprofen,2822,42,0,5,22000
2026-06-20,PHC004,M005,Ibuprofen,2767,54,0,1,22000
2026-06-21,PHC004,M005,Ibuprofen,2713,51,0,3,22000
2026-06-22,PHC004,M005,Ibuprofen,2656,56,0,1,22000
2026-06-23,PHC004,M005,Ibuprofen,2608,46,0,2,22000
2026-06-24,PHC004,M005,Ibuprofen,2551,56,0,1,22000
2026-06-25,PHC004,M005,Ibuprofen,2502,46,0,3,22000
2026-06-26,PHC004,M005,Ibuprofen,2455,46,0,1,22000
2026-06-27,PHC004,M005,Ibuprofen,2376,73,0,6,22000
2026-06-28,PHC004,M005,Ibuprofen,2317,58,0,1,22000
2026-06-29,PHC004,M005,Ibuprofen,2249,67,0,1,22000
2026-06-30,PHC004,M005,Ibuprofen,2198,49,0,2,22000
2026-01-01,PHC004,M006,Azithromycin,779,22,330,0,22000
2026-01-02,PHC004,M006,Azithromycin,760,18,0,1,22000
2026-01-03,PHC004,M006,Azithromycin,741,18,0,1,22000
2026-01-04,PHC004,M006,Azithromycin,727,14,0,0,22000
2026-01-05,PHC004,M006,Azithromycin,708,19,0,0,22000
2026-01-06,PHC004,M006,Azithromycin,677,31,0,0,22000
2026-01-07,PHC004,M006,Azithromycin,658,19,0,0,22000
2026-01-08,PHC004,M006,Azithromycin,638,19,0,1,22000
2026-01-09,PHC004,M006,Azithromycin,616,22,0,0,22000
2026-01-10,PHC004,M006,Azithromycin,590,26,0,0,22000
2026-01-11,PHC004,M006,Azithromycin,566,24,0,0,22000
2026-01-12,PHC004,M006,Azithromycin,551,15,0,0,22000
2026-01-13,PHC004,M006,Azithromycin,523,28,0,0,22000
2026-01-14,PHC004,M006,Azithromycin,492,31,0,0,22000
2026-01-15,PHC004,M006,Azithromycin,771,23,302,0,22000
2026-01-16,PHC004,M006,Azithromycin,748,23,0,0,22000
2026-01-17,PHC004,M006,Azithromycin,726,22,0,0,22000
2026-01-18,PHC004,M006,Azithromycin,708,18,0,0,22000
2026-01-19,PHC004,M006,Azithromycin,681,27,0,0,22000
2026-01-20,PHC004,M006,Azithromycin,664,16,0,1,22000
2026-01-21,PHC004,M006,Azithromycin,643,21,0,0,22000
2026-01-22,PHC004,M006,Azithromycin,619,24,0,0,22000
2026-01-23,PHC004,M006,Azithromycin,598,21,0,0,22000
2026-01-24,PHC004,M006,Azithromycin,573,25,0,0,22000
2026-01-25,PHC004,M006,Azithromycin,541,31,0,1,22000
2026-01-26,PHC004,M006,Azithromycin,521,20,0,0,22000
2026-01-27,PHC004,M006,Azithromycin,500,21,0,0,22000
2026-01-28,PHC004,M006,Azithromycin,472,28,0,0,22000
2026-01-29,PHC004,M006,Azithromycin,449,23,0,0,22000
2026-01-30,PHC004,M006,Azithromycin,427,19,0,3,22000
2026-01-31,PHC004,M006,Azithromycin,401,26,0,0,22000
2026-02-01,PHC004,M006,Azithromycin,623,18,241,1,22000
2026-02-02,PHC004,M006,Azithromycin,599,23,0,1,22000
2026-02-03,PHC004,M006,Azithromycin,566,33,0,0,22000
2026-02-04,PHC004,M006,Azithromycin,542,24,0,0,22000
2026-02-05,PHC004,M006,Azithromycin,517,25,0,0,22000
2026-02-06,PHC004,M006,Azithromycin,492,25,0,0,22000
2026-02-07,PHC004,M006,Azithromycin,464,28,0,0,22000
2026-02-08,PHC004,M006,Azithromycin,442,21,0,1,22000
2026-02-09,PHC004,M006,Azithromycin,419,23,0,0,22000
2026-02-10,PHC004,M006,Azithromycin,395,24,0,0,22000
2026-02-11,PHC004,M006,Azithromycin,366,29,0,0,22000
2026-02-12,PHC004,M006,Azithromycin,343,22,0,1,22000
2026-02-13,PHC004,M006,Azithromycin,319,24,0,0,22000
2026-02-14,PHC004,M006,Azithromycin,296,23,0,0,22000
2026-02-15,PHC004,M006,Azithromycin,481,20,206,1,22000
2026-02-16,PHC004,M006,Azithromycin,457,24,0,0,22000
2026-02-17,PHC004,M006,Azithromycin,436,21,0,0,22000
2026-02-18,PHC004,M006,Azithromycin,401,35,0,0,22000
2026-02-19,PHC004,M006,Azithromycin,379,22,0,0,22000
2026-02-20,PHC004,M006,Azithromycin,362,17,0,0,22000
2026-02-21,PHC004,M006,Azithromycin,345,17,0,0,22000
2026-02-22,PHC004,M006,Azithromycin,317,28,0,0,22000
2026-02-23,PHC004,M006,Azithromycin,300,17,0,0,22000
2026-02-24,PHC004,M006,Azithromycin,277,23,0,0,22000
2026-02-25,PHC004,M006,Azithromycin,254,23,0,0,22000
2026-02-26,PHC004,M006,Azithromycin,240,13,0,1,22000
2026-02-27,PHC004,M006,Azithromycin,210,27,0,3,22000
2026-02-28,PHC004,M006,Azithromycin,190,19,0,1,22000
2026-03-01,PHC004,M006,Azithromycin,477,25,312,0,22000
2026-03-02,PHC004,M006,Azithromycin,456,21,0,0,22000
2026-03-03,PHC004,M006,Azithromycin,433,23,0,0,22000
2026-03-04,PHC004,M006,Azithromycin,411,21,0,1,22000
2026-03-05,PHC004,M006,Azithromycin,395,16,0,0,22000
2026-03-06,PHC004,M006,Azithromycin,373,21,0,1,22000
2026-03-07,PHC004,M006,Azithromycin,337,36,0,0,22000
2026-03-08,PHC004,M006,Azithromycin,309,27,0,1,22000
2026-03-09,PHC004,M006,Azithromycin,289,19,0,1,22000
2026-03-10,PHC004,M006,Azithromycin,273,15,0,1,22000
2026-03-11,PHC004,M006,Azithromycin,259,14,0,0,22000
2026-03-12,PHC004,M006,Azithromycin,244,14,0,1,22000
2026-03-13,PHC004,M006,Azithromycin,222,22,0,0,22000
2026-03-14,PHC004,M006,Azithromycin,206,16,0,0,22000
2026-03-15,PHC004,M006,Azithromycin,482,19,295,0,22000
2026-03-16,PHC004,M006,Azithromycin,466,16,0,0,22000
2026-03-17,PHC004,M006,Azithromycin,452,14,0,0,22000
2026-03-18,PHC004,M006,Azithromycin,386,65,0,1,22000
2026-03-19,PHC004,M006,Azithromycin,350,36,0,0,22000
2026-03-20,PHC004,M006,Azithromycin,331,19,0,0,22000
2026-03-21,PHC004,M006,Azithromycin,308,23,0,0,22000
2026-03-22,PHC004,M006,Azithromycin,282,26,0,0,22000
2026-03-23,PHC004,M006,Azithromycin,258,23,0,1,22000
2026-03-24,PHC004,M006,Azithromycin,238,20,0,0,22000
2026-03-25,PHC004,M006,Azithromycin,221,17,0,0,22000
2026-03-26,PHC004,M006,Azithromycin,199,22,0,0,22000
2026-03-27,PHC004,M006,Azithromycin,185,14,0,0,22000
2026-03-28,PHC004,M006,Azithromycin,159,26,0,0,22000
2026-03-29,PHC004,M006,Azithromycin,142,17,0,0,22000
2026-03-30,PHC004,M006,Azithromycin,122,20,0,0,22000
2026-03-31,PHC004,M006,Azithromycin,588,29,495,0,22000
2026-04-01,PHC004,M006,Azithromycin,788,10,210,0,22000
2026-04-02,PHC004,M006,Azithromycin,761,27,0,0,22000
2026-04-03,PHC004,M006,Azithromycin,735,25,0,1,22000
2026-04-04,PHC004,M006,Azithromycin,713,22,0,0,22000
2026-04-05,PHC004,M006,Azithromycin,689,22,0,2,22000
2026-04-06,PHC004,M006,Azithromycin,673,16,0,0,22000
2026-04-07,PHC004,M006,Azithromycin,650,23,0,0,22000
2026-04-08,PHC004,M006,Azithromycin,629,20,0,1,22000
2026-04-09,PHC004,M006,Azithromycin,604,25,0,0,22000
2026-04-10,PHC004,M006,Azithromycin,578,25,0,1,22000
2026-04-11,PHC004,M006,Azithromycin,550,28,0,0,22000
2026-04-12,PHC004,M006,Azithromycin,526,23,0,1,22000
2026-04-13,PHC004,M006,Azithromycin,501,25,0,0,22000
2026-04-14,PHC004,M006,Azithromycin,468,33,0,0,22000
2026-04-15,PHC004,M006,Azithromycin,972,36,540,0,22000
2026-04-16,PHC004,M006,Azithromycin,948,23,0,1,22000
2026-04-17,PHC004,M006,Azithromycin,922,25,0,1,22000
2026-04-18,PHC004,M006,Azithromycin,900,20,0,2,22000
2026-04-19,PHC004,M006,Azithromycin,886,14,0,0,22000
2026-04-20,PHC004,M006,Azithromycin,867,19,0,0,22000
2026-04-21,PHC004,M006,Azithromycin,839,27,0,1,22000
2026-04-22,PHC004,M006,Azithromycin,809,29,0,1,22000
2026-04-23,PHC004,M006,Azithromycin,787,22,0,0,22000
2026-04-24,PHC004,M006,Azithromycin,749,38,0,0,22000
2026-04-25,PHC004,M006,Azithromycin,723,25,0,1,22000
2026-04-26,PHC004,M006,Azithromycin,693,29,0,1,22000
2026-04-27,PHC004,M006,Azithromycin,670,23,0,0,22000
2026-04-28,PHC004,M006,Azithromycin,642,26,0,2,22000
2026-04-29,PHC004,M006,Azithromycin,610,31,0,1,22000
2026-04-30,PHC004,M006,Azithromycin,584,26,0,0,22000
2026-05-01,PHC004,M006,Azithromycin,899,27,342,0,22000
2026-05-02,PHC004,M006,Azithromycin,873,25,0,1,22000
2026-05-03,PHC004,M006,Azithromycin,857,16,0,0,22000
2026-05-04,PHC004,M006,Azithromycin,829,28,0,0,22000
2026-05-05,PHC004,M006,Azithromycin,804,24,0,1,22000
2026-05-06,PHC004,M006,Azithromycin,786,18,0,0,22000
2026-05-07,PHC004,M006,Azithromycin,758,27,0,1,22000
2026-05-08,PHC004,M006,Azithromycin,732,26,0,0,22000
2026-05-09,PHC004,M006,Azithromycin,709,23,0,0,22000
2026-05-10,PHC004,M006,Azithromycin,686,22,0,1,22000
2026-05-11,PHC004,M006,Azithromycin,664,20,0,2,22000
2026-05-12,PHC004,M006,Azithromycin,646,17,0,1,22000
2026-05-13,PHC004,M006,Azithromycin,615,31,0,0,22000
2026-05-14,PHC004,M006,Azithromycin,593,22,0,0,22000
2026-05-15,PHC004,M006,Azithromycin,974,28,409,0,22000
2026-05-16,PHC004,M006,Azithromycin,955,18,0,1,22000
2026-05-17,PHC004,M006,Azithromycin,920,35,0,0,22000
2026-05-18,PHC004,M006,Azithromycin,892,27,0,1,22000
2026-05-19,PHC004,M006,Azithromycin,864,28,0,0,22000
2026-05-20,PHC004,M006,Azithromycin,838,24,0,2,22000
2026-05-21,PHC004,M006,Azithromycin,812,26,0,0,22000
2026-05-22,PHC004,M006,Azithromycin,794,14,0,4,22000
2026-05-23,PHC004,M006,Azithromycin,759,35,0,0,22000
2026-05-24,PHC004,M006,Azithromycin,737,20,0,2,22000
2026-05-25,PHC004,M006,Azithromycin,714,22,0,1,22000
2026-05-26,PHC004,M006,Azithromycin,682,31,0,1,22000
2026-05-27,PHC004,M006,Azithromycin,659,23,0,0,22000
2026-05-28,PHC004,M006,Azithromycin,640,19,0,0,22000
2026-05-29,PHC004,M006,Azithromycin,618,22,0,0,22000
2026-05-30,PHC004,M006,Azithromycin,589,28,0,1,22000
2026-05-31,PHC004,M006,Azithromycin,562,27,0,0,22000
2026-06-01,PHC004,M006,Azithromycin,1277,60,775,0,22000
2026-06-02,PHC004,M006,Azithromycin,1248,27,0,2,22000
2026-06-03,PHC004,M006,Azithromycin,1226,22,0,0,22000
2026-06-04,PHC004,M006,Azithromycin,1201,25,0,0,22000
2026-06-05,PHC004,M006,Azithromycin,1172,28,0,1,22000
2026-06-06,PHC004,M006,Azithromycin,1149,20,0,3,22000
2026-06-07,PHC004,M006,Azithromycin,1127,22,0,0,22000
2026-06-08,PHC004,M006,Azithromycin,1115,12,0,0,22000
2026-06-09,PHC004,M006,Azithromycin,1092,23,0,0,22000
2026-06-10,PHC004,M006,Azithromycin,1069,22,0,1,22000
2026-06-11,PHC004,M006,Azithromycin,1048,20,0,1,22000
2026-06-12,PHC004,M006,Azithromycin,1020,26,0,2,22000
2026-06-13,PHC004,M006,Azithromycin,1002,18,0,0,22000
2026-06-14,PHC004,M006,Azithromycin,983,19,0,0,22000
2026-06-15,PHC004,M006,Azithromycin,1216,23,258,2,22000
2026-06-16,PHC004,M006,Azithromycin,1165,51,0,0,22000
2026-06-17,PHC004,M006,Azithromycin,1139,26,0,0,22000
2026-06-18,PHC004,M006,Azithromycin,1108,31,0,0,22000
2026-06-19,PHC004,M006,Azithromycin,1088,20,0,0,22000
2026-06-20,PHC004,M006,Azithromycin,1039,48,0,1,22000
2026-06-21,PHC004,M006,Azithromycin,1019,19,0,1,22000
2026-06-22,PHC004,M006,Azithromycin,994,24,0,1,22000
2026-06-23,PHC004,M006,Azithromycin,969,23,0,2,22000
2026-06-24,PHC004,M006,Azithromycin,939,29,0,1,22000
2026-06-25,PHC004,M006,Azithromycin,917,20,0,2,22000
2026-06-26,PHC004,M006,Azithromycin,890,27,0,0,22000
2026-06-27,PHC004,M006,Azithromycin,871,19,0,0,22000
2026-06-28,PHC004,M006,Azithromycin,841,27,0,3,22000
2026-06-29,PHC004,M006,Azithromycin,807,32,0,2,22000
2026-06-30,PHC004,M006,Azithromycin,785,21,0,1,22000
2026-01-01,PHC004,M007,Iron Tablets,1010,37,453,0,22000
2026-01-02,PHC004,M007,Iron Tablets,970,38,0,2,22000
2026-01-03,PHC004,M007,Iron Tablets,927,41,0,2,22000
2026-01-04,PHC004,M007,Iron Tablets,881,46,0,0,22000
2026-01-05,PHC004,M007,Iron Tablets,842,38,0,1,22000
2026-01-06,PHC004,M007,Iron Tablets,801,41,0,0,22000
2026-01-07,PHC004,M007,Iron Tablets,755,45,0,1,22000
2026-01-08,PHC004,M007,Iron Tablets,705,50,0,0,22000
2026-01-09,PHC004,M007,Iron Tablets,655,49,0,1,22000
2026-01-10,PHC004,M007,Iron Tablets,595,59,0,1,22000
2026-01-11,PHC004,M007,Iron Tablets,542,53,0,0,22000
2026-01-12,PHC004,M007,Iron Tablets,499,43,0,0,22000
2026-01-13,PHC004,M007,Iron Tablets,464,35,0,0,22000
2026-01-14,PHC004,M007,Iron Tablets,419,44,0,1,22000
2026-01-15,PHC004,M007,Iron Tablets,1045,50,676,0,22000
2026-01-16,PHC004,M007,Iron Tablets,1002,42,0,1,22000
2026-01-17,PHC004,M007,Iron Tablets,946,54,0,2,22000
2026-01-18,PHC004,M007,Iron Tablets,889,57,0,0,22000
2026-01-19,PHC004,M007,Iron Tablets,826,61,0,2,22000
2026-01-20,PHC004,M007,Iron Tablets,773,52,0,1,22000
2026-01-21,PHC004,M007,Iron Tablets,727,46,0,0,22000
2026-01-22,PHC004,M007,Iron Tablets,674,53,0,0,22000
2026-01-23,PHC004,M007,Iron Tablets,626,48,0,0,22000
2026-01-24,PHC004,M007,Iron Tablets,577,48,0,1,22000
2026-01-25,PHC004,M007,Iron Tablets,519,58,0,0,22000
2026-01-26,PHC004,M007,Iron Tablets,477,42,0,0,22000
2026-01-27,PHC004,M007,Iron Tablets,433,44,0,0,22000
2026-01-28,PHC004,M007,Iron Tablets,396,37,0,0,22000
2026-01-29,PHC004,M007,Iron Tablets,353,43,0,0,22000
2026-01-30,PHC004,M007,Iron Tablets,297,56,0,0,22000
2026-01-31,PHC004,M007,Iron Tablets,252,45,0,0,22000
2026-02-01,PHC004,M007,Iron Tablets,1093,53,894,0,22000
2026-02-02,PHC004,M007,Iron Tablets,966,127,0,0,22000
2026-02-03,PHC004,M007,Iron Tablets,911,52,0,3,22000
2026-02-04,PHC004,M007,Iron Tablets,872,38,0,1,22000
2026-02-05,PHC004,M007,Iron Tablets,709,163,0,0,22000
2026-02-06,PHC004,M007,Iron Tablets,653,55,0,1,22000
2026-02-07,PHC004,M007,Iron Tablets,613,40,0,0,22000
2026-02-08,PHC004,M007,Iron Tablets,573,40,0,0,22000
2026-02-09,PHC004,M007,Iron Tablets,525,48,0,0,22000
2026-02-10,PHC004,M007,Iron Tablets,478,47,0,0,22000
2026-02-11,PHC004,M007,Iron Tablets,425,53,0,0,22000
2026-02-12,PHC004,M007,Iron Tablets,357,68,0,0,22000
2026-02-13,PHC004,M007,Iron Tablets,318,39,0,0,22000
2026-02-14,PHC004,M007,Iron Tablets,274,44,0,0,22000
2026-02-15,PHC004,M007,Iron Tablets,840,45,612,1,22000
2026-02-16,PHC004,M007,Iron Tablets,795,44,0,1,22000
2026-02-17,PHC004,M007,Iron Tablets,747,48,0,0,22000
2026-02-18,PHC004,M007,Iron Tablets,701,46,0,0,22000
2026-02-19,PHC004,M007,Iron Tablets,647,54,0,0,22000
2026-02-20,PHC004,M007,Iron Tablets,604,43,0,0,22000
2026-02-21,PHC004,M007,Iron Tablets,548,55,0,1,22000
2026-02-22,PHC004,M007,Iron Tablets,504,43,0,1,22000
2026-02-23,PHC004,M007,Iron Tablets,454,49,0,1,22000
2026-02-24,PHC004,M007,Iron Tablets,410,44,0,0,22000
2026-02-25,PHC004,M007,Iron Tablets,369,41,0,0,22000
2026-02-26,PHC004,M007,Iron Tablets,336,33,0,0,22000
2026-02-27,PHC004,M007,Iron Tablets,303,33,0,0,22000
2026-02-28,PHC004,M007,Iron Tablets,272,31,0,0,22000
2026-03-01,PHC004,M007,Iron Tablets,709,43,480,0,22000
2026-03-02,PHC004,M007,Iron Tablets,668,41,0,0,22000
2026-03-03,PHC004,M007,Iron Tablets,627,41,0,0,22000
2026-03-04,PHC004,M007,Iron Tablets,578,48,0,1,22000
2026-03-05,PHC004,M007,Iron Tablets,526,52,0,0,22000
2026-03-06,PHC004,M007,Iron Tablets,492,34,0,0,22000
2026-03-07,PHC004,M007,Iron Tablets,455,37,0,0,22000
2026-03-08,PHC004,M007,Iron Tablets,410,45,0,0,22000
2026-03-09,PHC004,M007,Iron Tablets,372,38,0,0,22000
2026-03-10,PHC004,M007,Iron Tablets,333,39,0,0,22000
2026-03-11,PHC004,M007,Iron Tablets,290,43,0,0,22000
2026-03-12,PHC004,M007,Iron Tablets,249,41,0,0,22000
2026-03-13,PHC004,M007,Iron Tablets,211,38,0,0,22000
2026-03-14,PHC004,M007,Iron Tablets,945,51,785,0,22000
2026-03-15,PHC004,M007,Iron Tablets,1797,46,900,2,22000
2026-03-16,PHC004,M007,Iron Tablets,1753,44,0,0,22000
2026-03-17,PHC004,M007,Iron Tablets,1697,52,0,4,22000
2026-03-18,PHC004,M007,Iron Tablets,1656,41,0,0,22000
2026-03-19,PHC004,M007,Iron Tablets,1615,39,0,2,22000
2026-03-20,PHC004,M007,Iron Tablets,1555,56,0,4,22000
2026-03-21,PHC004,M007,Iron Tablets,1504,47,0,4,22000
2026-03-22,PHC004,M007,Iron Tablets,1465,39,0,0,22000
2026-03-23,PHC004,M007,Iron Tablets,1416,49,0,0,22000
2026-03-24,PHC004,M007,Iron Tablets,1383,32,0,1,22000
2026-03-25,PHC004,M007,Iron Tablets,1331,51,0,1,22000
2026-03-26,PHC004,M007,Iron Tablets,1269,60,0,2,22000
2026-03-27,PHC004,M007,Iron Tablets,1223,46,0,0,22000
2026-03-28,PHC004,M007,Iron Tablets,1176,46,0,1,22000
2026-03-29,PHC004,M007,Iron Tablets,1145,29,0,2,22000
2026-03-30,PHC004,M007,Iron Tablets,1091,51,0,3,22000
2026-03-31,PHC004,M007,Iron Tablets,1040,50,0,1,22000
2026-04-01,PHC004,M007,Iron Tablets,1883,46,890,1,22000
2026-04-02,PHC004,M007,Iron Tablets,1821,59,0,3,22000
2026-04-03,PHC004,M007,Iron Tablets,1770,51,0,0,22000
2026-04-04,PHC004,M007,Iron Tablets,1718,49,0,3,22000
2026-04-05,PHC004,M007,Iron Tablets,1660,55,0,3,22000
2026-04-06,PHC004,M007,Iron Tablets,1614,46,0,0,22000
2026-04-07,PHC004,M007,Iron Tablets,1571,43,0,0,22000
2026-04-08,PHC004,M007,Iron Tablets,1505,66,0,0,22000
2026-04-09,PHC004,M007,Iron Tablets,1465,39,0,1,22000
2026-04-10,PHC004,M007,Iron Tablets,1413,50,0,2,22000
2026-04-11,PHC004,M007,Iron Tablets,1362,50,0,1,22000
2026-04-12,PHC004,M007,Iron Tablets,1302,58,0,2,22000
2026-04-13,PHC004,M007,Iron Tablets,1257,45,0,0,22000
2026-04-14,PHC004,M007,Iron Tablets,1204,52,0,1,22000
2026-04-15,PHC004,M007,Iron Tablets,2024,52,874,2,22000
2026-04-16,PHC004,M007,Iron Tablets,1965,58,0,1,22000
2026-04-17,PHC004,M007,Iron Tablets,1912,51,0,2,22000
2026-04-18,PHC004,M007,Iron Tablets,1858,51,0,3,22000
2026-04-19,PHC004,M007,Iron Tablets,1807,50,0,1,22000
2026-04-20,PHC004,M007,Iron Tablets,1753,52,0,2,22000
2026-04-21,PHC004,M007,Iron Tablets,1690,62,0,1,22000
2026-04-22,PHC004,M007,Iron Tablets,1636,52,0,2,22000
2026-04-23,PHC004,M007,Iron Tablets,1582,54,0,0,22000
2026-04-24,PHC004,M007,Iron Tablets,1524,57,0,1,22000
2026-04-25,PHC004,M007,Iron Tablets,1471,51,0,2,22000
2026-04-26,PHC004,M007,Iron Tablets,1427,43,0,1,22000
2026-04-27,PHC004,M007,Iron Tablets,1371,55,0,1,22000
2026-04-28,PHC004,M007,Iron Tablets,1308,62,0,1,22000
2026-04-29,PHC004,M007,Iron Tablets,1268,40,0,0,22000
2026-04-30,PHC004,M007,Iron Tablets,1203,61,0,4,22000
2026-05-01,PHC004,M007,Iron Tablets,2082,48,927,0,22000
2026-05-02,PHC004,M007,Iron Tablets,2035,46,0,1,22000
2026-05-03,PHC004,M007,Iron Tablets,1991,44,0,0,22000
2026-05-04,PHC004,M007,Iron Tablets,1942,48,0,1,22000
2026-05-05,PHC004,M007,Iron Tablets,1892,50,0,0,22000
2026-05-06,PHC004,M007,Iron Tablets,1833,57,0,2,22000
2026-05-07,PHC004,M007,Iron Tablets,1775,57,0,1,22000
2026-05-08,PHC004,M007,Iron Tablets,1719,53,0,3,22000
2026-05-09,PHC004,M007,Iron Tablets,1670,49,0,0,22000
2026-05-10,PHC004,M007,Iron Tablets,1618,51,0,1,22000
2026-05-11,PHC004,M007,Iron Tablets,1558,59,0,1,22000
2026-05-12,PHC004,M007,Iron Tablets,1511,43,0,4,22000
2026-05-13,PHC004,M007,Iron Tablets,1465,44,0,2,22000
2026-05-14,PHC004,M007,Iron Tablets,1415,50,0,0,22000
2026-05-15,PHC004,M007,Iron Tablets,2079,60,724,0,22000
2026-05-16,PHC004,M007,Iron Tablets,2043,35,0,1,22000
2026-05-17,PHC004,M007,Iron Tablets,1997,45,0,1,22000
2026-05-18,PHC004,M007,Iron Tablets,1940,56,0,1,22000
2026-05-19,PHC004,M007,Iron Tablets,1899,40,0,1,22000
2026-05-20,PHC004,M007,Iron Tablets,1846,53,0,0,22000
2026-05-21,PHC004,M007,Iron Tablets,1804,41,0,1,22000
2026-05-22,PHC004,M007,Iron Tablets,1757,47,0,0,22000
2026-05-23,PHC004,M007,Iron Tablets,1722,34,0,1,22000
2026-05-24,PHC004,M007,Iron Tablets,1680,42,0,0,22000
2026-05-25,PHC004,M007,Iron Tablets,1637,41,0,2,22000
2026-05-26,PHC004,M007,Iron Tablets,1596,40,0,1,22000
2026-05-27,PHC004,M007,Iron Tablets,1555,38,0,3,22000
2026-05-28,PHC004,M007,Iron Tablets,1501,53,0,1,22000
2026-05-29,PHC004,M007,Iron Tablets,1466,35,0,0,22000
2026-05-30,PHC004,M007,Iron Tablets,1411,53,0,2,22000
2026-05-31,PHC004,M007,Iron Tablets,1366,45,0,0,22000
2026-06-01,PHC004,M007,Iron Tablets,1906,34,576,2,22000
2026-06-02,PHC004,M007,Iron Tablets,1855,49,0,2,22000
2026-06-03,PHC004,M007,Iron Tablets,1809,43,0,3,22000
2026-06-04,PHC004,M007,Iron Tablets,1762,46,0,1,22000
2026-06-05,PHC004,M007,Iron Tablets,1724,38,0,0,22000
2026-06-06,PHC004,M007,Iron Tablets,1685,38,0,1,22000
2026-06-07,PHC004,M007,Iron Tablets,1635,50,0,0,22000
2026-06-08,PHC004,M007,Iron Tablets,1581,52,0,2,22000
2026-06-09,PHC004,M007,Iron Tablets,1528,53,0,0,22000
2026-06-10,PHC004,M007,Iron Tablets,1484,44,0,0,22000
2026-06-11,PHC004,M007,Iron Tablets,1438,45,0,1,22000
2026-06-12,PHC004,M007,Iron Tablets,1395,41,0,2,22000
2026-06-13,PHC004,M007,Iron Tablets,1343,51,0,1,22000
2026-06-14,PHC004,M007,Iron Tablets,1293,50,0,0,22000
2026-06-15,PHC004,M007,Iron Tablets,2071,50,830,2,22000
2026-06-16,PHC004,M007,Iron Tablets,2020,49,0,2,22000
2026-06-17,PHC004,M007,Iron Tablets,1978,40,0,2,22000
2026-06-18,PHC004,M007,Iron Tablets,1931,47,0,0,22000
2026-06-19,PHC004,M007,Iron Tablets,1882,48,0,1,22000
2026-06-20,PHC004,M007,Iron Tablets,1818,60,0,4,22000
2026-06-21,PHC004,M007,Iron Tablets,1769,46,0,3,22000
2026-06-22,PHC004,M007,Iron Tablets,1725,42,0,2,22000
2026-06-23,PHC004,M007,Iron Tablets,1672,53,0,0,22000
2026-06-24,PHC004,M007,Iron Tablets,1615,53,0,4,22000
2026-06-25,PHC004,M007,Iron Tablets,1587,26,0,2,22000
2026-06-26,PHC004,M007,Iron Tablets,1540,47,0,0,22000
2026-06-27,PHC004,M007,Iron Tablets,1492,46,0,2,22000
2026-06-28,PHC004,M007,Iron Tablets,1446,45,0,1,22000
2026-06-29,PHC004,M007,Iron Tablets,1389,56,0,1,22000
2026-06-30,PHC004,M007,Iron Tablets,1341,48,0,0,22000
2026-01-01,PHC004,M008,Antacid,768,41,414,0,22000
2026-01-02,PHC004,M008,Antacid,737,31,0,0,22000
2026-01-03,PHC004,M008,Antacid,684,53,0,0,22000
2026-01-04,PHC004,M008,Antacid,647,36,0,1,22000
2026-01-05,PHC004,M008,Antacid,598,49,0,0,22000
2026-01-06,PHC004,M008,Antacid,560,37,0,1,22000
2026-01-07,PHC004,M008,Antacid,522,38,0,0,22000
2026-01-08,PHC004,M008,Antacid,490,31,0,1,22000
2026-01-09,PHC004,M008,Antacid,451,38,0,1,22000
2026-01-10,PHC004,M008,Antacid,404,46,0,1,22000
2026-01-11,PHC004,M008,Antacid,357,47,0,0,22000
2026-01-12,PHC004,M008,Antacid,308,49,0,0,22000
2026-01-13,PHC004,M008,Antacid,265,42,0,1,22000
2026-01-14,PHC004,M008,Antacid,1208,54,997,0,22000
2026-01-15,PHC004,M008,Antacid,1888,45,727,2,22000
2026-01-16,PHC004,M008,Antacid,1842,44,0,2,22000
2026-01-17,PHC004,M008,Antacid,1806,35,0,1,22000
2026-01-18,PHC004,M008,Antacid,1759,47,0,0,22000
2026-01-19,PHC004,M008,Antacid,1725,32,0,2,22000
2026-01-20,PHC004,M008,Antacid,1682,41,0,2,22000
2026-01-21,PHC004,M008,Antacid,1635,46,0,1,22000
2026-01-22,PHC004,M008,Antacid,1586,48,0,1,22000
2026-01-23,PHC004,M008,Antacid,1530,54,0,2,22000
2026-01-24,PHC004,M008,Antacid,1492,36,0,2,22000
2026-01-25,PHC004,M008,Antacid,1446,46,0,0,22000
2026-01-26,PHC004,M008,Antacid,1403,41,0,2,22000
2026-01-27,PHC004,M008,Antacid,1352,48,0,3,22000
2026-01-28,PHC004,M008,Antacid,1305,46,0,1,22000
2026-01-29,PHC004,M008,Antacid,1241,61,0,3,22000
2026-01-30,PHC004,M008,Antacid,1197,44,0,0,22000
2026-01-31,PHC004,M008,Antacid,1149,47,0,1,22000
2026-02-01,PHC004,M008,Antacid,1867,51,771,2,22000
2026-02-02,PHC004,M008,Antacid,1809,56,0,2,22000
2026-02-03,PHC004,M008,Antacid,1767,41,0,1,22000
2026-02-04,PHC004,M008,Antacid,1721,45,0,1,22000
2026-02-05,PHC004,M008,Antacid,1678,43,0,0,22000
2026-02-06,PHC004,M008,Antacid,1626,50,0,2,22000
2026-02-07,PHC004,M008,Antacid,1587,39,0,0,22000
2026-02-08,PHC004,M008,Antacid,1534,52,0,1,22000
2026-02-09,PHC004,M008,Antacid,1493,41,0,0,22000
2026-02-10,PHC004,M008,Antacid,1460,33,0,0,22000
2026-02-11,PHC004,M008,Antacid,1419,41,0,0,22000
2026-02-12,PHC004,M008,Antacid,1378,40,0,1,22000
2026-02-13,PHC004,M008,Antacid,1334,44,0,0,22000
2026-02-14,PHC004,M008,Antacid,1288,45,0,1,22000
2026-02-15,PHC004,M008,Antacid,1890,34,638,2,22000
2026-02-16,PHC004,M008,Antacid,1851,37,0,2,22000
2026-02-17,PHC004,M008,Antacid,1806,44,0,1,22000
2026-02-18,PHC004,M008,Antacid,1769,34,0,3,22000
2026-02-19,PHC004,M008,Antacid,1729,39,0,1,22000
2026-02-20,PHC004,M008,Antacid,1694,35,0,0,22000
2026-02-21,PHC004,M008,Antacid,1642,49,0,3,22000
2026-02-22,PHC004,M008,Antacid,1601,40,0,1,22000
2026-02-23,PHC004,M008,Antacid,1550,49,0,2,22000
2026-02-24,PHC004,M008,Antacid,1508,41,0,1,22000
2026-02-25,PHC004,M008,Antacid,1482,26,0,0,22000
2026-02-26,PHC004,M008,Antacid,1436,43,0,3,22000
2026-02-27,PHC004,M008,Antacid,1402,32,0,2,22000
2026-02-28,PHC004,M008,Antacid,1367,34,0,1,22000
2026-03-01,PHC004,M008,Antacid,1913,40,587,1,22000
2026-03-02,PHC004,M008,Antacid,1882,31,0,0,22000
2026-03-03,PHC004,M008,Antacid,1843,38,0,1,22000
2026-03-04,PHC004,M008,Antacid,1809,33,0,1,22000
2026-03-05,PHC004,M008,Antacid,1775,34,0,0,22000
2026-03-06,PHC004,M008,Antacid,1741,33,0,1,22000
2026-03-07,PHC004,M008,Antacid,1701,38,0,2,22000
2026-03-08,PHC004,M008,Antacid,1662,37,0,2,22000
2026-03-09,PHC004,M008,Antacid,1633,27,0,2,22000
2026-03-10,PHC004,M008,Antacid,1595,37,0,1,22000
2026-03-11,PHC004,M008,Antacid,1560,34,0,1,22000
2026-03-12,PHC004,M008,Antacid,1514,44,0,2,22000
2026-03-13,PHC004,M008,Antacid,1471,41,0,2,22000
2026-03-14,PHC004,M008,Antacid,1435,35,0,1,22000
2026-03-15,PHC004,M008,Antacid,1791,26,382,0,22000
2026-03-16,PHC004,M008,Antacid,1742,49,0,0,22000
2026-03-17,PHC004,M008,Antacid,1705,34,0,3,22000
2026-03-18,PHC004,M008,Antacid,1657,47,0,1,22000
2026-03-19,PHC004,M008,Antacid,1611,46,0,0,22000
2026-03-20,PHC004,M008,Antacid,1573,35,0,3,22000
2026-03-21,PHC004,M008,Antacid,1536,37,0,0,22000
2026-03-22,PHC004,M008,Antacid,1499,35,0,2,22000
2026-03-23,PHC004,M008,Antacid,1468,31,0,0,22000
2026-03-24,PHC004,M008,Antacid,1422,45,0,1,22000
2026-03-25,PHC004,M008,Antacid,1369,53,0,0,22000
2026-03-26,PHC004,M008,Antacid,1326,42,0,1,22000
2026-03-27,PHC004,M008,Antacid,1278,48,0,0,22000
2026-03-28,PHC004,M008,Antacid,1238,38,0,2,22000
2026-03-29,PHC004,M008,Antacid,1202,35,0,1,22000
2026-03-30,PHC004,M008,Antacid,1164,33,0,5,22000
2026-03-31,PHC004,M008,Antacid,1126,36,0,2,22000
2026-04-01,PHC004,M008,Antacid,1916,43,833,0,22000
2026-04-02,PHC004,M008,Antacid,1872,41,0,3,22000
2026-04-03,PHC004,M008,Antacid,1812,58,0,2,22000
2026-04-04,PHC004,M008,Antacid,1768,42,0,2,22000
2026-04-05,PHC004,M008,Antacid,1718,49,0,1,22000
2026-04-06,PHC004,M008,Antacid,1670,48,0,0,22000
2026-04-07,PHC004,M008,Antacid,1620,50,0,0,22000
2026-04-08,PHC004,M008,Antacid,1569,48,0,3,22000
2026-04-09,PHC004,M008,Antacid,1524,45,0,0,22000
2026-04-10,PHC004,M008,Antacid,1472,52,0,0,22000
2026-04-11,PHC004,M008,Antacid,1418,54,0,0,22000
2026-04-12,PHC004,M008,Antacid,1368,50,0,0,22000
2026-04-13,PHC004,M008,Antacid,1320,46,0,2,22000
2026-04-14,PHC004,M008,Antacid,1267,52,0,1,22000
2026-04-15,PHC004,M008,Antacid,2122,50,908,3,22000
2026-04-16,PHC004,M008,Antacid,2059,62,0,1,22000
2026-04-17,PHC004,M008,Antacid,2013,41,0,5,22000
2026-04-18,PHC004,M008,Antacid,1971,41,0,1,22000
2026-04-19,PHC004,M008,Antacid,1900,70,0,1,22000
2026-04-20,PHC004,M008,Antacid,1849,50,0,1,22000
2026-04-21,PHC004,M008,Antacid,1786,62,0,1,22000
2026-04-22,PHC004,M008,Antacid,1741,45,0,0,22000
2026-04-23,PHC004,M008,Antacid,1701,40,0,0,22000
2026-04-24,PHC004,M008,Antacid,1649,50,0,2,22000
2026-04-25,PHC004,M008,Antacid,1599,49,0,1,22000
2026-04-26,PHC004,M008,Antacid,1550,47,0,2,22000
2026-04-27,PHC004,M008,Antacid,1500,49,0,1,22000
2026-04-28,PHC004,M008,Antacid,1450,48,0,2,22000
2026-04-29,PHC004,M008,Antacid,1388,60,0,2,22000
2026-04-30,PHC004,M008,Antacid,1334,53,0,1,22000
2026-05-01,PHC004,M008,Antacid,1913,44,623,0,22000
2026-05-02,PHC004,M008,Antacid,1867,43,0,3,22000
2026-05-03,PHC004,M008,Antacid,1820,46,0,1,22000
2026-05-04,PHC004,M008,Antacid,1790,30,0,0,22000
2026-05-05,PHC004,M008,Antacid,1740,49,0,1,22000
2026-05-06,PHC004,M008,Antacid,1688,51,0,1,22000
2026-05-07,PHC004,M008,Antacid,1636,52,0,0,22000
2026-05-08,PHC004,M008,Antacid,1591,43,0,2,22000
2026-05-09,PHC004,M008,Antacid,1544,45,0,2,22000
2026-05-10,PHC004,M008,Antacid,1498,45,0,1,22000
2026-05-11,PHC004,M008,Antacid,1437,59,0,2,22000
2026-05-12,PHC004,M008,Antacid,1390,45,0,2,22000
2026-05-13,PHC004,M008,Antacid,1333,56,0,1,22000
2026-05-14,PHC004,M008,Antacid,1279,54,0,0,22000
2026-05-15,PHC004,M008,Antacid,1577,30,330,2,22000
2026-05-16,PHC004,M008,Antacid,1535,41,0,1,22000
2026-05-17,PHC004,M008,Antacid,1486,48,0,1,22000
2026-05-18,PHC004,M008,Antacid,1445,40,0,1,22000
2026-05-19,PHC004,M008,Antacid,1403,42,0,0,22000
2026-05-20,PHC004,M008,Antacid,1357,43,0,3,22000
2026-05-21,PHC004,M008,Antacid,1308,48,0,1,22000
2026-05-22,PHC004,M008,Antacid,1263,42,0,3,22000
2026-05-23,PHC004,M008,Antacid,1216,44,0,3,22000
2026-05-24,PHC004,M008,Antacid,1173,41,0,2,22000
2026-05-25,PHC004,M008,Antacid,1118,54,0,1,22000
2026-05-26,PHC004,M008,Antacid,1070,47,0,1,22000
2026-05-27,PHC004,M008,Antacid,1026,43,0,1,22000
2026-05-28,PHC004,M008,Antacid,985,40,0,1,22000
2026-05-29,PHC004,M008,Antacid,946,37,0,2,22000
2026-05-30,PHC004,M008,Antacid,908,38,0,0,22000
2026-05-31,PHC004,M008,Antacid,861,45,0,2,22000
2026-06-01,PHC004,M008,Antacid,1452,40,631,0,22000
2026-06-02,PHC004,M008,Antacid,1411,38,0,3,22000
2026-06-03,PHC004,M008,Antacid,1372,38,0,1,22000
2026-06-04,PHC004,M008,Antacid,1322,49,0,1,22000
2026-06-05,PHC004,M008,Antacid,1276,46,0,0,22000
2026-06-06,PHC004,M008,Antacid,1235,39,0,2,22000
2026-06-07,PHC004,M008,Antacid,1201,34,0,0,22000
2026-06-08,PHC004,M008,Antacid,1152,47,0,2,22000
2026-06-09,PHC004,M008,Antacid,1108,40,0,4,22000
2026-06-10,PHC004,M008,Antacid,1064,43,0,1,22000
2026-06-11,PHC004,M008,Antacid,1028,35,0,1,22000
2026-06-12,PHC004,M008,Antacid,983,43,0,2,22000
2026-06-13,PHC004,M008,Antacid,943,40,0,0,22000
2026-06-14,PHC004,M008,Antacid,907,35,0,1,22000
2026-06-15,PHC004,M008,Antacid,1406,36,535,0,22000
2026-06-16,PHC004,M008,Antacid,1363,42,0,1,22000
2026-06-17,PHC004,M008,Antacid,1311,51,0,1,22000
2026-06-18,PHC004,M008,Antacid,1262,48,0,1,22000
2026-06-19,PHC004,M008,Antacid,1220,40,0,2,22000
2026-06-20,PHC004,M008,Antacid,1177,41,0,2,22000
2026-06-21,PHC004,M008,Antacid,1128,49,0,0,22000
2026-06-22,PHC004,M008,Antacid,1079,47,0,2,22000
2026-06-23,PHC004,M008,Antacid,1038,40,0,1,22000
2026-06-24,PHC004,M008,Antacid,989,48,0,1,22000
2026-06-25,PHC004,M008,Antacid,936,53,0,0,22000
2026-06-26,PHC004,M008,Antacid,893,43,0,0,22000
2026-06-27,PHC004,M008,Antacid,839,52,0,2,22000
2026-06-28,PHC004,M008,Antacid,795,44,0,0,22000
2026-06-29,PHC004,M008,Antacid,753,41,0,1,22000
2026-06-30,PHC004,M008,Antacid,713,40,0,0,22000
2026-01-01,PHC005,M001,Paracetamol,955,44,588,1,14500
2026-01-02,PHC005,M001,Paracetamol,902,52,0,1,14500
2026-01-03,PHC005,M001,Paracetamol,836,66,0,0,14500
2026-01-04,PHC005,M001,Paracetamol,778,56,0,2,14500
2026-01-05,PHC005,M001,Paracetamol,722,55,0,1,14500
2026-01-06,PHC005,M001,Paracetamol,668,54,0,0,14500
2026-01-07,PHC005,M001,Paracetamol,610,58,0,0,14500
2026-01-08,PHC005,M001,Paracetamol,561,49,0,0,14500
2026-01-09,PHC005,M001,Paracetamol,511,50,0,0,14500
2026-01-10,PHC005,M001,Paracetamol,453,55,0,3,14500
2026-01-11,PHC005,M001,Paracetamol,388,63,0,2,14500
2026-01-12,PHC005,M001,Paracetamol,337,51,0,0,14500
2026-01-13,PHC005,M001,Paracetamol,292,45,0,0,14500
2026-01-14,PHC005,M001,Paracetamol,240,51,0,1,14500
2026-01-15,PHC005,M001,Paracetamol,1281,62,1103,0,14500
2026-01-16,PHC005,M001,Paracetamol,1211,68,0,2,14500
2026-01-17,PHC005,M001,Paracetamol,1148,63,0,0,14500
2026-01-18,PHC005,M001,Paracetamol,1078,67,0,3,14500
2026-01-19,PHC005,M001,Paracetamol,1020,57,0,1,14500
2026-01-20,PHC005,M001,Paracetamol,963,56,0,1,14500
2026-01-21,PHC005,M001,Paracetamol,914,48,0,1,14500
2026-01-22,PHC005,M001,Paracetamol,843,71,0,0,14500
2026-01-23,PHC005,M001,Paracetamol,793,49,0,1,14500
2026-01-24,PHC005,M001,Paracetamol,718,75,0,0,14500
2026-01-25,PHC005,M001,Paracetamol,660,55,0,3,14500
2026-01-26,PHC005,M001,Paracetamol,605,55,0,0,14500
2026-01-27,PHC005,M001,Paracetamol,541,62,0,2,14500
2026-01-28,PHC005,M001,Paracetamol,492,48,0,1,14500
2026-01-29,PHC005,M001,Paracetamol,448,44,0,0,14500
2026-01-30,PHC005,M001,Paracetamol,389,58,0,1,14500
2026-01-31,PHC005,M001,Paracetamol,337,51,0,1,14500
2026-02-01,PHC005,M001,Paracetamol,886,61,611,1,14500
2026-02-02,PHC005,M001,Paracetamol,835,50,0,1,14500
2026-02-03,PHC005,M001,Paracetamol,778,57,0,0,14500
2026-02-04,PHC005,M001,Paracetamol,715,62,0,1,14500
2026-02-05,PHC005,M001,Paracetamol,650,62,0,3,14500
2026-02-06,PHC005,M001,Paracetamol,609,41,0,0,14500
2026-02-07,PHC005,M001,Paracetamol,551,58,0,0,14500
2026-02-08,PHC005,M001,Paracetamol,487,63,0,1,14500
2026-02-09,PHC005,M001,Paracetamol,423,64,0,0,14500
2026-02-10,PHC005,M001,Paracetamol,359,63,0,1,14500
2026-02-11,PHC005,M001,Paracetamol,316,42,0,1,14500
2026-02-12,PHC005,M001,Paracetamol,259,57,0,0,14500
2026-02-13,PHC005,M001,Paracetamol,1044,56,841,0,14500
2026-02-14,PHC005,M001,Paracetamol,994,49,0,1,14500
2026-02-15,PHC005,M001,Paracetamol,1572,46,624,0,14500
2026-02-16,PHC005,M001,Paracetamol,1519,51,0,2,14500
2026-02-17,PHC005,M001,Paracetamol,1476,41,0,2,14500
2026-02-18,PHC005,M001,Paracetamol,1420,53,0,3,14500
2026-02-19,PHC005,M001,Paracetamol,1370,45,0,5,14500
2026-02-20,PHC005,M001,Paracetamol,1172,198,0,0,14500
2026-02-21,PHC005,M001,Paracetamol,1121,50,0,1,14500
2026-02-22,PHC005,M001,Paracetamol,1067,52,0,2,14500
2026-02-23,PHC005,M001,Paracetamol,1024,43,0,0,14500
2026-02-24,PHC005,M001,Paracetamol,974,50,0,0,14500
2026-02-25,PHC005,M001,Paracetamol,917,56,0,1,14500
2026-02-26,PHC005,M001,Paracetamol,853,63,0,1,14500
2026-02-27,PHC005,M001,Paracetamol,800,53,0,0,14500
2026-02-28,PHC005,M001,Paracetamol,763,37,0,0,14500
2026-03-01,PHC005,M001,Paracetamol,1560,47,844,0,14500
2026-03-02,PHC005,M001,Paracetamol,1512,47,0,1,14500
2026-03-03,PHC005,M001,Paracetamol,1466,45,0,1,14500
2026-03-04,PHC005,M001,Paracetamol,1405,61,0,0,14500
2026-03-05,PHC005,M001,Paracetamol,1347,57,0,1,14500
2026-03-06,PHC005,M001,Paracetamol,1294,52,0,1,14500
2026-03-07,PHC005,M001,Paracetamol,1241,52,0,1,14500
2026-03-08,PHC005,M001,Paracetamol,1190,49,0,2,14500
2026-03-09,PHC005,M001,Paracetamol,1145,45,0,0,14500
2026-03-10,PHC005,M001,Paracetamol,1102,43,0,0,14500
2026-03-11,PHC005,M001,Paracetamol,1043,58,0,1,14500
2026-03-12,PHC005,M001,Paracetamol,990,53,0,0,14500
2026-03-13,PHC005,M001,Paracetamol,938,51,0,1,14500
2026-03-14,PHC005,M001,Paracetamol,881,57,0,0,14500
2026-03-15,PHC005,M001,Paracetamol,1594,42,755,0,14500
2026-03-16,PHC005,M001,Paracetamol,1528,62,0,4,14500
2026-03-17,PHC005,M001,Paracetamol,1467,60,0,1,14500
2026-03-18,PHC005,M001,Paracetamol,1421,42,0,4,14500
2026-03-19,PHC005,M001,Paracetamol,1370,49,0,2,14500
2026-03-20,PHC005,M001,Paracetamol,1329,41,0,0,14500
2026-03-21,PHC005,M001,Paracetamol,1279,50,0,0,14500
2026-03-22,PHC005,M001,Paracetamol,1238,40,0,1,14500
2026-03-23,PHC005,M001,Paracetamol,1184,54,0,0,14500
2026-03-24,PHC005,M001,Paracetamol,1136,46,0,2,14500
2026-03-25,PHC005,M001,Paracetamol,1084,51,0,1,14500
2026-03-26,PHC005,M001,Paracetamol,1016,68,0,0,14500
2026-03-27,PHC005,M001,Paracetamol,965,50,0,1,14500
2026-03-28,PHC005,M001,Paracetamol,901,64,0,0,14500
2026-03-29,PHC005,M001,Paracetamol,849,52,0,0,14500
2026-03-30,PHC005,M001,Paracetamol,706,142,0,1,14500
2026-03-31,PHC005,M001,Paracetamol,645,60,0,1,14500
2026-04-01,PHC005,M001,Paracetamol,1200,60,615,0,14500
2026-04-02,PHC005,M001,Paracetamol,1145,55,0,0,14500
2026-04-03,PHC005,M001,Paracetamol,1086,58,0,1,14500
2026-04-04,PHC005,M001,Paracetamol,1019,66,0,1,14500
2026-04-05,PHC005,M001,Paracetamol,954,64,0,1,14500
2026-04-06,PHC005,M001,Paracetamol,898,56,0,0,14500
2026-04-07,PHC005,M001,Paracetamol,838,59,0,1,14500
2026-04-08,PHC005,M001,Paracetamol,788,49,0,1,14500
2026-04-09,PHC005,M001,Paracetamol,731,56,0,1,14500
2026-04-10,PHC005,M001,Paracetamol,664,65,0,2,14500
2026-04-11,PHC005,M001,Paracetamol,590,74,0,0,14500
2026-04-12,PHC005,M001,Paracetamol,526,64,0,0,14500
2026-04-13,PHC005,M001,Paracetamol,475,51,0,0,14500
2026-04-14,PHC005,M001,Paracetamol,416,58,0,1,14500
2026-04-15,PHC005,M001,Paracetamol,1547,60,1191,0,14500
2026-04-16,PHC005,M001,Paracetamol,1480,65,0,2,14500
2026-04-17,PHC005,M001,Paracetamol,1421,59,0,0,14500
2026-04-18,PHC005,M001,Paracetamol,1348,71,0,2,14500
2026-04-19,PHC005,M001,Paracetamol,1287,60,0,1,14500
2026-04-20,PHC005,M001,Paracetamol,1217,70,0,0,14500
2026-04-21,PHC005,M001,Paracetamol,1148,69,0,0,14500
2026-04-22,PHC005,M001,Paracetamol,1078,70,0,0,14500
2026-04-23,PHC005,M001,Paracetamol,1017,60,0,1,14500
2026-04-24,PHC005,M001,Paracetamol,940,76,0,1,14500
2026-04-25,PHC005,M001,Paracetamol,872,68,0,0,14500
2026-04-26,PHC005,M001,Paracetamol,808,63,0,1,14500
2026-04-27,PHC005,M001,Paracetamol,729,79,0,0,14500
2026-04-28,PHC005,M001,Paracetamol,672,57,0,0,14500
2026-04-29,PHC005,M001,Paracetamol,598,73,0,1,14500
2026-04-30,PHC005,M001,Paracetamol,540,58,0,0,14500
2026-05-01,PHC005,M001,Paracetamol,1473,57,991,1,14500
2026-05-02,PHC005,M001,Paracetamol,1404,68,0,1,14500
2026-05-03,PHC005,M001,Paracetamol,1336,68,0,0,14500
2026-05-04,PHC005,M001,Paracetamol,1264,71,0,1,14500
2026-05-05,PHC005,M001,Paracetamol,1218,45,0,1,14500
2026-05-06,PHC005,M001,Paracetamol,1148,69,0,1,14500
2026-05-07,PHC005,M001,Paracetamol,1070,77,0,1,14500
2026-05-08,PHC005,M001,Paracetamol,1013,57,0,0,14500
2026-05-09,PHC005,M001,Paracetamol,953,60,0,0,14500
2026-05-10,PHC005,M001,Paracetamol,884,69,0,0,14500
2026-05-11,PHC005,M001,Paracetamol,839,45,0,0,14500
2026-05-12,PHC005,M001,Paracetamol,783,56,0,0,14500
2026-05-13,PHC005,M001,Paracetamol,719,64,0,0,14500
2026-05-14,PHC005,M001,Paracetamol,676,43,0,0,14500
2026-05-15,PHC005,M001,Paracetamol,1393,49,766,0,14500
2026-05-16,PHC005,M001,Paracetamol,1335,56,0,2,14500
2026-05-17,PHC005,M001,Paracetamol,1285,49,0,1,14500
2026-05-18,PHC005,M001,Paracetamol,1236,49,0,0,14500
2026-05-19,PHC005,M001,Paracetamol,1184,52,0,0,14500
2026-05-20,PHC005,M001,Paracetamol,1130,54,0,0,14500
2026-05-21,PHC005,M001,Paracetamol,1075,53,0,2,14500
2026-05-22,PHC005,M001,Paracetamol,1023,51,0,1,14500
2026-05-23,PHC005,M001,Paracetamol,966,56,0,1,14500
2026-05-24,PHC005,M001,Paracetamol,910,56,0,0,14500
2026-05-25,PHC005,M001,Paracetamol,863,47,0,0,14500
2026-05-26,PHC005,M001,Paracetamol,809,54,0,0,14500
2026-05-27,PHC005,M001,Paracetamol,760,49,0,0,14500
2026-05-28,PHC005,M001,Paracetamol,714,46,0,0,14500
2026-05-29,PHC005,M001,Paracetamol,663,51,0,0,14500
2026-05-30,PHC005,M001,Paracetamol,603,60,0,0,14500
2026-05-31,PHC005,M001,Paracetamol,544,58,0,1,14500
2026-06-01,PHC005,M001,Paracetamol,1273,48,777,0,14500
2026-06-02,PHC005,M001,Paracetamol,1233,39,0,1,14500
2026-06-03,PHC005,M001,Paracetamol,1188,45,0,0,14500
2026-06-04,PHC005,M001,Paracetamol,1143,45,0,0,14500
2026-06-05,PHC005,M001,Paracetamol,1087,56,0,0,14500
2026-06-06,PHC005,M001,Paracetamol,1033,52,0,2,14500
2026-06-07,PHC005,M001,Paracetamol,998,35,0,0,14500
2026-06-08,PHC005,M001,Paracetamol,947,50,0,1,14500
2026-06-09,PHC005,M001,Paracetamol,908,39,0,0,14500
2026-06-10,PHC005,M001,Paracetamol,853,55,0,0,14500
2026-06-11,PHC005,M001,Paracetamol,726,127,0,0,14500
2026-06-12,PHC005,M001,Paracetamol,670,54,0,2,14500
2026-06-13,PHC005,M001,Paracetamol,618,52,0,0,14500
2026-06-14,PHC005,M001,Paracetamol,555,61,0,2,14500
2026-06-15,PHC005,M001,Paracetamol,1217,45,707,0,14500
2026-06-16,PHC005,M001,Paracetamol,1160,55,0,2,14500
2026-06-17,PHC005,M001,Paracetamol,1107,52,0,1,14500
2026-06-18,PHC005,M001,Paracetamol,1067,39,0,1,14500
2026-06-19,PHC005,M001,Paracetamol,1012,54,0,1,14500
2026-06-20,PHC005,M001,Paracetamol,965,46,0,1,14500
2026-06-21,PHC005,M001,Paracetamol,909,56,0,0,14500
2026-06-22,PHC005,M001,Paracetamol,861,46,0,2,14500
2026-06-23,PHC005,M001,Paracetamol,794,66,0,1,14500
2026-06-24,PHC005,M001,Paracetamol,727,67,0,0,14500
2026-06-25,PHC005,M001,Paracetamol,680,46,0,1,14500
2026-06-26,PHC005,M001,Paracetamol,616,63,0,1,14500
2026-06-27,PHC005,M001,Paracetamol,544,70,0,2,14500
2026-06-28,PHC005,M001,Paracetamol,493,51,0,0,14500
2026-06-29,PHC005,M001,Paracetamol,435,58,0,0,14500
2026-06-30,PHC005,M001,Paracetamol,390,45,0,0,14500
2026-01-01,PHC005,M002,ORS,886,31,403,0,14500
2026-01-02,PHC005,M002,ORS,824,60,0,2,14500
2026-01-03,PHC005,M002,ORS,778,46,0,0,14500
2026-01-04,PHC005,M002,ORS,736,41,0,1,14500
2026-01-05,PHC005,M002,ORS,693,43,0,0,14500
2026-01-06,PHC005,M002,ORS,638,54,0,1,14500
2026-01-07,PHC005,M002,ORS,590,47,0,1,14500
2026-01-08,PHC005,M002,ORS,548,42,0,0,14500
2026-01-09,PHC005,M002,ORS,494,51,0,3,14500
2026-01-10,PHC005,M002,ORS,444,49,0,1,14500
2026-01-11,PHC005,M002,ORS,389,55,0,0,14500
2026-01-12,PHC005,M002,ORS,332,56,0,1,14500
2026-01-13,PHC005,M002,ORS,279,53,0,0,14500
2026-01-14,PHC005,M002,ORS,238,41,0,0,14500
2026-01-15,PHC005,M002,ORS,783,35,580,0,14500
2026-01-16,PHC005,M002,ORS,726,56,0,1,14500
2026-01-17,PHC005,M002,ORS,684,42,0,0,14500
2026-01-18,PHC005,M002,ORS,621,63,0,0,14500
2026-01-19,PHC005,M002,ORS,573,47,0,1,14500
2026-01-20,PHC005,M002,ORS,514,59,0,0,14500
2026-01-21,PHC005,M002,ORS,460,53,0,1,14500
2026-01-22,PHC005,M002,ORS,404,56,0,0,14500
2026-01-23,PHC005,M002,ORS,352,51,0,1,14500
2026-01-24,PHC005,M002,ORS,295,57,0,0,14500
2026-01-25,PHC005,M002,ORS,1266,64,1035,0,14500
2026-01-26,PHC005,M002,ORS,1221,42,0,3,14500
2026-01-27,PHC005,M002,ORS,1161,60,0,0,14500
2026-01-28,PHC005,M002,ORS,1104,57,0,0,14500
2026-01-29,PHC005,M002,ORS,1065,39,0,0,14500
2026-01-30,PHC005,M002,ORS,1009,54,0,2,14500
2026-01-31,PHC005,M002,ORS,963,46,0,0,14500
2026-02-01,PHC005,M002,ORS,1359,44,441,1,14500
2026-02-02,PHC005,M002,ORS,1304,55,0,0,14500
2026-02-03,PHC005,M002,ORS,1258,46,0,0,14500
2026-02-04,PHC005,M002,ORS,1211,46,0,1,14500
2026-02-05,PHC005,M002,ORS,1158,53,0,0,14500
2026-02-06,PHC005,M002,ORS,1114,44,0,0,14500
2026-02-07,PHC005,M002,ORS,1064,50,0,0,14500
2026-02-08,PHC005,M002,ORS,1016,44,0,4,14500
2026-02-09,PHC005,M002,ORS,962,51,0,3,14500
2026-02-10,PHC005,M002,ORS,909,52,0,1,14500
2026-02-11,PHC005,M002,ORS,867,42,0,0,14500
2026-02-12,PHC005,M002,ORS,824,43,0,0,14500
2026-02-13,PHC005,M002,ORS,759,64,0,1,14500
2026-02-14,PHC005,M002,ORS,715,44,0,0,14500
2026-02-15,PHC005,M002,ORS,1241,42,568,0,14500
2026-02-16,PHC005,M002,ORS,1204,37,0,0,14500
2026-02-17,PHC005,M002,ORS,1152,51,0,1,14500
2026-02-18,PHC005,M002,ORS,1109,43,0,0,14500
2026-02-19,PHC005,M002,ORS,1068,39,0,2,14500
2026-02-20,PHC005,M002,ORS,1021,47,0,0,14500
2026-02-21,PHC005,M002,ORS,980,41,0,0,14500
2026-02-22,PHC005,M002,ORS,934,44,0,2,14500
2026-02-23,PHC005,M002,ORS,882,51,0,1,14500
2026-02-24,PHC005,M002,ORS,820,60,0,2,14500
2026-02-25,PHC005,M002,ORS,773,47,0,0,14500
2026-02-26,PHC005,M002,ORS,730,42,0,1,14500
2026-02-27,PHC005,M002,ORS,680,50,0,0,14500
2026-02-28,PHC005,M002,ORS,638,40,0,2,14500
2026-03-01,PHC005,M002,ORS,1428,45,836,1,14500
2026-03-02,PHC005,M002,ORS,1390,35,0,3,14500
2026-03-03,PHC005,M002,ORS,1351,39,0,0,14500
2026-03-04,PHC005,M002,ORS,1299,50,0,2,14500
2026-03-05,PHC005,M002,ORS,1250,48,0,1,14500
2026-03-06,PHC005,M002,ORS,1205,44,0,1,14500
2026-03-07,PHC005,M002,ORS,1153,51,0,1,14500
2026-03-08,PHC005,M002,ORS,1113,39,0,1,14500
2026-03-09,PHC005,M002,ORS,1076,37,0,0,14500
2026-03-10,PHC005,M002,ORS,1038,37,0,1,14500
2026-03-11,PHC005,M002,ORS,990,48,0,0,14500
2026-03-12,PHC005,M002,ORS,941,49,0,0,14500
2026-03-13,PHC005,M002,ORS,890,49,0,2,14500
2026-03-14,PHC005,M002,ORS,849,40,0,1,14500
2026-03-15,PHC005,M002,ORS,1590,45,786,0,14500
2026-03-16,PHC005,M002,ORS,1545,43,0,2,14500
2026-03-17,PHC005,M002,ORS,1505,40,0,0,14500
2026-03-18,PHC005,M002,ORS,1447,58,0,0,14500
2026-03-19,PHC005,M002,ORS,1410,36,0,1,14500
2026-03-20,PHC005,M002,ORS,1350,60,0,0,14500
2026-03-21,PHC005,M002,ORS,1307,41,0,2,14500
2026-03-22,PHC005,M002,ORS,1260,47,0,0,14500
2026-03-23,PHC005,M002,ORS,1169,91,0,0,14500
2026-03-24,PHC005,M002,ORS,1126,43,0,0,14500
2026-03-25,PHC005,M002,ORS,1085,40,0,1,14500
2026-03-26,PHC005,M002,ORS,1049,35,0,1,14500
2026-03-27,PHC005,M002,ORS,1001,47,0,1,14500
2026-03-28,PHC005,M002,ORS,960,39,0,2,14500
2026-03-29,PHC005,M002,ORS,903,56,0,1,14500
2026-03-30,PHC005,M002,ORS,860,43,0,0,14500
2026-03-31,PHC005,M002,ORS,810,50,0,0,14500
2026-04-01,PHC005,M002,ORS,1438,54,682,0,14500
2026-04-02,PHC005,M002,ORS,1393,45,0,0,14500
2026-04-03,PHC005,M002,ORS,1341,48,0,4,14500
2026-04-04,PHC005,M002,ORS,1275,66,0,0,14500
2026-04-05,PHC005,M002,ORS,1236,38,0,1,14500
2026-04-06,PHC005,M002,ORS,1174,62,0,0,14500
2026-04-07,PHC005,M002,ORS,1123,49,0,2,14500
2026-04-08,PHC005,M002,ORS,1072,50,0,1,14500
2026-04-09,PHC005,M002,ORS,1005,65,0,2,14500
2026-04-10,PHC005,M002,ORS,950,54,0,1,14500
2026-04-11,PHC005,M002,ORS,896,54,0,0,14500
2026-04-12,PHC005,M002,ORS,836,59,0,1,14500
2026-04-13,PHC005,M002,ORS,787,47,0,2,14500
2026-04-14,PHC005,M002,ORS,717,69,0,1,14500
2026-04-15,PHC005,M002,ORS,1540,53,876,0,14500
2026-04-16,PHC005,M002,ORS,1472,65,0,3,14500
2026-04-17,PHC005,M002,ORS,1418,52,0,2,14500
2026-04-18,PHC005,M002,ORS,1362,56,0,0,14500
2026-04-19,PHC005,M002,ORS,1308,53,0,1,14500
2026-04-20,PHC005,M002,ORS,1246,61,0,1,14500
2026-04-21,PHC005,M002,ORS,1197,48,0,1,14500
2026-04-22,PHC005,M002,ORS,1143,54,0,0,14500
2026-04-23,PHC005,M002,ORS,1090,52,0,1,14500
2026-04-24,PHC005,M002,ORS,1033,56,0,1,14500
2026-04-25,PHC005,M002,ORS,993,40,0,0,14500
2026-04-26,PHC005,M002,ORS,930,62,0,1,14500
2026-04-27,PHC005,M002,ORS,887,43,0,0,14500
2026-04-28,PHC005,M002,ORS,831,56,0,0,14500
2026-04-29,PHC005,M002,ORS,784,47,0,0,14500
2026-04-30,PHC005,M002,ORS,730,53,0,1,14500
2026-05-01,PHC005,M002,ORS,1205,51,527,1,14500
2026-05-02,PHC005,M002,ORS,1150,54,0,1,14500
2026-05-03,PHC005,M002,ORS,1100,50,0,0,14500
2026-05-04,PHC005,M002,ORS,1040,60,0,0,14500
2026-05-05,PHC005,M002,ORS,992,48,0,0,14500
2026-05-06,PHC005,M002,ORS,942,50,0,0,14500
2026-05-07,PHC005,M002,ORS,898,44,0,0,14500
2026-05-08,PHC005,M002,ORS,841,56,0,1,14500
2026-05-09,PHC005,M002,ORS,774,66,0,1,14500
2026-05-10,PHC005,M002,ORS,709,64,0,1,14500
2026-05-11,PHC005,M002,ORS,653,56,0,0,14500
2026-05-12,PHC005,M002,ORS,594,58,0,1,14500
2026-05-13,PHC005,M002,ORS,540,54,0,0,14500
2026-05-14,PHC005,M002,ORS,494,45,0,1,14500
2026-05-15,PHC005,M002,ORS,1255,48,809,0,14500
2026-05-16,PHC005,M002,ORS,1200,54,0,1,14500
2026-05-17,PHC005,M002,ORS,1144,54,0,2,14500
2026-05-18,PHC005,M002,ORS,1092,51,0,1,14500
2026-05-19,PHC005,M002,ORS,1036,56,0,0,14500
2026-05-20,PHC005,M002,ORS,994,42,0,0,14500
2026-05-21,PHC005,M002,ORS,946,48,0,0,14500
2026-05-22,PHC005,M002,ORS,897,49,0,0,14500
2026-05-23,PHC005,M002,ORS,847,49,0,1,14500
2026-05-24,PHC005,M002,ORS,808,39,0,0,14500
2026-05-25,PHC005,M002,ORS,766,42,0,0,14500
2026-05-26,PHC005,M002,ORS,722,44,0,0,14500
2026-05-27,PHC005,M002,ORS,686,36,0,0,14500
2026-05-28,PHC005,M002,ORS,646,40,0,0,14500
2026-05-29,PHC005,M002,ORS,601,45,0,0,14500
2026-05-30,PHC005,M002,ORS,543,57,0,1,14500
2026-05-31,PHC005,M002,ORS,498,45,0,0,14500
2026-06-01,PHC005,M002,ORS,1394,48,944,0,14500
2026-06-02,PHC005,M002,ORS,1341,52,0,1,14500
2026-06-03,PHC005,M002,ORS,1301,40,0,0,14500
2026-06-04,PHC005,M002,ORS,1249,51,0,1,14500
2026-06-05,PHC005,M002,ORS,1207,42,0,0,14500
2026-06-06,PHC005,M002,ORS,1162,45,0,0,14500
2026-06-07,PHC005,M002,ORS,1124,38,0,0,14500
2026-06-08,PHC005,M002,ORS,1078,46,0,0,14500
2026-06-09,PHC005,M002,ORS,1037,40,0,1,14500
2026-06-10,PHC005,M002,ORS,996,40,0,1,14500
2026-06-11,PHC005,M002,ORS,957,37,0,2,14500
2026-06-12,PHC005,M002,ORS,905,51,0,1,14500
2026-06-13,PHC005,M002,ORS,858,47,0,0,14500
2026-06-14,PHC005,M002,ORS,802,56,0,0,14500
2026-06-15,PHC005,M002,ORS,1336,44,579,1,14500
2026-06-16,PHC005,M002,ORS,1308,27,0,1,14500
2026-06-17,PHC005,M002,ORS,1259,48,0,1,14500
2026-06-18,PHC005,M002,ORS,1213,45,0,1,14500
2026-06-19,PHC005,M002,ORS,1156,56,0,1,14500
2026-06-20,PHC005,M002,ORS,1114,40,0,2,14500
2026-06-21,PHC005,M002,ORS,1051,62,0,1,14500
2026-06-22,PHC005,M002,ORS,1004,47,0,0,14500
2026-06-23,PHC005,M002,ORS,957,47,0,0,14500
2026-06-24,PHC005,M002,ORS,903,53,0,1,14500
2026-06-25,PHC005,M002,ORS,861,42,0,0,14500
2026-06-26,PHC005,M002,ORS,815,45,0,1,14500
2026-06-27,PHC005,M002,ORS,760,53,0,2,14500
2026-06-28,PHC005,M002,ORS,715,43,0,2,14500
2026-06-29,PHC005,M002,ORS,662,52,0,1,14500
2026-06-30,PHC005,M002,ORS,609,51,0,2,14500
2026-01-01,PHC005,M003,Amoxicillin,996,27,510,0,14500
2026-01-02,PHC005,M003,Amoxicillin,967,29,0,0,14500
2026-01-03,PHC005,M003,Amoxicillin,932,34,0,1,14500
2026-01-04,PHC005,M003,Amoxicillin,891,41,0,0,14500
2026-01-05,PHC005,M003,Amoxicillin,863,28,0,0,14500
2026-01-06,PHC005,M003,Amoxicillin,818,45,0,0,14500
2026-01-07,PHC005,M003,Amoxicillin,789,28,0,1,14500
2026-01-08,PHC005,M003,Amoxicillin,751,38,0,0,14500
2026-01-09,PHC005,M003,Amoxicillin,723,28,0,0,14500
2026-01-10,PHC005,M003,Amoxicillin,684,39,0,0,14500
2026-01-11,PHC005,M003,Amoxicillin,657,27,0,0,14500
2026-01-12,PHC005,M003,Amoxicillin,632,23,0,2,14500
2026-01-13,PHC005,M003,Amoxicillin,595,36,0,1,14500
2026-01-14,PHC005,M003,Amoxicillin,557,37,0,1,14500
2026-01-15,PHC005,M003,Amoxicillin,929,34,406,0,14500
2026-01-16,PHC005,M003,Amoxicillin,889,37,0,3,14500
2026-01-17,PHC005,M003,Amoxicillin,867,21,0,1,14500
2026-01-18,PHC005,M003,Amoxicillin,832,34,0,1,14500
2026-01-19,PHC005,M003,Amoxicillin,787,45,0,0,14500
2026-01-20,PHC005,M003,Amoxicillin,754,32,0,1,14500
2026-01-21,PHC005,M003,Amoxicillin,2658,155,2060,1,14500
2026-01-22,PHC005,M003,Amoxicillin,2628,30,0,0,14500
2026-01-23,PHC005,M003,Amoxicillin,2592,35,0,1,14500
2026-01-24,PHC005,M003,Amoxicillin,2551,38,0,3,14500
2026-01-25,PHC005,M003,Amoxicillin,2510,37,0,4,14500
2026-01-26,PHC005,M003,Amoxicillin,2459,50,0,1,14500
2026-01-27,PHC005,M003,Amoxicillin,2417,39,0,3,14500
2026-01-28,PHC005,M003,Amoxicillin,2377,37,0,3,14500
2026-01-29,PHC005,M003,Amoxicillin,2351,25,0,1,14500
2026-01-30,PHC005,M003,Amoxicillin,2319,31,0,1,14500
2026-01-31,PHC005,M003,Amoxicillin,2284,34,0,1,14500
2026-02-01,PHC005,M003,Amoxicillin,2752,36,504,0,14500
2026-02-02,PHC005,M003,Amoxicillin,2706,42,0,4,14500
2026-02-03,PHC005,M003,Amoxicillin,2668,35,0,3,14500
2026-02-04,PHC005,M003,Amoxicillin,2635,32,0,1,14500
2026-02-05,PHC005,M003,Amoxicillin,2597,36,0,2,14500
2026-02-06,PHC005,M003,Amoxicillin,2559,35,0,3,14500
2026-02-07,PHC005,M003,Amoxicillin,2528,29,0,2,14500
2026-02-08,PHC005,M003,Amoxicillin,2490,36,0,2,14500
2026-02-09,PHC005,M003,Amoxicillin,2453,35,0,2,14500
2026-02-10,PHC005,M003,Amoxicillin,2417,35,0,1,14500
2026-02-11,PHC005,M003,Amoxicillin,2379,37,0,1,14500
2026-02-12,PHC005,M003,Amoxicillin,2342,35,0,2,14500
2026-02-13,PHC005,M003,Amoxicillin,2309,33,0,0,14500
2026-02-14,PHC005,M003,Amoxicillin,2275,33,0,1,14500
2026-02-15,PHC005,M003,Amoxicillin,2538,25,290,2,14500
2026-02-16,PHC005,M003,Amoxicillin,2497,40,0,1,14500
2026-02-17,PHC005,M003,Amoxicillin,2466,31,0,0,14500
2026-02-18,PHC005,M003,Amoxicillin,2433,30,0,3,14500
2026-02-19,PHC005,M003,Amoxicillin,2394,39,0,0,14500
2026-02-20,PHC005,M003,Amoxicillin,2367,26,0,1,14500
2026-02-21,PHC005,M003,Amoxicillin,2341,26,0,0,14500
2026-02-22,PHC005,M003,Amoxicillin,2312,25,0,4,14500
2026-02-23,PHC005,M003,Amoxicillin,2287,25,0,0,14500
2026-02-24,PHC005,M003,Amoxicillin,2255,31,0,1,14500
2026-02-25,PHC005,M003,Amoxicillin,2220,34,0,1,14500
2026-02-26,PHC005,M003,Amoxicillin,2194,22,0,4,14500
2026-02-27,PHC005,M003,Amoxicillin,2172,21,0,1,14500
2026-02-28,PHC005,M003,Amoxicillin,2138,33,0,1,14500
2026-03-01,PHC005,M003,Amoxicillin,2541,26,431,2,14500
2026-03-02,PHC005,M003,Amoxicillin,2515,26,0,0,14500
2026-03-03,PHC005,M003,Amoxicillin,2490,25,0,0,14500
2026-03-04,PHC005,M003,Amoxicillin,2457,30,0,3,14500
2026-03-05,PHC005,M003,Amoxicillin,2424,32,0,1,14500
2026-03-06,PHC005,M003,Amoxicillin,2403,19,0,2,14500
2026-03-07,PHC005,M003,Amoxicillin,2370,28,0,5,14500
2026-03-08,PHC005,M003,Amoxicillin,2344,25,0,1,14500
2026-03-09,PHC005,M003,Amoxicillin,2311,32,0,1,14500
2026-03-10,PHC005,M003,Amoxicillin,2287,23,0,1,14500
2026-03-11,PHC005,M003,Amoxicillin,2259,27,0,1,14500
2026-03-12,PHC005,M003,Amoxicillin,2232,23,0,4,14500
2026-03-13,PHC005,M003,Amoxicillin,2189,40,0,3,14500
2026-03-14,PHC005,M003,Amoxicillin,2160,29,0,0,14500
2026-03-15,PHC005,M003,Amoxicillin,2397,22,260,1,14500
2026-03-16,PHC005,M003,Amoxicillin,2362,32,0,3,14500
2026-03-17,PHC005,M003,Amoxicillin,2333,29,0,0,14500
2026-03-18,PHC005,M003,Amoxicillin,2301,28,0,4,14500
2026-03-19,PHC005,M003,Amoxicillin,2266,31,0,4,14500
2026-03-20,PHC005,M003,Amoxicillin,2237,27,0,2,14500
2026-03-21,PHC005,M003,Amoxicillin,2207,29,0,1,14500
2026-03-22,PHC005,M003,Amoxicillin,2181,24,0,2,14500
2026-03-23,PHC005,M003,Amoxicillin,2144,34,0,3,14500
2026-03-24,PHC005,M003,Amoxicillin,2111,31,0,2,14500
2026-03-25,PHC005,M003,Amoxicillin,2082,28,0,1,14500
2026-03-26,PHC005,M003,Amoxicillin,2050,30,0,2,14500
2026-03-27,PHC005,M003,Amoxicillin,2015,33,0,2,14500
2026-03-28,PHC005,M003,Amoxicillin,1980,32,0,3,14500
2026-03-29,PHC005,M003,Amoxicillin,1957,22,0,1,14500
2026-03-30,PHC005,M003,Amoxicillin,1931,26,0,0,14500
2026-03-31,PHC005,M003,Amoxicillin,1888,43,0,0,14500
2026-04-01,PHC005,M003,Amoxicillin,2486,33,633,2,14500
2026-04-02,PHC005,M003,Amoxicillin,2456,27,0,3,14500
2026-04-03,PHC005,M003,Amoxicillin,2413,43,0,0,14500
2026-04-04,PHC005,M003,Amoxicillin,2371,37,0,5,14500
2026-04-05,PHC005,M003,Amoxicillin,2343,27,0,1,14500
2026-04-06,PHC005,M003,Amoxicillin,2308,33,0,2,14500
2026-04-07,PHC005,M003,Amoxicillin,2281,27,0,0,14500
2026-04-08,PHC005,M003,Amoxicillin,2235,43,0,3,14500
2026-04-09,PHC005,M003,Amoxicillin,2190,44,0,1,14500
2026-04-10,PHC005,M003,Amoxicillin,2149,39,0,2,14500
2026-04-11,PHC005,M003,Amoxicillin,2118,30,0,1,14500
2026-04-12,PHC005,M003,Amoxicillin,2079,35,0,4,14500
2026-04-13,PHC005,M003,Amoxicillin,2025,53,0,1,14500
2026-04-14,PHC005,M003,Amoxicillin,1981,43,0,1,14500
2026-04-15,PHC005,M003,Amoxicillin,2671,39,729,0,14500
2026-04-16,PHC005,M003,Amoxicillin,2631,40,0,0,14500
2026-04-17,PHC005,M003,Amoxicillin,2591,40,0,0,14500
2026-04-18,PHC005,M003,Amoxicillin,2561,28,0,2,14500
2026-04-19,PHC005,M003,Amoxicillin,2519,39,0,3,14500
2026-04-20,PHC005,M003,Amoxicillin,2483,35,0,1,14500
2026-04-21,PHC005,M003,Amoxicillin,2451,29,0,3,14500
2026-04-22,PHC005,M003,Amoxicillin,2415,33,0,3,14500
2026-04-23,PHC005,M003,Amoxicillin,2378,35,0,2,14500
2026-04-24,PHC005,M003,Amoxicillin,2325,53,0,0,14500
2026-04-25,PHC005,M003,Amoxicillin,2291,34,0,0,14500
2026-04-26,PHC005,M003,Amoxicillin,2252,36,0,3,14500
2026-04-27,PHC005,M003,Amoxicillin,2217,32,0,3,14500
2026-04-28,PHC005,M003,Amoxicillin,2189,28,0,0,14500
2026-04-29,PHC005,M003,Amoxicillin,2154,31,0,4,14500
2026-04-30,PHC005,M003,Amoxicillin,2118,35,0,1,14500
2026-05-01,PHC005,M003,Amoxicillin,2815,41,741,3,14500
2026-05-02,PHC005,M003,Amoxicillin,2787,26,0,2,14500
2026-05-03,PHC005,M003,Amoxicillin,2748,38,0,1,14500
2026-05-04,PHC005,M003,Amoxicillin,2718,27,0,3,14500
2026-05-05,PHC005,M003,Amoxicillin,2680,34,0,4,14500
2026-05-06,PHC005,M003,Amoxicillin,2642,36,0,2,14500
2026-05-07,PHC005,M003,Amoxicillin,2606,34,0,2,14500
2026-05-08,PHC005,M003,Amoxicillin,2575,30,0,1,14500
2026-05-09,PHC005,M003,Amoxicillin,2544,30,0,1,14500
2026-05-10,PHC005,M003,Amoxicillin,2501,41,0,2,14500
2026-05-11,PHC005,M003,Amoxicillin,2471,28,0,2,14500
2026-05-12,PHC005,M003,Amoxicillin,2442,29,0,0,14500
2026-05-13,PHC005,M003,Amoxicillin,2398,43,0,1,14500
2026-05-14,PHC005,M003,Amoxicillin,2369,29,0,0,14500
2026-05-15,PHC005,M003,Amoxicillin,2685,27,345,2,14500
2026-05-16,PHC005,M003,Amoxicillin,2648,32,0,5,14500
2026-05-17,PHC005,M003,Amoxicillin,2601,43,0,4,14500
2026-05-18,PHC005,M003,Amoxicillin,2566,32,0,3,14500
2026-05-19,PHC005,M003,Amoxicillin,2544,21,0,1,14500
2026-05-20,PHC005,M003,Amoxicillin,2505,36,0,3,14500
2026-05-21,PHC005,M003,Amoxicillin,2483,18,0,4,14500
2026-05-22,PHC005,M003,Amoxicillin,2451,30,0,2,14500
2026-05-23,PHC005,M003,Amoxicillin,2420,30,0,1,14500
2026-05-24,PHC005,M003,Amoxicillin,2383,35,0,2,14500
2026-05-25,PHC005,M003,Amoxicillin,2352,29,0,2,14500
2026-05-26,PHC005,M003,Amoxicillin,2306,46,0,0,14500
2026-05-27,PHC005,M003,Amoxicillin,2267,37,0,2,14500
2026-05-28,PHC005,M003,Amoxicillin,2233,32,0,2,14500
2026-05-29,PHC005,M003,Amoxicillin,2202,28,0,3,14500
2026-05-30,PHC005,M003,Amoxicillin,2175,27,0,0,14500
2026-05-31,PHC005,M003,Amoxicillin,2141,32,0,2,14500
2026-06-01,PHC005,M003,Amoxicillin,2359,16,234,0,14500
2026-06-02,PHC005,M003,Amoxicillin,2330,27,0,2,14500
2026-06-03,PHC005,M003,Amoxicillin,2296,31,0,3,14500
2026-06-04,PHC005,M003,Amoxicillin,2271,25,0,0,14500
2026-06-05,PHC005,M003,Amoxicillin,2251,20,0,0,14500
2026-06-06,PHC005,M003,Amoxicillin,2229,21,0,1,14500
2026-06-07,PHC005,M003,Amoxicillin,2192,36,0,1,14500
2026-06-08,PHC005,M003,Amoxicillin,2162,29,0,1,14500
2026-06-09,PHC005,M003,Amoxicillin,2132,30,0,0,14500
2026-06-10,PHC005,M003,Amoxicillin,2097,33,0,2,14500
2026-06-11,PHC005,M003,Amoxicillin,2075,20,0,2,14500
2026-06-12,PHC005,M003,Amoxicillin,2045,29,0,1,14500
2026-06-13,PHC005,M003,Amoxicillin,2012,32,0,1,14500
2026-06-14,PHC005,M003,Amoxicillin,1975,36,0,1,14500
2026-06-15,PHC005,M003,Amoxicillin,2246,30,304,3,14500
2026-06-16,PHC005,M003,Amoxicillin,2214,31,0,1,14500
2026-06-17,PHC005,M003,Amoxicillin,2182,30,0,2,14500
2026-06-18,PHC005,M003,Amoxicillin,2139,40,0,3,14500
2026-06-19,PHC005,M003,Amoxicillin,2109,28,0,2,14500
2026-06-20,PHC005,M003,Amoxicillin,2081,25,0,3,14500
2026-06-21,PHC005,M003,Amoxicillin,2053,27,0,1,14500
2026-06-22,PHC005,M003,Amoxicillin,2018,33,0,2,14500
2026-06-23,PHC005,M003,Amoxicillin,1993,24,0,1,14500
2026-06-24,PHC005,M003,Amoxicillin,1964,29,0,0,14500
2026-06-25,PHC005,M003,Amoxicillin,1928,34,0,2,14500
2026-06-26,PHC005,M003,Amoxicillin,1887,40,0,1,14500
2026-06-27,PHC005,M003,Amoxicillin,1857,27,0,3,14500
2026-06-28,PHC005,M003,Amoxicillin,1821,34,0,2,14500
2026-06-29,PHC005,M003,Amoxicillin,1778,41,0,2,14500
2026-06-30,PHC005,M003,Amoxicillin,1731,45,0,2,14500
2026-01-01,PHC005,M004,Cetirizine,1097,27,510,0,14500
2026-01-02,PHC005,M004,Cetirizine,1073,24,0,0,14500
2026-01-03,PHC005,M004,Cetirizine,1041,31,0,1,14500
2026-01-04,PHC005,M004,Cetirizine,1008,33,0,0,14500
2026-01-05,PHC005,M004,Cetirizine,977,28,0,3,14500
2026-01-06,PHC005,M004,Cetirizine,950,26,0,1,14500
2026-01-07,PHC005,M004,Cetirizine,924,23,0,3,14500
2026-01-08,PHC005,M004,Cetirizine,891,33,0,0,14500
2026-01-09,PHC005,M004,Cetirizine,876,15,0,0,14500
2026-01-10,PHC005,M004,Cetirizine,857,18,0,1,14500
2026-01-11,PHC005,M004,Cetirizine,834,23,0,0,14500
2026-01-12,PHC005,M004,Cetirizine,796,38,0,0,14500
2026-01-13,PHC005,M004,Cetirizine,761,34,0,1,14500
2026-01-14,PHC005,M004,Cetirizine,737,24,0,0,14500
2026-01-15,PHC005,M004,Cetirizine,948,22,235,2,14500
2026-01-16,PHC005,M004,Cetirizine,910,38,0,0,14500
2026-01-17,PHC005,M004,Cetirizine,877,33,0,0,14500
2026-01-18,PHC005,M004,Cetirizine,833,44,0,0,14500
2026-01-19,PHC005,M004,Cetirizine,801,31,0,1,14500
2026-01-20,PHC005,M004,Cetirizine,748,51,0,2,14500
2026-01-21,PHC005,M004,Cetirizine,718,28,0,2,14500
2026-01-22,PHC005,M004,Cetirizine,680,37,0,1,14500
2026-01-23,PHC005,M004,Cetirizine,642,37,0,1,14500
2026-01-24,PHC005,M004,Cetirizine,618,24,0,0,14500
2026-01-25,PHC005,M004,Cetirizine,595,23,0,0,14500
2026-01-26,PHC005,M004,Cetirizine,562,33,0,0,14500
2026-01-27,PHC005,M004,Cetirizine,523,37,0,2,14500
2026-01-28,PHC005,M004,Cetirizine,487,36,0,0,14500
2026-01-29,PHC005,M004,Cetirizine,456,31,0,0,14500
2026-01-30,PHC005,M004,Cetirizine,423,33,0,0,14500
2026-01-31,PHC005,M004,Cetirizine,394,28,0,1,14500
2026-02-01,PHC005,M004,Cetirizine,1005,38,649,0,14500
2026-02-02,PHC005,M004,Cetirizine,984,19,0,2,14500
2026-02-03,PHC005,M004,Cetirizine,955,29,0,0,14500
2026-02-04,PHC005,M004,Cetirizine,918,36,0,1,14500
2026-02-05,PHC005,M004,Cetirizine,884,33,0,1,14500
2026-02-06,PHC005,M004,Cetirizine,854,30,0,0,14500
2026-02-07,PHC005,M004,Cetirizine,830,24,0,0,14500
2026-02-08,PHC005,M004,Cetirizine,798,30,0,2,14500
2026-02-09,PHC005,M004,Cetirizine,770,27,0,1,14500
2026-02-10,PHC005,M004,Cetirizine,741,29,0,0,14500
2026-02-11,PHC005,M004,Cetirizine,703,37,0,1,14500
2026-02-12,PHC005,M004,Cetirizine,684,19,0,0,14500
2026-02-13,PHC005,M004,Cetirizine,665,19,0,0,14500
2026-02-14,PHC005,M004,Cetirizine,640,24,0,1,14500
2026-02-15,PHC005,M004,Cetirizine,905,28,293,0,14500
2026-02-16,PHC005,M004,Cetirizine,879,24,0,2,14500
2026-02-17,PHC005,M004,Cetirizine,848,31,0,0,14500
2026-02-18,PHC005,M004,Cetirizine,818,30,0,0,14500
2026-02-19,PHC005,M004,Cetirizine,790,27,0,1,14500
2026-02-20,PHC005,M004,Cetirizine,771,19,0,0,14500
2026-02-21,PHC005,M004,Cetirizine,738,32,0,1,14500
2026-02-22,PHC005,M004,Cetirizine,717,21,0,0,14500
2026-02-23,PHC005,M004,Cetirizine,693,24,0,0,14500
2026-02-24,PHC005,M004,Cetirizine,670,22,0,1,14500
2026-02-25,PHC005,M004,Cetirizine,641,29,0,0,14500
2026-02-26,PHC005,M004,Cetirizine,617,24,0,0,14500
2026-02-27,PHC005,M004,Cetirizine,575,42,0,0,14500
2026-02-28,PHC005,M004,Cetirizine,547,26,0,2,14500
2026-03-01,PHC005,M004,Cetirizine,820,26,300,1,14500
2026-03-02,PHC005,M004,Cetirizine,795,24,0,1,14500
2026-03-03,PHC005,M004,Cetirizine,758,35,0,2,14500
2026-03-04,PHC005,M004,Cetirizine,735,23,0,0,14500
2026-03-05,PHC005,M004,Cetirizine,717,18,0,0,14500
2026-03-06,PHC005,M004,Cetirizine,690,27,0,0,14500
2026-03-07,PHC005,M004,Cetirizine,667,23,0,0,14500
2026-03-08,PHC005,M004,Cetirizine,635,31,0,1,14500
2026-03-09,PHC005,M004,Cetirizine,608,27,0,0,14500
2026-03-10,PHC005,M004,Cetirizine,588,19,0,1,14500
2026-03-11,PHC005,M004,Cetirizine,556,31,0,1,14500
2026-03-12,PHC005,M004,Cetirizine,530,25,0,1,14500
2026-03-13,PHC005,M004,Cetirizine,501,28,0,1,14500
2026-03-14,PHC005,M004,Cetirizine,486,15,0,0,14500
2026-03-15,PHC005,M004,Cetirizine,718,16,248,0,14500
2026-03-16,PHC005,M004,Cetirizine,695,21,0,2,14500
2026-03-17,PHC005,M004,Cetirizine,672,22,0,1,14500
2026-03-18,PHC005,M004,Cetirizine,650,22,0,0,14500
2026-03-19,PHC005,M004,Cetirizine,629,21,0,0,14500
2026-03-20,PHC005,M004,Cetirizine,608,20,0,1,14500
2026-03-21,PHC005,M004,Cetirizine,583,25,0,0,14500
2026-03-22,PHC005,M004,Cetirizine,552,30,0,1,14500
2026-03-23,PHC005,M004,Cetirizine,525,27,0,0,14500
2026-03-24,PHC005,M004,Cetirizine,494,31,0,0,14500
2026-03-25,PHC005,M004,Cetirizine,471,22,0,1,14500
2026-03-26,PHC005,M004,Cetirizine,448,23,0,0,14500
2026-03-27,PHC005,M004,Cetirizine,424,24,0,0,14500
2026-03-28,PHC005,M004,Cetirizine,403,21,0,0,14500
2026-03-29,PHC005,M004,Cetirizine,369,33,0,1,14500
2026-03-30,PHC005,M004,Cetirizine,1326,82,1039,0,14500
2026-03-31,PHC005,M004,Cetirizine,1285,39,0,2,14500
2026-04-01,PHC005,M004,Cetirizine,1605,21,343,2,14500
2026-04-02,PHC005,M004,Cetirizine,1581,23,0,1,14500
2026-04-03,PHC005,M004,Cetirizine,1553,28,0,0,14500
2026-04-04,PHC005,M004,Cetirizine,1518,33,0,2,14500
2026-04-05,PHC005,M004,Cetirizine,1485,32,0,1,14500
2026-04-06,PHC005,M004,Cetirizine,1464,20,0,1,14500
2026-04-07,PHC005,M004,Cetirizine,1440,24,0,0,14500
2026-04-08,PHC005,M004,Cetirizine,1409,30,0,1,14500
2026-04-09,PHC005,M004,Cetirizine,1380,28,0,1,14500
2026-04-10,PHC005,M004,Cetirizine,1354,26,0,0,14500
2026-04-11,PHC005,M004,Cetirizine,1324,30,0,0,14500
2026-04-12,PHC005,M004,Cetirizine,1287,37,0,0,14500
2026-04-13,PHC005,M004,Cetirizine,1243,42,0,2,14500
2026-04-14,PHC005,M004,Cetirizine,1214,27,0,2,14500
2026-04-15,PHC005,M004,Cetirizine,1728,29,543,0,14500
2026-04-16,PHC005,M004,Cetirizine,1698,30,0,0,14500
2026-04-17,PHC005,M004,Cetirizine,1663,34,0,1,14500
2026-04-18,PHC005,M004,Cetirizine,1625,36,0,2,14500
2026-04-19,PHC005,M004,Cetirizine,1591,33,0,1,14500
2026-04-20,PHC005,M004,Cetirizine,1552,38,0,1,14500
2026-04-21,PHC005,M004,Cetirizine,1513,38,0,1,14500
2026-04-22,PHC005,M004,Cetirizine,1481,31,0,1,14500
2026-04-23,PHC005,M004,Cetirizine,1436,42,0,3,14500
2026-04-24,PHC005,M004,Cetirizine,1397,38,0,1,14500
2026-04-25,PHC005,M004,Cetirizine,1368,25,0,4,14500
2026-04-26,PHC005,M004,Cetirizine,1340,26,0,2,14500
2026-04-27,PHC005,M004,Cetirizine,1302,38,0,0,14500
2026-04-28,PHC005,M004,Cetirizine,1269,32,0,1,14500
2026-04-29,PHC005,M004,Cetirizine,1234,34,0,1,14500
2026-04-30,PHC005,M004,Cetirizine,1210,24,0,0,14500
2026-05-01,PHC005,M004,Cetirizine,1586,24,400,0,14500
2026-05-02,PHC005,M004,Cetirizine,1551,35,0,0,14500
2026-05-03,PHC005,M004,Cetirizine,1521,28,0,2,14500
2026-05-04,PHC005,M004,Cetirizine,1497,24,0,0,14500
2026-05-05,PHC005,M004,Cetirizine,1470,25,0,2,14500
2026-05-06,PHC005,M004,Cetirizine,1443,27,0,0,14500
2026-05-07,PHC005,M004,Cetirizine,1413,29,0,1,14500
2026-05-08,PHC005,M004,Cetirizine,1380,32,0,1,14500
2026-05-09,PHC005,M004,Cetirizine,1352,28,0,0,14500
2026-05-10,PHC005,M004,Cetirizine,1325,26,0,1,14500
2026-05-11,PHC005,M004,Cetirizine,1292,31,0,2,14500
2026-05-12,PHC005,M004,Cetirizine,1263,29,0,0,14500
2026-05-13,PHC005,M004,Cetirizine,1224,38,0,1,14500
2026-05-14,PHC005,M004,Cetirizine,1197,26,0,1,14500
2026-05-15,PHC005,M004,Cetirizine,1509,19,333,2,14500
2026-05-16,PHC005,M004,Cetirizine,1476,32,0,1,14500
2026-05-17,PHC005,M004,Cetirizine,1444,30,0,2,14500
2026-05-18,PHC005,M004,Cetirizine,1414,28,0,2,14500
2026-05-19,PHC005,M004,Cetirizine,1385,28,0,1,14500
2026-05-20,PHC005,M004,Cetirizine,1363,22,0,0,14500
2026-05-21,PHC005,M004,Cetirizine,1330,33,0,0,14500
2026-05-22,PHC005,M004,Cetirizine,1282,47,0,1,14500
2026-05-23,PHC005,M004,Cetirizine,1254,27,0,1,14500
2026-05-24,PHC005,M004,Cetirizine,1229,24,0,1,14500
2026-05-25,PHC005,M004,Cetirizine,1191,36,0,2,14500
2026-05-26,PHC005,M004,Cetirizine,1159,31,0,1,14500
2026-05-27,PHC005,M004,Cetirizine,1139,19,0,1,14500
2026-05-28,PHC005,M004,Cetirizine,1121,17,0,1,14500
2026-05-29,PHC005,M004,Cetirizine,1102,19,0,0,14500
2026-05-30,PHC005,M004,Cetirizine,1072,28,0,2,14500
2026-05-31,PHC005,M004,Cetirizine,1036,35,0,1,14500
2026-06-01,PHC005,M004,Cetirizine,1550,28,543,1,14500
2026-06-02,PHC005,M004,Cetirizine,1508,39,0,3,14500
2026-06-03,PHC005,M004,Cetirizine,1469,37,0,2,14500
2026-06-04,PHC005,M004,Cetirizine,1447,22,0,0,14500
2026-06-05,PHC005,M004,Cetirizine,1431,16,0,0,14500
2026-06-06,PHC005,M004,Cetirizine,1402,27,0,2,14500
2026-06-07,PHC005,M004,Cetirizine,1384,18,0,0,14500
2026-06-08,PHC005,M004,Cetirizine,1361,22,0,1,14500
2026-06-09,PHC005,M004,Cetirizine,1330,31,0,0,14500
2026-06-10,PHC005,M004,Cetirizine,1301,29,0,0,14500
2026-06-11,PHC005,M004,Cetirizine,1270,30,0,1,14500
2026-06-12,PHC005,M004,Cetirizine,1245,24,0,1,14500
2026-06-13,PHC005,M004,Cetirizine,1215,29,0,1,14500
2026-06-14,PHC005,M004,Cetirizine,1189,25,0,1,14500
2026-06-15,PHC005,M004,Cetirizine,1492,24,327,0,14500
2026-06-16,PHC005,M004,Cetirizine,1458,30,0,4,14500
2026-06-17,PHC005,M004,Cetirizine,1427,29,0,2,14500
2026-06-18,PHC005,M004,Cetirizine,1400,27,0,0,14500
2026-06-19,PHC005,M004,Cetirizine,1374,25,0,1,14500
2026-06-20,PHC005,M004,Cetirizine,1341,33,0,0,14500
2026-06-21,PHC005,M004,Cetirizine,1301,38,0,2,14500
2026-06-22,PHC005,M004,Cetirizine,1273,26,0,2,14500
2026-06-23,PHC005,M004,Cetirizine,1250,21,0,2,14500
2026-06-24,PHC005,M004,Cetirizine,1212,37,0,1,14500
2026-06-25,PHC005,M004,Cetirizine,1187,25,0,0,14500
2026-06-26,PHC005,M004,Cetirizine,1162,25,0,0,14500
2026-06-27,PHC005,M004,Cetirizine,1134,28,0,0,14500
2026-06-28,PHC005,M004,Cetirizine,1100,32,0,2,14500
2026-06-29,PHC005,M004,Cetirizine,1065,33,0,2,14500
2026-06-30,PHC005,M004,Cetirizine,1029,34,0,2,14500
2026-01-01,PHC005,M005,Ibuprofen,1300,39,647,0,14500
2026-01-02,PHC005,M005,Ibuprofen,1267,31,0,2,14500
2026-01-03,PHC005,M005,Ibuprofen,1239,26,0,2,14500
2026-01-04,PHC005,M005,Ibuprofen,1199,40,0,0,14500
2026-01-05,PHC005,M005,Ibuprofen,1161,36,0,2,14500
2026-01-06,PHC005,M005,Ibuprofen,1121,40,0,0,14500
2026-01-07,PHC005,M005,Ibuprofen,1082,39,0,0,14500
2026-01-08,PHC005,M005,Ibuprofen,1053,28,0,1,14500
2026-01-09,PHC005,M005,Ibuprofen,1020,33,0,0,14500
2026-01-10,PHC005,M005,Ibuprofen,980,40,0,0,14500
2026-01-11,PHC005,M005,Ibuprofen,939,40,0,1,14500
2026-01-12,PHC005,M005,Ibuprofen,899,40,0,0,14500
2026-01-13,PHC005,M005,Ibuprofen,869,29,0,1,14500
2026-01-14,PHC005,M005,Ibuprofen,821,48,0,0,14500
2026-01-15,PHC005,M005,Ibuprofen,1665,50,894,0,14500
2026-01-16,PHC005,M005,Ibuprofen,1623,40,0,2,14500
2026-01-17,PHC005,M005,Ibuprofen,1571,50,0,2,14500
2026-01-18,PHC005,M005,Ibuprofen,1536,35,0,0,14500
2026-01-19,PHC005,M005,Ibuprofen,1496,38,0,2,14500
2026-01-20,PHC005,M005,Ibuprofen,1461,34,0,1,14500
2026-01-21,PHC005,M005,Ibuprofen,1427,34,0,0,14500
2026-01-22,PHC005,M005,Ibuprofen,1392,35,0,0,14500
2026-01-23,PHC005,M005,Ibuprofen,1351,40,0,1,14500
2026-01-24,PHC005,M005,Ibuprofen,1307,43,0,1,14500
2026-01-25,PHC005,M005,Ibuprofen,1266,39,0,2,14500
2026-01-26,PHC005,M005,Ibuprofen,1225,41,0,0,14500
2026-01-27,PHC005,M005,Ibuprofen,1188,37,0,0,14500
2026-01-28,PHC005,M005,Ibuprofen,1156,31,0,1,14500
2026-01-29,PHC005,M005,Ibuprofen,1118,37,0,1,14500
2026-01-30,PHC005,M005,Ibuprofen,1070,47,0,1,14500
2026-01-31,PHC005,M005,Ibuprofen,1034,35,0,1,14500
2026-02-01,PHC005,M005,Ibuprofen,1841,43,850,0,14500
2026-02-02,PHC005,M005,Ibuprofen,1796,42,0,3,14500
2026-02-03,PHC005,M005,Ibuprofen,1752,44,0,0,14500
2026-02-04,PHC005,M005,Ibuprofen,1711,39,0,2,14500
2026-02-05,PHC005,M005,Ibuprofen,1670,41,0,0,14500
2026-02-06,PHC005,M005,Ibuprofen,1612,57,0,1,14500
2026-02-07,PHC005,M005,Ibuprofen,1565,45,0,2,14500
2026-02-08,PHC005,M005,Ibuprofen,1531,34,0,0,14500
2026-02-09,PHC005,M005,Ibuprofen,1495,34,0,2,14500
2026-02-10,PHC005,M005,Ibuprofen,1409,84,0,2,14500
2026-02-11,PHC005,M005,Ibuprofen,1348,61,0,0,14500
2026-02-12,PHC005,M005,Ibuprofen,1320,28,0,0,14500
2026-02-13,PHC005,M005,Ibuprofen,1275,45,0,0,14500
2026-02-14,PHC005,M005,Ibuprofen,1244,31,0,0,14500
2026-02-15,PHC005,M005,Ibuprofen,1470,23,250,1,14500
2026-02-16,PHC005,M005,Ibuprofen,1430,39,0,1,14500
2026-02-17,PHC005,M005,Ibuprofen,1387,43,0,0,14500
2026-02-18,PHC005,M005,Ibuprofen,1347,39,0,1,14500
2026-02-19,PHC005,M005,Ibuprofen,1313,32,0,2,14500
2026-02-20,PHC005,M005,Ibuprofen,1261,51,0,1,14500
2026-02-21,PHC005,M005,Ibuprofen,1230,28,0,3,14500
2026-02-22,PHC005,M005,Ibuprofen,1200,29,0,1,14500
2026-02-23,PHC005,M005,Ibuprofen,1162,38,0,0,14500
2026-02-24,PHC005,M005,Ibuprofen,1122,39,0,1,14500
2026-02-25,PHC005,M005,Ibuprofen,1089,32,0,1,14500
2026-02-26,PHC005,M005,Ibuprofen,1040,47,0,2,14500
2026-02-27,PHC005,M005,Ibuprofen,997,42,0,1,14500
2026-02-28,PHC005,M005,Ibuprofen,963,34,0,0,14500
2026-03-01,PHC005,M005,Ibuprofen,1357,38,432,0,14500
2026-03-02,PHC005,M005,Ibuprofen,1320,34,0,3,14500
2026-03-03,PHC005,M005,Ibuprofen,1294,26,0,0,14500
2026-03-04,PHC005,M005,Ibuprofen,1255,37,0,2,14500
2026-03-05,PHC005,M005,Ibuprofen,1219,36,0,0,14500
2026-03-06,PHC005,M005,Ibuprofen,1180,39,0,0,14500
2026-03-07,PHC005,M005,Ibuprofen,1148,29,0,3,14500
2026-03-08,PHC005,M005,Ibuprofen,1120,28,0,0,14500
2026-03-09,PHC005,M005,Ibuprofen,1081,37,0,2,14500
2026-03-10,PHC005,M005,Ibuprofen,1044,37,0,0,14500
2026-03-11,PHC005,M005,Ibuprofen,1006,38,0,0,14500
2026-03-12,PHC005,M005,Ibuprofen,976,30,0,0,14500
2026-03-13,PHC005,M005,Ibuprofen,939,37,0,0,14500
2026-03-14,PHC005,M005,Ibuprofen,903,35,0,1,14500
2026-03-15,PHC005,M005,Ibuprofen,1310,33,441,1,14500
2026-03-16,PHC005,M005,Ibuprofen,1261,48,0,1,14500
2026-03-17,PHC005,M005,Ibuprofen,1227,33,0,1,14500
2026-03-18,PHC005,M005,Ibuprofen,1183,43,0,1,14500
2026-03-19,PHC005,M005,Ibuprofen,1131,48,0,4,14500
2026-03-20,PHC005,M005,Ibuprofen,1061,70,0,0,14500
2026-03-21,PHC005,M005,Ibuprofen,1033,28,0,0,14500
2026-03-22,PHC005,M005,Ibuprofen,997,36,0,0,14500
2026-03-23,PHC005,M005,Ibuprofen,957,38,0,2,14500
2026-03-24,PHC005,M005,Ibuprofen,931,26,0,0,14500
2026-03-25,PHC005,M005,Ibuprofen,900,31,0,0,14500
2026-03-26,PHC005,M005,Ibuprofen,857,43,0,0,14500
2026-03-27,PHC005,M005,Ibuprofen,813,44,0,0,14500
2026-03-28,PHC005,M005,Ibuprofen,776,37,0,0,14500
2026-03-29,PHC005,M005,Ibuprofen,739,35,0,2,14500
2026-03-30,PHC005,M005,Ibuprofen,715,24,0,0,14500
2026-03-31,PHC005,M005,Ibuprofen,677,38,0,0,14500
2026-04-01,PHC005,M005,Ibuprofen,1384,38,745,0,14500
2026-04-02,PHC005,M005,Ibuprofen,1345,39,0,0,14500
2026-04-03,PHC005,M005,Ibuprofen,1305,40,0,0,14500
2026-04-04,PHC005,M005,Ibuprofen,1255,50,0,0,14500
2026-04-05,PHC005,M005,Ibuprofen,1218,36,0,1,14500
2026-04-06,PHC005,M005,Ibuprofen,1184,33,0,1,14500
2026-04-07,PHC005,M005,Ibuprofen,1144,40,0,0,14500
2026-04-08,PHC005,M005,Ibuprofen,1110,33,0,1,14500
2026-04-09,PHC005,M005,Ibuprofen,1071,39,0,0,14500
2026-04-10,PHC005,M005,Ibuprofen,1029,39,0,3,14500
2026-04-11,PHC005,M005,Ibuprofen,979,49,0,1,14500
2026-04-12,PHC005,M005,Ibuprofen,927,52,0,0,14500
2026-04-13,PHC005,M005,Ibuprofen,875,49,0,3,14500
2026-04-14,PHC005,M005,Ibuprofen,835,40,0,0,14500
2026-04-15,PHC005,M005,Ibuprofen,1481,45,691,0,14500
2026-04-16,PHC005,M005,Ibuprofen,1444,37,0,0,14500
2026-04-17,PHC005,M005,Ibuprofen,1402,41,0,1,14500
2026-04-18,PHC005,M005,Ibuprofen,1357,44,0,1,14500
2026-04-19,PHC005,M005,Ibuprofen,1308,47,0,2,14500
2026-04-20,PHC005,M005,Ibuprofen,1271,35,0,2,14500
2026-04-21,PHC005,M005,Ibuprofen,1232,37,0,2,14500
2026-04-22,PHC005,M005,Ibuprofen,1177,55,0,0,14500
2026-04-23,PHC005,M005,Ibuprofen,1137,37,0,3,14500
2026-04-24,PHC005,M005,Ibuprofen,1100,37,0,0,14500
2026-04-25,PHC005,M005,Ibuprofen,1062,36,0,2,14500
2026-04-26,PHC005,M005,Ibuprofen,1021,41,0,0,14500
2026-04-27,PHC005,M005,Ibuprofen,974,47,0,0,14500
2026-04-28,PHC005,M005,Ibuprofen,945,29,0,0,14500
2026-04-29,PHC005,M005,Ibuprofen,901,44,0,0,14500
2026-04-30,PHC005,M005,Ibuprofen,859,42,0,0,14500
2026-05-01,PHC005,M005,Ibuprofen,1296,31,469,1,14500
2026-05-02,PHC005,M005,Ibuprofen,1255,40,0,1,14500
2026-05-03,PHC005,M005,Ibuprofen,1210,42,0,3,14500
2026-05-04,PHC005,M005,Ibuprofen,1172,37,0,1,14500
2026-05-05,PHC005,M005,Ibuprofen,1128,42,0,2,14500
2026-05-06,PHC005,M005,Ibuprofen,1075,53,0,0,14500
2026-05-07,PHC005,M005,Ibuprofen,1036,36,0,3,14500
2026-05-08,PHC005,M005,Ibuprofen,995,40,0,1,14500
2026-05-09,PHC005,M005,Ibuprofen,946,48,0,1,14500
2026-05-10,PHC005,M005,Ibuprofen,903,43,0,0,14500
2026-05-11,PHC005,M005,Ibuprofen,871,31,0,1,14500
2026-05-12,PHC005,M005,Ibuprofen,837,34,0,0,14500
2026-05-13,PHC005,M005,Ibuprofen,793,44,0,0,14500
2026-05-14,PHC005,M005,Ibuprofen,750,43,0,0,14500
2026-05-15,PHC005,M005,Ibuprofen,1409,37,696,0,14500
2026-05-16,PHC005,M005,Ibuprofen,1370,38,0,1,14500
2026-05-17,PHC005,M005,Ibuprofen,1333,36,0,1,14500
2026-05-18,PHC005,M005,Ibuprofen,1300,33,0,0,14500
2026-05-19,PHC005,M005,Ibuprofen,1267,32,0,1,14500
2026-05-20,PHC005,M005,Ibuprofen,1230,36,0,1,14500
2026-05-21,PHC005,M005,Ibuprofen,1190,40,0,0,14500
2026-05-22,PHC005,M005,Ibuprofen,1152,37,0,1,14500
2026-05-23,PHC005,M005,Ibuprofen,1113,37,0,2,14500
2026-05-24,PHC005,M005,Ibuprofen,1074,39,0,0,14500
2026-05-25,PHC005,M005,Ibuprofen,1046,27,0,1,14500
2026-05-26,PHC005,M005,Ibuprofen,1010,35,0,1,14500
2026-05-27,PHC005,M005,Ibuprofen,971,38,0,1,14500
2026-05-28,PHC005,M005,Ibuprofen,934,35,0,2,14500
2026-05-29,PHC005,M005,Ibuprofen,900,34,0,0,14500
2026-05-30,PHC005,M005,Ibuprofen,865,35,0,0,14500
2026-05-31,PHC005,M005,Ibuprofen,826,39,0,0,14500
2026-06-01,PHC005,M005,Ibuprofen,1375,33,582,0,14500
2026-06-02,PHC005,M005,Ibuprofen,1329,45,0,1,14500
2026-06-03,PHC005,M005,Ibuprofen,1297,32,0,0,14500
2026-06-04,PHC005,M005,Ibuprofen,1266,30,0,1,14500
2026-06-05,PHC005,M005,Ibuprofen,1235,31,0,0,14500
2026-06-06,PHC005,M005,Ibuprofen,1198,35,0,2,14500
2026-06-07,PHC005,M005,Ibuprofen,1148,50,0,0,14500
2026-06-08,PHC005,M005,Ibuprofen,1111,37,0,0,14500
2026-06-09,PHC005,M005,Ibuprofen,1068,42,0,1,14500
2026-06-10,PHC005,M005,Ibuprofen,1032,36,0,0,14500
2026-06-11,PHC005,M005,Ibuprofen,998,34,0,0,14500
2026-06-12,PHC005,M005,Ibuprofen,967,31,0,0,14500
2026-06-13,PHC005,M005,Ibuprofen,922,45,0,0,14500
2026-06-14,PHC005,M005,Ibuprofen,885,36,0,1,14500
2026-06-15,PHC005,M005,Ibuprofen,1324,28,470,3,14500
2026-06-16,PHC005,M005,Ibuprofen,1285,38,0,1,14500
2026-06-17,PHC005,M005,Ibuprofen,1245,36,0,4,14500
2026-06-18,PHC005,M005,Ibuprofen,1195,48,0,2,14500
2026-06-19,PHC005,M005,Ibuprofen,1151,43,0,1,14500
2026-06-20,PHC005,M005,Ibuprofen,1111,38,0,2,14500
2026-06-21,PHC005,M005,Ibuprofen,1066,45,0,0,14500
2026-06-22,PHC005,M005,Ibuprofen,1025,40,0,1,14500
2026-06-23,PHC005,M005,Ibuprofen,989,36,0,0,14500
2026-06-24,PHC005,M005,Ibuprofen,961,28,0,0,14500
2026-06-25,PHC005,M005,Ibuprofen,916,44,0,1,14500
2026-06-26,PHC005,M005,Ibuprofen,874,42,0,0,14500
2026-06-27,PHC005,M005,Ibuprofen,823,51,0,0,14500
2026-06-28,PHC005,M005,Ibuprofen,790,31,0,2,14500
2026-06-29,PHC005,M005,Ibuprofen,750,40,0,0,14500
2026-06-30,PHC005,M005,Ibuprofen,713,36,0,1,14500
2026-01-01,PHC005,M006,Azithromycin,1195,14,191,0,14500
2026-01-02,PHC005,M006,Azithromycin,1173,20,0,2,14500
2026-01-03,PHC005,M006,Azithromycin,1160,12,0,1,14500
2026-01-04,PHC005,M006,Azithromycin,1145,14,0,1,14500
2026-01-05,PHC005,M006,Azithromycin,1128,17,0,0,14500
2026-01-06,PHC005,M006,Azithromycin,1120,7,0,1,14500
2026-01-07,PHC005,M006,Azithromycin,1106,14,0,0,14500
2026-01-08,PHC005,M006,Azithromycin,1093,13,0,0,14500
2026-01-09,PHC005,M006,Azithromycin,1080,12,0,1,14500
2026-01-10,PHC005,M006,Azithromycin,1063,17,0,0,14500
2026-01-11,PHC005,M006,Azithromycin,1054,9,0,0,14500
2026-01-12,PHC005,M006,Azithromycin,1037,14,0,3,14500
2026-01-13,PHC005,M006,Azithromycin,1022,14,0,1,14500
2026-01-14,PHC005,M006,Azithromycin,1007,15,0,0,14500
2026-01-15,PHC005,M006,Azithromycin,1163,14,171,1,14500
2026-01-16,PHC005,M006,Azithromycin,1151,12,0,0,14500
2026-01-17,PHC005,M006,Azithromycin,1139,10,0,2,14500
2026-01-18,PHC005,M006,Azithromycin,1129,9,0,1,14500
2026-01-19,PHC005,M006,Azithromycin,1110,18,0,1,14500
2026-01-20,PHC005,M006,Azithromycin,1092,16,0,2,14500
2026-01-21,PHC005,M006,Azithromycin,1079,12,0,1,14500
2026-01-22,PHC005,M006,Azithromycin,1052,27,0,0,14500
2026-01-23,PHC005,M006,Azithromycin,1036,13,0,3,14500
2026-01-24,PHC005,M006,Azithromycin,1018,17,0,1,14500
2026-01-25,PHC005,M006,Azithromycin,1007,10,0,1,14500
2026-01-26,PHC005,M006,Azithromycin,989,17,0,1,14500
2026-01-27,PHC005,M006,Azithromycin,968,20,0,1,14500
2026-01-28,PHC005,M006,Azithromycin,947,19,0,2,14500
2026-01-29,PHC005,M006,Azithromycin,899,47,0,1,14500
2026-01-30,PHC005,M006,Azithromycin,888,10,0,1,14500
2026-01-31,PHC005,M006,Azithromycin,868,18,0,2,14500
2026-02-01,PHC005,M006,Azithromycin,999,8,140,1,14500
2026-02-02,PHC005,M006,Azithromycin,985,14,0,0,14500
2026-02-03,PHC005,M006,Azithromycin,966,19,0,0,14500
2026-02-04,PHC005,M006,Azithromycin,948,18,0,0,14500
2026-02-05,PHC005,M006,Azithromycin,930,18,0,0,14500
2026-02-06,PHC005,M006,Azithromycin,915,15,0,0,14500
2026-02-07,PHC005,M006,Azithromycin,900,14,0,1,14500
2026-02-08,PHC005,M006,Azithromycin,883,17,0,0,14500
2026-02-09,PHC005,M006,Azithromycin,872,11,0,0,14500
2026-02-10,PHC005,M006,Azithromycin,859,11,0,2,14500
2026-02-11,PHC005,M006,Azithromycin,842,17,0,0,14500
2026-02-12,PHC005,M006,Azithromycin,830,10,0,2,14500
2026-02-13,PHC005,M006,Azithromycin,816,12,0,2,14500
2026-02-14,PHC005,M006,Azithromycin,776,40,0,0,14500
2026-02-15,PHC005,M006,Azithromycin,945,13,183,1,14500
2026-02-16,PHC005,M006,Azithromycin,923,19,0,3,14500
2026-02-17,PHC005,M006,Azithromycin,899,21,0,3,14500
2026-02-18,PHC005,M006,Azithromycin,882,16,0,1,14500
2026-02-19,PHC005,M006,Azithromycin,868,14,0,0,14500
2026-02-20,PHC005,M006,Azithromycin,852,13,0,3,14500
2026-02-21,PHC005,M006,Azithromycin,837,14,0,1,14500
2026-02-22,PHC005,M006,Azithromycin,829,8,0,0,14500
2026-02-23,PHC005,M006,Azithromycin,818,10,0,1,14500
2026-02-24,PHC005,M006,Azithromycin,806,11,0,1,14500
2026-02-25,PHC005,M006,Azithromycin,787,18,0,1,14500
2026-02-26,PHC005,M006,Azithromycin,773,14,0,0,14500
2026-02-27,PHC005,M006,Azithromycin,763,9,0,1,14500
2026-02-28,PHC005,M006,Azithromycin,748,15,0,0,14500
2026-03-01,PHC005,M006,Azithromycin,960,12,224,0,14500
2026-03-02,PHC005,M006,Azithromycin,946,13,0,1,14500
2026-03-03,PHC005,M006,Azithromycin,933,12,0,1,14500
2026-03-04,PHC005,M006,Azithromycin,925,7,0,1,14500
2026-03-05,PHC005,M006,Azithromycin,908,16,0,1,14500
2026-03-06,PHC005,M006,Azithromycin,897,11,0,0,14500
2026-03-07,PHC005,M006,Azithromycin,883,12,0,2,14500
2026-03-08,PHC005,M006,Azithromycin,869,13,0,1,14500
2026-03-09,PHC005,M006,Azithromycin,856,12,0,1,14500
2026-03-10,PHC005,M006,Azithromycin,844,11,0,1,14500
2026-03-11,PHC005,M006,Azithromycin,829,15,0,0,14500
2026-03-12,PHC005,M006,Azithromycin,816,11,0,2,14500
2026-03-13,PHC005,M006,Azithromycin,807,9,0,0,14500
2026-03-14,PHC005,M006,Azithromycin,801,6,0,0,14500
2026-03-15,PHC005,M006,Azithromycin,959,9,168,1,14500
2026-03-16,PHC005,M006,Azithromycin,941,17,0,1,14500
2026-03-17,PHC005,M006,Azithromycin,929,10,0,2,14500
2026-03-18,PHC005,M006,Azithromycin,913,16,0,0,14500
2026-03-19,PHC005,M006,Azithromycin,901,10,0,2,14500
2026-03-20,PHC005,M006,Azithromycin,889,11,0,1,14500
2026-03-21,PHC005,M006,Azithromycin,882,7,0,0,14500
2026-03-22,PHC005,M006,Azithromycin,868,14,0,0,14500
2026-03-23,PHC005,M006,Azithromycin,851,17,0,0,14500
2026-03-24,PHC005,M006,Azithromycin,837,13,0,1,14500
2026-03-25,PHC005,M006,Azithromycin,821,15,0,1,14500
2026-03-26,PHC005,M006,Azithromycin,804,16,0,1,14500
2026-03-27,PHC005,M006,Azithromycin,792,12,0,0,14500
2026-03-28,PHC005,M006,Azithromycin,780,12,0,0,14500
2026-03-29,PHC005,M006,Azithromycin,762,18,0,0,14500
2026-03-30,PHC005,M006,Azithromycin,742,19,0,1,14500
2026-03-31,PHC005,M006,Azithromycin,721,21,0,0,14500
2026-04-01,PHC005,M006,Azithromycin,1003,15,297,0,14500
2026-04-02,PHC005,M006,Azithromycin,984,16,0,3,14500
2026-04-03,PHC005,M006,Azithromycin,973,11,0,0,14500
2026-04-04,PHC005,M006,Azithromycin,958,15,0,0,14500
2026-04-05,PHC005,M006,Azithromycin,946,12,0,0,14500
2026-04-06,PHC005,M006,Azithromycin,935,11,0,0,14500
2026-04-07,PHC005,M006,Azithromycin,915,20,0,0,14500
2026-04-08,PHC005,M006,Azithromycin,891,24,0,0,14500
2026-04-09,PHC005,M006,Azithromycin,875,15,0,1,14500
2026-04-10,PHC005,M006,Azithromycin,868,7,0,0,14500
2026-04-11,PHC005,M006,Azithromycin,828,40,0,0,14500
2026-04-12,PHC005,M006,Azithromycin,806,20,0,2,14500
2026-04-13,PHC005,M006,Azithromycin,787,17,0,2,14500
2026-04-14,PHC005,M006,Azithromycin,767,19,0,1,14500
2026-04-15,PHC005,M006,Azithromycin,1002,18,253,0,14500
2026-04-16,PHC005,M006,Azithromycin,973,28,0,1,14500
2026-04-17,PHC005,M006,Azithromycin,956,16,0,1,14500
2026-04-18,PHC005,M006,Azithromycin,913,43,0,0,14500
2026-04-19,PHC005,M006,Azithromycin,901,11,0,1,14500
2026-04-20,PHC005,M006,Azithromycin,878,21,0,2,14500
2026-04-21,PHC005,M006,Azithromycin,862,14,0,2,14500
2026-04-22,PHC005,M006,Azithromycin,846,16,0,0,14500
2026-04-23,PHC005,M006,Azithromycin,832,14,0,0,14500
2026-04-24,PHC005,M006,Azithromycin,819,11,0,2,14500
2026-04-25,PHC005,M006,Azithromycin,802,17,0,0,14500
2026-04-26,PHC005,M006,Azithromycin,784,18,0,0,14500
2026-04-27,PHC005,M006,Azithromycin,771,10,0,3,14500
2026-04-28,PHC005,M006,Azithromycin,753,18,0,0,14500
2026-04-29,PHC005,M006,Azithromycin,739,13,0,1,14500
2026-04-30,PHC005,M006,Azithromycin,717,21,0,1,14500
2026-05-01,PHC005,M006,Azithromycin,907,15,205,0,14500
2026-05-02,PHC005,M006,Azithromycin,889,16,0,2,14500
2026-05-03,PHC005,M006,Azithromycin,875,13,0,1,14500
2026-05-04,PHC005,M006,Azithromycin,849,25,0,1,14500
2026-05-05,PHC005,M006,Azithromycin,831,18,0,0,14500
2026-05-06,PHC005,M006,Azithromycin,811,20,0,0,14500
2026-05-07,PHC005,M006,Azithromycin,796,13,0,2,14500
2026-05-08,PHC005,M006,Azithromycin,780,16,0,0,14500
2026-05-09,PHC005,M006,Azithromycin,761,18,0,1,14500
2026-05-10,PHC005,M006,Azithromycin,748,13,0,0,14500
2026-05-11,PHC005,M006,Azithromycin,734,13,0,1,14500
2026-05-12,PHC005,M006,Azithromycin,714,18,0,2,14500
2026-05-13,PHC005,M006,Azithromycin,696,17,0,1,14500
2026-05-14,PHC005,M006,Azithromycin,681,15,0,0,14500
2026-05-15,PHC005,M006,Azithromycin,934,15,268,0,14500
2026-05-16,PHC005,M006,Azithromycin,913,20,0,1,14500
2026-05-17,PHC005,M006,Azithromycin,896,15,0,2,14500
2026-05-18,PHC005,M006,Azithromycin,880,16,0,0,14500
2026-05-19,PHC005,M006,Azithromycin,863,17,0,0,14500
2026-05-20,PHC005,M006,Azithromycin,850,12,0,1,14500
2026-05-21,PHC005,M006,Azithromycin,831,16,0,3,14500
2026-05-22,PHC005,M006,Azithromycin,818,13,0,0,14500
2026-05-23,PHC005,M006,Azithromycin,808,10,0,0,14500
2026-05-24,PHC005,M006,Azithromycin,792,16,0,0,14500
2026-05-25,PHC005,M006,Azithromycin,783,9,0,0,14500
2026-05-26,PHC005,M006,Azithromycin,768,15,0,0,14500
2026-05-27,PHC005,M006,Azithromycin,752,16,0,0,14500
2026-05-28,PHC005,M006,Azithromycin,732,20,0,0,14500
2026-05-29,PHC005,M006,Azithromycin,716,16,0,0,14500
2026-05-30,PHC005,M006,Azithromycin,701,15,0,0,14500
2026-05-31,PHC005,M006,Azithromycin,686,14,0,1,14500
2026-06-01,PHC005,M006,Azithromycin,879,9,202,0,14500
2026-06-02,PHC005,M006,Azithromycin,869,9,0,1,14500
2026-06-03,PHC005,M006,Azithromycin,858,11,0,0,14500
2026-06-04,PHC005,M006,Azithromycin,831,27,0,0,14500
2026-06-05,PHC005,M006,Azithromycin,815,15,0,1,14500
2026-06-06,PHC005,M006,Azithromycin,798,17,0,0,14500
2026-06-07,PHC005,M006,Azithromycin,776,21,0,1,14500
2026-06-08,PHC005,M006,Azithromycin,765,11,0,0,14500
2026-06-09,PHC005,M006,Azithromycin,752,13,0,0,14500
2026-06-10,PHC005,M006,Azithromycin,744,8,0,0,14500
2026-06-11,PHC005,M006,Azithromycin,728,15,0,1,14500
2026-06-12,PHC005,M006,Azithromycin,710,15,0,3,14500
2026-06-13,PHC005,M006,Azithromycin,688,22,0,0,14500
2026-06-14,PHC005,M006,Azithromycin,675,13,0,0,14500
2026-06-15,PHC005,M006,Azithromycin,951,15,292,1,14500
2026-06-16,PHC005,M006,Azithromycin,933,18,0,0,14500
2026-06-17,PHC005,M006,Azithromycin,914,19,0,0,14500
2026-06-18,PHC005,M006,Azithromycin,895,16,0,3,14500
2026-06-19,PHC005,M006,Azithromycin,882,13,0,0,14500
2026-06-20,PHC005,M006,Azithromycin,868,13,0,1,14500
2026-06-21,PHC005,M006,Azithromycin,855,13,0,0,14500
2026-06-22,PHC005,M006,Azithromycin,835,19,0,1,14500
2026-06-23,PHC005,M006,Azithromycin,816,19,0,0,14500
2026-06-24,PHC005,M006,Azithromycin,796,19,0,1,14500
2026-06-25,PHC005,M006,Azithromycin,780,15,0,1,14500
2026-06-26,PHC005,M006,Azithromycin,767,13,0,0,14500
2026-06-27,PHC005,M006,Azithromycin,751,15,0,1,14500
2026-06-28,PHC005,M006,Azithromycin,736,14,0,1,14500
2026-06-29,PHC005,M006,Azithromycin,720,16,0,0,14500
2026-06-30,PHC005,M006,Azithromycin,710,10,0,0,14500
2026-01-01,PHC005,M007,Iron Tablets,914,21,340,0,14500
2026-01-02,PHC005,M007,Iron Tablets,901,13,0,0,14500
2026-01-03,PHC005,M007,Iron Tablets,884,17,0,0,14500
2026-01-04,PHC005,M007,Iron Tablets,860,24,0,0,14500
2026-01-05,PHC005,M007,Iron Tablets,835,24,0,1,14500
2026-01-06,PHC005,M007,Iron Tablets,807,25,0,3,14500
2026-01-07,PHC005,M007,Iron Tablets,790,15,0,2,14500
2026-01-08,PHC005,M007,Iron Tablets,765,25,0,0,14500
2026-01-09,PHC005,M007,Iron Tablets,737,28,0,0,14500
2026-01-10,PHC005,M007,Iron Tablets,719,18,0,0,14500
2026-01-11,PHC005,M007,Iron Tablets,696,23,0,0,14500
2026-01-12,PHC005,M007,Iron Tablets,675,20,0,1,14500
2026-01-13,PHC005,M007,Iron Tablets,653,22,0,0,14500
2026-01-14,PHC005,M007,Iron Tablets,630,23,0,0,14500
2026-01-15,PHC005,M007,Iron Tablets,1037,25,432,0,14500
2026-01-16,PHC005,M007,Iron Tablets,1014,22,0,1,14500
2026-01-17,PHC005,M007,Iron Tablets,994,20,0,0,14500
2026-01-18,PHC005,M007,Iron Tablets,971,22,0,1,14500
2026-01-19,PHC005,M007,Iron Tablets,941,29,0,1,14500
2026-01-20,PHC005,M007,Iron Tablets,915,23,0,3,14500
2026-01-21,PHC005,M007,Iron Tablets,888,26,0,1,14500
2026-01-22,PHC005,M007,Iron Tablets,856,32,0,0,14500
2026-01-23,PHC005,M007,Iron Tablets,830,25,0,1,14500
2026-01-24,PHC005,M007,Iron Tablets,809,21,0,0,14500
2026-01-25,PHC005,M007,Iron Tablets,776,32,0,1,14500
2026-01-26,PHC005,M007,Iron Tablets,762,14,0,0,14500
2026-01-27,PHC005,M007,Iron Tablets,733,29,0,0,14500
2026-01-28,PHC005,M007,Iron Tablets,709,23,0,1,14500
2026-01-29,PHC005,M007,Iron Tablets,687,22,0,0,14500
2026-01-30,PHC005,M007,Iron Tablets,669,18,0,0,14500
2026-01-31,PHC005,M007,Iron Tablets,638,29,0,2,14500
2026-02-01,PHC005,M007,Iron Tablets,1003,26,391,0,14500
2026-02-02,PHC005,M007,Iron Tablets,974,29,0,0,14500
2026-02-03,PHC005,M007,Iron Tablets,948,26,0,0,14500
2026-02-04,PHC005,M007,Iron Tablets,927,21,0,0,14500
2026-02-05,PHC005,M007,Iron Tablets,905,21,0,1,14500
2026-02-06,PHC005,M007,Iron Tablets,847,58,0,0,14500
2026-02-07,PHC005,M007,Iron Tablets,820,27,0,0,14500
2026-02-08,PHC005,M007,Iron Tablets,780,39,0,1,14500
2026-02-09,PHC005,M007,Iron Tablets,730,49,0,1,14500
2026-02-10,PHC005,M007,Iron Tablets,698,32,0,0,14500
2026-02-11,PHC005,M007,Iron Tablets,670,26,0,2,14500
2026-02-12,PHC005,M007,Iron Tablets,644,26,0,0,14500
2026-02-13,PHC005,M007,Iron Tablets,618,26,0,0,14500
2026-02-14,PHC005,M007,Iron Tablets,590,26,0,2,14500
2026-02-15,PHC005,M007,Iron Tablets,797,19,226,0,14500
2026-02-16,PHC005,M007,Iron Tablets,774,22,0,1,14500
2026-02-17,PHC005,M007,Iron Tablets,757,15,0,2,14500
2026-02-18,PHC005,M007,Iron Tablets,732,25,0,0,14500
2026-02-19,PHC005,M007,Iron Tablets,709,22,0,1,14500
2026-02-20,PHC005,M007,Iron Tablets,687,22,0,0,14500
2026-02-21,PHC005,M007,Iron Tablets,661,25,0,1,14500
2026-02-22,PHC005,M007,Iron Tablets,633,27,0,1,14500
2026-02-23,PHC005,M007,Iron Tablets,612,21,0,0,14500
2026-02-24,PHC005,M007,Iron Tablets,596,16,0,0,14500
2026-02-25,PHC005,M007,Iron Tablets,576,20,0,0,14500
2026-02-26,PHC005,M007,Iron Tablets,560,16,0,0,14500
2026-02-27,PHC005,M007,Iron Tablets,537,23,0,0,14500
2026-02-28,PHC005,M007,Iron Tablets,511,26,0,0,14500
2026-03-01,PHC005,M007,Iron Tablets,768,26,283,0,14500
2026-03-02,PHC005,M007,Iron Tablets,741,27,0,0,14500
2026-03-03,PHC005,M007,Iron Tablets,720,21,0,0,14500
2026-03-04,PHC005,M007,Iron Tablets,706,13,0,1,14500
2026-03-05,PHC005,M007,Iron Tablets,684,22,0,0,14500
2026-03-06,PHC005,M007,Iron Tablets,666,18,0,0,14500
2026-03-07,PHC005,M007,Iron Tablets,639,26,0,1,14500
2026-03-08,PHC005,M007,Iron Tablets,620,18,0,1,14500
2026-03-09,PHC005,M007,Iron Tablets,593,27,0,0,14500
2026-03-10,PHC005,M007,Iron Tablets,543,50,0,0,14500
2026-03-11,PHC005,M007,Iron Tablets,524,19,0,0,14500
2026-03-12,PHC005,M007,Iron Tablets,503,21,0,0,14500
2026-03-13,PHC005,M007,Iron Tablets,485,18,0,0,14500
2026-03-14,PHC005,M007,Iron Tablets,462,23,0,0,14500
2026-03-15,PHC005,M007,Iron Tablets,815,23,378,2,14500
2026-03-16,PHC005,M007,Iron Tablets,789,25,0,1,14500
2026-03-17,PHC005,M007,Iron Tablets,760,29,0,0,14500
2026-03-18,PHC005,M007,Iron Tablets,740,20,0,0,14500
2026-03-19,PHC005,M007,Iron Tablets,719,21,0,0,14500
2026-03-20,PHC005,M007,Iron Tablets,698,21,0,0,14500
2026-03-21,PHC005,M007,Iron Tablets,681,17,0,0,14500
2026-03-22,PHC005,M007,Iron Tablets,660,20,0,1,14500
2026-03-23,PHC005,M007,Iron Tablets,635,25,0,0,14500
2026-03-24,PHC005,M007,Iron Tablets,598,36,0,1,14500
2026-03-25,PHC005,M007,Iron Tablets,578,20,0,0,14500
2026-03-26,PHC005,M007,Iron Tablets,554,24,0,0,14500
2026-03-27,PHC005,M007,Iron Tablets,532,22,0,0,14500
2026-03-28,PHC005,M007,Iron Tablets,506,24,0,2,14500
2026-03-29,PHC005,M007,Iron Tablets,476,30,0,0,14500
2026-03-30,PHC005,M007,Iron Tablets,458,18,0,0,14500
2026-03-31,PHC005,M007,Iron Tablets,434,24,0,0,14500
2026-04-01,PHC005,M007,Iron Tablets,849,22,437,0,14500
2026-04-02,PHC005,M007,Iron Tablets,828,20,0,1,14500
2026-04-03,PHC005,M007,Iron Tablets,805,23,0,0,14500
2026-04-04,PHC005,M007,Iron Tablets,777,28,0,0,14500
2026-04-05,PHC005,M007,Iron Tablets,748,29,0,0,14500
2026-04-06,PHC005,M007,Iron Tablets,725,20,0,3,14500
2026-04-07,PHC005,M007,Iron Tablets,699,25,0,1,14500
2026-04-08,PHC005,M007,Iron Tablets,673,26,0,0,14500
2026-04-09,PHC005,M007,Iron Tablets,654,19,0,0,14500
2026-04-10,PHC005,M007,Iron Tablets,621,33,0,0,14500
2026-04-11,PHC005,M007,Iron Tablets,597,22,0,2,14500
2026-04-12,PHC005,M007,Iron Tablets,574,23,0,0,14500
2026-04-13,PHC005,M007,Iron Tablets,550,24,0,0,14500
2026-04-14,PHC005,M007,Iron Tablets,530,20,0,0,14500
2026-04-15,PHC005,M007,Iron Tablets,904,22,396,0,14500
2026-04-16,PHC005,M007,Iron Tablets,866,38,0,0,14500
2026-04-17,PHC005,M007,Iron Tablets,844,22,0,0,14500
2026-04-18,PHC005,M007,Iron Tablets,827,17,0,0,14500
2026-04-19,PHC005,M007,Iron Tablets,798,29,0,0,14500
2026-04-20,PHC005,M007,Iron Tablets,767,30,0,1,14500
2026-04-21,PHC005,M007,Iron Tablets,734,33,0,0,14500
2026-04-22,PHC005,M007,Iron Tablets,712,22,0,0,14500
2026-04-23,PHC005,M007,Iron Tablets,688,24,0,0,14500
2026-04-24,PHC005,M007,Iron Tablets,659,29,0,0,14500
2026-04-25,PHC005,M007,Iron Tablets,631,27,0,1,14500
2026-04-26,PHC005,M007,Iron Tablets,607,23,0,1,14500
2026-04-27,PHC005,M007,Iron Tablets,580,27,0,0,14500
2026-04-28,PHC005,M007,Iron Tablets,551,28,0,1,14500
2026-04-29,PHC005,M007,Iron Tablets,519,32,0,0,14500
2026-04-30,PHC005,M007,Iron Tablets,488,30,0,1,14500
2026-05-01,PHC005,M007,Iron Tablets,932,39,483,0,14500
2026-05-02,PHC005,M007,Iron Tablets,911,21,0,0,14500
2026-05-03,PHC005,M007,Iron Tablets,890,20,0,1,14500
2026-05-04,PHC005,M007,Iron Tablets,861,28,0,1,14500
2026-05-05,PHC005,M007,Iron Tablets,838,23,0,0,14500
2026-05-06,PHC005,M007,Iron Tablets,815,23,0,0,14500
2026-05-07,PHC005,M007,Iron Tablets,783,31,0,1,14500
2026-05-08,PHC005,M007,Iron Tablets,746,37,0,0,14500
2026-05-09,PHC005,M007,Iron Tablets,721,25,0,0,14500
2026-05-10,PHC005,M007,Iron Tablets,702,18,0,1,14500
2026-05-11,PHC005,M007,Iron Tablets,675,27,0,0,14500
2026-05-12,PHC005,M007,Iron Tablets,648,26,0,1,14500
2026-05-13,PHC005,M007,Iron Tablets,626,22,0,0,14500
2026-05-14,PHC005,M007,Iron Tablets,593,32,0,1,14500
2026-05-15,PHC005,M007,Iron Tablets,768,18,195,2,14500
2026-05-16,PHC005,M007,Iron Tablets,746,21,0,1,14500
2026-05-17,PHC005,M007,Iron Tablets,720,25,0,1,14500
2026-05-18,PHC005,M007,Iron Tablets,697,23,0,0,14500
2026-05-19,PHC005,M007,Iron Tablets,673,21,0,3,14500
2026-05-20,PHC005,M007,Iron Tablets,635,37,0,1,14500
2026-05-21,PHC005,M007,Iron Tablets,613,22,0,0,14500
2026-05-22,PHC005,M007,Iron Tablets,586,26,0,1,14500
2026-05-23,PHC005,M007,Iron Tablets,569,17,0,0,14500
2026-05-24,PHC005,M007,Iron Tablets,542,26,0,1,14500
2026-05-25,PHC005,M007,Iron Tablets,512,30,0,0,14500
2026-05-26,PHC005,M007,Iron Tablets,493,19,0,0,14500
2026-05-27,PHC005,M007,Iron Tablets,465,28,0,0,14500
2026-05-28,PHC005,M007,Iron Tablets,443,22,0,0,14500
2026-05-29,PHC005,M007,Iron Tablets,425,18,0,0,14500
2026-05-30,PHC005,M007,Iron Tablets,389,35,0,1,14500
2026-05-31,PHC005,M007,Iron Tablets,365,24,0,0,14500
2026-06-01,PHC005,M007,Iron Tablets,606,17,258,0,14500
2026-06-02,PHC005,M007,Iron Tablets,592,14,0,0,14500
2026-06-03,PHC005,M007,Iron Tablets,567,23,0,2,14500
2026-06-04,PHC005,M007,Iron Tablets,547,19,0,1,14500
2026-06-05,PHC005,M007,Iron Tablets,529,18,0,0,14500
2026-06-06,PHC005,M007,Iron Tablets,509,19,0,1,14500
2026-06-07,PHC005,M007,Iron Tablets,486,22,0,1,14500
2026-06-08,PHC005,M007,Iron Tablets,468,18,0,0,14500
2026-06-09,PHC005,M007,Iron Tablets,456,11,0,1,14500
2026-06-10,PHC005,M007,Iron Tablets,430,25,0,1,14500
2026-06-11,PHC005,M007,Iron Tablets,408,22,0,0,14500
2026-06-12,PHC005,M007,Iron Tablets,387,20,0,1,14500
2026-06-13,PHC005,M007,Iron Tablets,373,14,0,0,14500
2026-06-14,PHC005,M007,Iron Tablets,357,16,0,0,14500
2026-06-15,PHC005,M007,Iron Tablets,578,24,246,1,14500
2026-06-16,PHC005,M007,Iron Tablets,556,22,0,0,14500
2026-06-17,PHC005,M007,Iron Tablets,538,17,0,1,14500
2026-06-18,PHC005,M007,Iron Tablets,519,19,0,0,14500
2026-06-19,PHC005,M007,Iron Tablets,500,19,0,0,14500
2026-06-20,PHC005,M007,Iron Tablets,474,26,0,0,14500
2026-06-21,PHC005,M007,Iron Tablets,446,27,0,1,14500
2026-06-22,PHC005,M007,Iron Tablets,420,26,0,0,14500
2026-06-23,PHC005,M007,Iron Tablets,394,25,0,1,14500
2026-06-24,PHC005,M007,Iron Tablets,375,19,0,0,14500
2026-06-25,PHC005,M007,Iron Tablets,343,31,0,1,14500
2026-06-26,PHC005,M007,Iron Tablets,323,20,0,0,14500
2026-06-27,PHC005,M007,Iron Tablets,303,20,0,0,14500
2026-06-28,PHC005,M007,Iron Tablets,277,26,0,0,14500
2026-06-29,PHC005,M007,Iron Tablets,246,31,0,0,14500
2026-06-30,PHC005,M007,Iron Tablets,223,23,0,0,14500
2026-01-01,PHC005,M008,Antacid,727,24,306,0,14500
2026-01-02,PHC005,M008,Antacid,706,21,0,0,14500
2026-01-03,PHC005,M008,Antacid,688,17,0,1,14500
2026-01-04,PHC005,M008,Antacid,664,23,0,1,14500
2026-01-05,PHC005,M008,Antacid,641,21,0,2,14500
2026-01-06,PHC005,M008,Antacid,617,23,0,1,14500
2026-01-07,PHC005,M008,Antacid,586,29,0,2,14500
2026-01-08,PHC005,M008,Antacid,567,17,0,2,14500
2026-01-09,PHC005,M008,Antacid,538,27,0,2,14500
2026-01-10,PHC005,M008,Antacid,502,35,0,1,14500
2026-01-11,PHC005,M008,Antacid,474,28,0,0,14500
2026-01-12,PHC005,M008,Antacid,453,21,0,0,14500
2026-01-13,PHC005,M008,Antacid,427,26,0,0,14500
2026-01-14,PHC005,M008,Antacid,378,48,0,1,14500
2026-01-15,PHC005,M008,Antacid,679,32,333,0,14500
2026-01-16,PHC005,M008,Antacid,662,17,0,0,14500
2026-01-17,PHC005,M008,Antacid,635,26,0,1,14500
2026-01-18,PHC005,M008,Antacid,602,32,0,1,14500
2026-01-19,PHC005,M008,Antacid,573,28,0,1,14500
2026-01-20,PHC005,M008,Antacid,547,26,0,0,14500
2026-01-21,PHC005,M008,Antacid,516,31,0,0,14500
2026-01-22,PHC005,M008,Antacid,481,34,0,1,14500
2026-01-23,PHC005,M008,Antacid,457,24,0,0,14500
2026-01-24,PHC005,M008,Antacid,424,33,0,0,14500
2026-01-25,PHC005,M008,Antacid,401,23,0,0,14500
2026-01-26,PHC005,M008,Antacid,368,33,0,0,14500
2026-01-27,PHC005,M008,Antacid,335,32,0,1,14500
2026-01-28,PHC005,M008,Antacid,299,35,0,1,14500
2026-01-29,PHC005,M008,Antacid,273,24,0,2,14500
2026-01-30,PHC005,M008,Antacid,248,24,0,1,14500
2026-01-31,PHC005,M008,Antacid,213,35,0,0,14500
2026-02-01,PHC005,M008,Antacid,424,18,229,0,14500
2026-02-02,PHC005,M008,Antacid,400,24,0,0,14500
2026-02-03,PHC005,M008,Antacid,363,35,0,2,14500
2026-02-04,PHC005,M008,Antacid,332,31,0,0,14500
2026-02-05,PHC005,M008,Antacid,301,29,0,2,14500
2026-02-06,PHC005,M008,Antacid,274,27,0,0,14500
2026-02-07,PHC005,M008,Antacid,249,24,0,1,14500
2026-02-08,PHC005,M008,Antacid,224,25,0,0,14500
2026-02-09,PHC005,M008,Antacid,203,21,0,0,14500
2026-02-10,PHC005,M008,Antacid,167,36,0,0,14500
2026-02-11,PHC005,M008,Antacid,147,20,0,0,14500
2026-02-12,PHC005,M008,Antacid,127,20,0,0,14500
2026-02-13,PHC005,M008,Antacid,108,19,0,0,14500
2026-02-14,PHC005,M008,Antacid,88,20,0,0,14500
2026-02-15,PHC005,M008,Antacid,486,24,423,1,14500
2026-02-16,PHC005,M008,Antacid,455,31,0,0,14500
2026-02-17,PHC005,M008,Antacid,431,21,0,3,14500
2026-02-18,PHC005,M008,Antacid,415,16,0,0,14500
2026-02-19,PHC005,M008,Antacid,393,22,0,0,14500
2026-02-20,PHC005,M008,Antacid,372,21,0,0,14500
2026-02-21,PHC005,M008,Antacid,350,22,0,0,14500
2026-02-22,PHC005,M008,Antacid,330,19,0,1,14500
2026-02-23,PHC005,M008,Antacid,304,25,0,1,14500
2026-02-24,PHC005,M008,Antacid,279,25,0,0,14500
2026-02-25,PHC005,M008,Antacid,257,22,0,0,14500
2026-02-26,PHC005,M008,Antacid,227,30,0,0,14500
2026-02-27,PHC005,M008,Antacid,210,17,0,0,14500
2026-02-28,PHC005,M008,Antacid,189,21,0,0,14500
2026-03-01,PHC005,M008,Antacid,620,25,456,0,14500
2026-03-02,PHC005,M008,Antacid,594,24,0,2,14500
2026-03-03,PHC005,M008,Antacid,571,22,0,1,14500
2026-03-04,PHC005,M008,Antacid,548,22,0,1,14500
2026-03-05,PHC005,M008,Antacid,528,20,0,0,14500
2026-03-06,PHC005,M008,Antacid,508,20,0,0,14500
2026-03-07,PHC005,M008,Antacid,490,18,0,0,14500
2026-03-08,PHC005,M008,Antacid,464,26,0,0,14500
2026-03-09,PHC005,M008,Antacid,436,28,0,0,14500
2026-03-10,PHC005,M008,Antacid,407,28,0,1,14500
2026-03-11,PHC005,M008,Antacid,381,25,0,1,14500
2026-03-12,PHC005,M008,Antacid,361,20,0,0,14500
2026-03-13,PHC005,M008,Antacid,335,26,0,0,14500
2026-03-14,PHC005,M008,Antacid,313,22,0,0,14500
2026-03-15,PHC005,M008,Antacid,748,27,462,0,14500
2026-03-16,PHC005,M008,Antacid,727,20,0,1,14500
2026-03-17,PHC005,M008,Antacid,707,20,0,0,14500
2026-03-18,PHC005,M008,Antacid,685,22,0,0,14500
2026-03-19,PHC005,M008,Antacid,661,23,0,1,14500
2026-03-20,PHC005,M008,Antacid,632,28,0,1,14500
2026-03-21,PHC005,M008,Antacid,612,20,0,0,14500
2026-03-22,PHC005,M008,Antacid,588,23,0,1,14500
2026-03-23,PHC005,M008,Antacid,565,23,0,0,14500
2026-03-24,PHC005,M008,Antacid,544,21,0,0,14500
2026-03-25,PHC005,M008,Antacid,517,27,0,0,14500
2026-03-26,PHC005,M008,Antacid,493,23,0,1,14500
2026-03-27,PHC005,M008,Antacid,472,21,0,0,14500
2026-03-28,PHC005,M008,Antacid,448,24,0,0,14500
2026-03-29,PHC005,M008,Antacid,421,27,0,0,14500
2026-03-30,PHC005,M008,Antacid,392,28,0,1,14500
2026-03-31,PHC005,M008,Antacid,365,27,0,0,14500
2026-04-01,PHC005,M008,Antacid,610,19,264,0,14500
2026-04-02,PHC005,M008,Antacid,579,31,0,0,14500
2026-04-03,PHC005,M008,Antacid,546,32,0,1,14500
2026-04-04,PHC005,M008,Antacid,519,26,0,1,14500
2026-04-05,PHC005,M008,Antacid,497,22,0,0,14500
2026-04-06,PHC005,M008,Antacid,474,23,0,0,14500
2026-04-07,PHC005,M008,Antacid,449,25,0,0,14500
2026-04-08,PHC005,M008,Antacid,419,30,0,0,14500
2026-04-09,PHC005,M008,Antacid,395,24,0,0,14500
2026-04-10,PHC005,M008,Antacid,367,27,0,1,14500
2026-04-11,PHC005,M008,Antacid,338,28,0,1,14500
2026-04-12,PHC005,M008,Antacid,313,25,0,0,14500
2026-04-13,PHC005,M008,Antacid,280,33,0,0,14500
2026-04-14,PHC005,M008,Antacid,257,23,0,0,14500
2026-04-15,PHC005,M008,Antacid,600,22,365,0,14500
2026-04-16,PHC005,M008,Antacid,578,21,0,1,14500
2026-04-17,PHC005,M008,Antacid,540,37,0,1,14500
2026-04-18,PHC005,M008,Antacid,510,29,0,1,14500
2026-04-19,PHC005,M008,Antacid,475,35,0,0,14500
2026-04-20,PHC005,M008,Antacid,439,34,0,2,14500
2026-04-21,PHC005,M008,Antacid,416,22,0,1,14500
2026-04-22,PHC005,M008,Antacid,378,38,0,0,14500
2026-04-23,PHC005,M008,Antacid,350,28,0,0,14500
2026-04-24,PHC005,M008,Antacid,320,30,0,0,14500
2026-04-25,PHC005,M008,Antacid,281,39,0,0,14500
2026-04-26,PHC005,M008,Antacid,257,24,0,0,14500
2026-04-27,PHC005,M008,Antacid,234,23,0,0,14500
2026-04-28,PHC005,M008,Antacid,205,29,0,0,14500
2026-04-29,PHC005,M008,Antacid,173,32,0,0,14500
2026-04-30,PHC005,M008,Antacid,142,31,0,0,14500
2026-05-01,PHC005,M008,Antacid,657,31,546,0,14500
2026-05-02,PHC005,M008,Antacid,618,37,0,2,14500
2026-05-03,PHC005,M008,Antacid,585,33,0,0,14500
2026-05-04,PHC005,M008,Antacid,560,25,0,0,14500
2026-05-05,PHC005,M008,Antacid,522,38,0,0,14500
2026-05-06,PHC005,M008,Antacid,493,28,0,1,14500
2026-05-07,PHC005,M008,Antacid,455,37,0,1,14500
2026-05-08,PHC005,M008,Antacid,418,37,0,0,14500
2026-05-09,PHC005,M008,Antacid,384,34,0,0,14500
2026-05-10,PHC005,M008,Antacid,359,25,0,0,14500
2026-05-11,PHC005,M008,Antacid,339,20,0,0,14500
2026-05-12,PHC005,M008,Antacid,320,19,0,0,14500
2026-05-13,PHC005,M008,Antacid,292,28,0,0,14500
2026-05-14,PHC005,M008,Antacid,265,27,0,0,14500
2026-05-15,PHC005,M008,Antacid,525,20,280,0,14500
2026-05-16,PHC005,M008,Antacid,488,37,0,0,14500
2026-05-17,PHC005,M008,Antacid,468,19,0,1,14500
2026-05-18,PHC005,M008,Antacid,442,26,0,0,14500
2026-05-19,PHC005,M008,Antacid,428,14,0,0,14500
2026-05-20,PHC005,M008,Antacid,395,33,0,0,14500
2026-05-21,PHC005,M008,Antacid,362,33,0,0,14500
2026-05-22,PHC005,M008,Antacid,344,18,0,0,14500
2026-05-23,PHC005,M008,Antacid,319,25,0,0,14500
2026-05-24,PHC005,M008,Antacid,295,24,0,0,14500
2026-05-25,PHC005,M008,Antacid,278,17,0,0,14500
2026-05-26,PHC005,M008,Antacid,255,23,0,0,14500
2026-05-27,PHC005,M008,Antacid,232,23,0,0,14500
2026-05-28,PHC005,M008,Antacid,210,22,0,0,14500
2026-05-29,PHC005,M008,Antacid,1439,119,1348,0,14500
2026-05-30,PHC005,M008,Antacid,1412,26,0,1,14500
2026-05-31,PHC005,M008,Antacid,1394,18,0,0,14500
2026-06-01,PHC005,M008,Antacid,1747,19,374,2,14500
2026-06-02,PHC005,M008,Antacid,1722,25,0,0,14500
2026-06-03,PHC005,M008,Antacid,1689,30,0,3,14500
2026-06-04,PHC005,M008,Antacid,1654,35,0,0,14500
2026-06-05,PHC005,M008,Antacid,1597,56,0,1,14500
2026-06-06,PHC005,M008,Antacid,1570,27,0,0,14500
2026-06-07,PHC005,M008,Antacid,1540,30,0,0,14500
2026-06-08,PHC005,M008,Antacid,1511,28,0,1,14500
2026-06-09,PHC005,M008,Antacid,1480,31,0,0,14500
2026-06-10,PHC005,M008,Antacid,1455,25,0,0,14500
2026-06-11,PHC005,M008,Antacid,1427,28,0,0,14500
2026-06-12,PHC005,M008,Antacid,1400,21,0,6,14500
2026-06-13,PHC005,M008,Antacid,1378,22,0,0,14500
2026-06-14,PHC005,M008,Antacid,1345,32,0,1,14500
2026-06-15,PHC005,M008,Antacid,1628,20,304,1,14500
2026-06-16,PHC005,M008,Antacid,1596,29,0,3,14500
2026-06-17,PHC005,M008,Antacid,1571,25,0,0,14500
2026-06-18,PHC005,M008,Antacid,1549,22,0,0,14500
2026-06-19,PHC005,M008,Antacid,1519,29,0,1,14500
2026-06-20,PHC005,M008,Antacid,1493,25,0,1,14500
2026-06-21,PHC005,M008,Antacid,1467,25,0,1,14500
2026-06-22,PHC005,M008,Antacid,1445,21,0,1,14500
2026-06-23,PHC005,M008,Antacid,1410,34,0,1,14500
2026-06-24,PHC005,M008,Antacid,1383,27,0,0,14500
2026-06-25,PHC005,M008,Antacid,1361,21,0,1,14500
2026-06-26,PHC005,M008,Antacid,1344,17,0,0,14500
2026-06-27,PHC005,M008,Antacid,1321,23,0,0,14500
2026-06-28,PHC005,M008,Antacid,1291,29,0,1,14500
2026-06-29,PHC005,M008,Antacid,1266,24,0,1,14500
2026-06-30,PHC005,M008,Antacid,1232,33,0,1,14500
2026-01-01,PHC006,M001,Paracetamol,1588,69,971,1,27000
2026-01-02,PHC006,M001,Paracetamol,1503,83,0,2,27000
2026-01-03,PHC006,M001,Paracetamol,1423,79,0,1,27000
2026-01-04,PHC006,M001,Paracetamol,1313,110,0,0,27000
2026-01-05,PHC006,M001,Paracetamol,1225,87,0,1,27000
2026-01-06,PHC006,M001,Paracetamol,1122,102,0,1,27000
2026-01-07,PHC006,M001,Paracetamol,1023,97,0,2,27000
2026-01-08,PHC006,M001,Paracetamol,926,97,0,0,27000
2026-01-09,PHC006,M001,Paracetamol,831,95,0,0,27000
2026-01-10,PHC006,M001,Paracetamol,738,92,0,1,27000
2026-01-11,PHC006,M001,Paracetamol,649,89,0,0,27000
2026-01-12,PHC006,M001,Paracetamol,566,83,0,0,27000
2026-01-13,PHC006,M001,Paracetamol,473,92,0,1,27000
2026-01-14,PHC006,M001,Paracetamol,1879,99,1505,0,27000
2026-01-15,PHC006,M001,Paracetamol,3529,95,1745,0,27000
2026-01-16,PHC006,M001,Paracetamol,3416,110,0,3,27000
2026-01-17,PHC006,M001,Paracetamol,3306,107,0,3,27000
2026-01-18,PHC006,M001,Paracetamol,3196,107,0,3,27000
2026-01-19,PHC006,M001,Paracetamol,3104,90,0,2,27000
2026-01-20,PHC006,M001,Paracetamol,2992,105,0,7,27000
2026-01-21,PHC006,M001,Paracetamol,2875,113,0,4,27000
2026-01-22,PHC006,M001,Paracetamol,2755,115,0,5,27000
2026-01-23,PHC006,M001,Paracetamol,2669,84,0,2,27000
2026-01-24,PHC006,M001,Paracetamol,2578,88,0,3,27000
2026-01-25,PHC006,M001,Paracetamol,2462,114,0,2,27000
2026-01-26,PHC006,M001,Paracetamol,2349,108,0,5,27000
2026-01-27,PHC006,M001,Paracetamol,2226,119,0,4,27000
2026-01-28,PHC006,M001,Paracetamol,2147,76,0,3,27000
2026-01-29,PHC006,M001,Paracetamol,2052,94,0,1,27000
2026-01-30,PHC006,M001,Paracetamol,1969,83,0,0,27000
2026-01-31,PHC006,M001,Paracetamol,1859,105,0,5,27000
2026-02-01,PHC006,M001,Paracetamol,3294,122,1558,1,27000
2026-02-02,PHC006,M001,Paracetamol,3218,74,0,2,27000
2026-02-03,PHC006,M001,Paracetamol,3116,102,0,0,27000
2026-02-04,PHC006,M001,Paracetamol,3013,101,0,2,27000
2026-02-05,PHC006,M001,Paracetamol,2917,94,0,2,27000
2026-02-06,PHC006,M001,Paracetamol,2827,87,0,3,27000
2026-02-07,PHC006,M001,Paracetamol,2735,90,0,2,27000
2026-02-08,PHC006,M001,Paracetamol,2639,92,0,4,27000
2026-02-09,PHC006,M001,Paracetamol,2547,90,0,2,27000
2026-02-10,PHC006,M001,Paracetamol,2471,73,0,3,27000
2026-02-11,PHC006,M001,Paracetamol,2388,81,0,2,27000
2026-02-12,PHC006,M001,Paracetamol,2120,264,0,4,27000
2026-02-13,PHC006,M001,Paracetamol,2008,110,0,2,27000
2026-02-14,PHC006,M001,Paracetamol,1913,94,0,1,27000
2026-02-15,PHC006,M001,Paracetamol,3054,92,1234,1,27000
2026-02-16,PHC006,M001,Paracetamol,2948,103,0,3,27000
2026-02-17,PHC006,M001,Paracetamol,2867,78,0,3,27000
2026-02-18,PHC006,M001,Paracetamol,2776,86,0,5,27000
2026-02-19,PHC006,M001,Paracetamol,2697,77,0,2,27000
2026-02-20,PHC006,M001,Paracetamol,2601,94,0,2,27000
2026-02-21,PHC006,M001,Paracetamol,2507,91,0,3,27000
2026-02-22,PHC006,M001,Paracetamol,2442,64,0,1,27000
2026-02-23,PHC006,M001,Paracetamol,2355,87,0,0,27000
2026-02-24,PHC006,M001,Paracetamol,2252,103,0,0,27000
2026-02-25,PHC006,M001,Paracetamol,2171,79,0,2,27000
2026-02-26,PHC006,M001,Paracetamol,2083,87,0,1,27000
2026-02-27,PHC006,M001,Paracetamol,1995,88,0,0,27000
2026-02-28,PHC006,M001,Paracetamol,1915,79,0,1,27000
2026-03-01,PHC006,M001,Paracetamol,3004,91,1184,4,27000
2026-03-02,PHC006,M001,Paracetamol,2928,75,0,1,27000
2026-03-03,PHC006,M001,Paracetamol,2855,73,0,0,27000
2026-03-04,PHC006,M001,Paracetamol,2777,77,0,1,27000
2026-03-05,PHC006,M001,Paracetamol,2710,65,0,2,27000
2026-03-06,PHC006,M001,Paracetamol,2623,84,0,3,27000
2026-03-07,PHC006,M001,Paracetamol,2530,91,0,2,27000
2026-03-08,PHC006,M001,Paracetamol,2439,90,0,1,27000
2026-03-09,PHC006,M001,Paracetamol,2359,78,0,2,27000
2026-03-10,PHC006,M001,Paracetamol,2269,88,0,2,27000
2026-03-11,PHC006,M001,Paracetamol,2189,77,0,3,27000
2026-03-12,PHC006,M001,Paracetamol,2117,70,0,2,27000
2026-03-13,PHC006,M001,Paracetamol,2015,100,0,2,27000
2026-03-14,PHC006,M001,Paracetamol,1933,81,0,1,27000
2026-03-15,PHC006,M001,Paracetamol,3110,104,1283,2,27000
2026-03-16,PHC006,M001,Paracetamol,3022,86,0,2,27000
2026-03-17,PHC006,M001,Paracetamol,2931,90,0,1,27000
2026-03-18,PHC006,M001,Paracetamol,2830,98,0,3,27000
2026-03-19,PHC006,M001,Paracetamol,2744,86,0,0,27000
2026-03-20,PHC006,M001,Paracetamol,2648,93,0,3,27000
2026-03-21,PHC006,M001,Paracetamol,2567,78,0,3,27000
2026-03-22,PHC006,M001,Paracetamol,2464,101,0,2,27000
2026-03-23,PHC006,M001,Paracetamol,2391,73,0,0,27000
2026-03-24,PHC006,M001,Paracetamol,2298,93,0,0,27000
2026-03-25,PHC006,M001,Paracetamol,2208,88,0,2,27000
2026-03-26,PHC006,M001,Paracetamol,2105,101,0,2,27000
2026-03-27,PHC006,M001,Paracetamol,2031,71,0,3,27000
2026-03-28,PHC006,M001,Paracetamol,1922,108,0,1,27000
2026-03-29,PHC006,M001,Paracetamol,1826,95,0,1,27000
2026-03-30,PHC006,M001,Paracetamol,1717,109,0,0,27000
2026-03-31,PHC006,M001,Paracetamol,1611,103,0,3,27000
2026-04-01,PHC006,M001,Paracetamol,2701,102,1193,1,27000
2026-04-02,PHC006,M001,Paracetamol,2602,96,0,3,27000
2026-04-03,PHC006,M001,Paracetamol,2517,83,0,2,27000
2026-04-04,PHC006,M001,Paracetamol,2400,114,0,3,27000
2026-04-05,PHC006,M001,Paracetamol,2309,87,0,4,27000
2026-04-06,PHC006,M001,Paracetamol,2200,108,0,1,27000
2026-04-07,PHC006,M001,Paracetamol,2102,95,0,3,27000
2026-04-08,PHC006,M001,Paracetamol,2015,86,0,1,27000
2026-04-09,PHC006,M001,Paracetamol,1910,104,0,1,27000
2026-04-10,PHC006,M001,Paracetamol,1775,134,0,1,27000
2026-04-11,PHC006,M001,Paracetamol,1680,93,0,2,27000
2026-04-12,PHC006,M001,Paracetamol,1575,103,0,2,27000
2026-04-13,PHC006,M001,Paracetamol,1478,97,0,0,27000
2026-04-14,PHC006,M001,Paracetamol,1364,113,0,1,27000
2026-04-15,PHC006,M001,Paracetamol,2539,122,1300,3,27000
2026-04-16,PHC006,M001,Paracetamol,2435,100,0,4,27000
2026-04-17,PHC006,M001,Paracetamol,2334,98,0,3,27000
2026-04-18,PHC006,M001,Paracetamol,2216,116,0,2,27000
2026-04-19,PHC006,M001,Paracetamol,2111,104,0,1,27000
2026-04-20,PHC006,M001,Paracetamol,2003,107,0,1,27000
2026-04-21,PHC006,M001,Paracetamol,1889,113,0,1,27000
2026-04-22,PHC006,M001,Paracetamol,1570,318,0,1,27000
2026-04-23,PHC006,M001,Paracetamol,1473,95,0,2,27000
2026-04-24,PHC006,M001,Paracetamol,1366,105,0,2,27000
2026-04-25,PHC006,M001,Paracetamol,1241,124,0,1,27000
2026-04-26,PHC006,M001,Paracetamol,1113,128,0,0,27000
2026-04-27,PHC006,M001,Paracetamol,989,122,0,2,27000
2026-04-28,PHC006,M001,Paracetamol,891,98,0,0,27000
2026-04-29,PHC006,M001,Paracetamol,788,102,0,1,27000
2026-04-30,PHC006,M001,Paracetamol,3685,247,3146,2,27000
2026-05-01,PHC006,M001,Paracetamol,4983,105,1408,5,27000
2026-05-02,PHC006,M001,Paracetamol,4865,111,0,7,27000
2026-05-03,PHC006,M001,Paracetamol,4745,116,0,4,27000
2026-05-04,PHC006,M001,Paracetamol,4640,99,0,6,27000
2026-05-05,PHC006,M001,Paracetamol,4533,102,0,5,27000
2026-05-06,PHC006,M001,Paracetamol,4438,94,0,1,27000
2026-05-07,PHC006,M001,Paracetamol,4320,114,0,4,27000
2026-05-08,PHC006,M001,Paracetamol,4203,114,0,3,27000
2026-05-09,PHC006,M001,Paracetamol,4105,98,0,0,27000
2026-05-10,PHC006,M001,Paracetamol,4003,99,0,3,27000
2026-05-11,PHC006,M001,Paracetamol,3901,95,0,7,27000
2026-05-12,PHC006,M001,Paracetamol,3797,101,0,3,27000
2026-05-13,PHC006,M001,Paracetamol,3704,90,0,3,27000
2026-05-14,PHC006,M001,Paracetamol,3617,83,0,4,27000
2026-05-15,PHC006,M001,Paracetamol,5800,138,2326,5,27000
2026-05-16,PHC006,M001,Paracetamol,5695,100,0,5,27000
2026-05-17,PHC006,M001,Paracetamol,5591,99,0,5,27000
2026-05-18,PHC006,M001,Paracetamol,5479,103,0,9,27000
2026-05-19,PHC006,M001,Paracetamol,5385,92,0,2,27000
2026-05-20,PHC006,M001,Paracetamol,5291,94,0,0,27000
2026-05-21,PHC006,M001,Paracetamol,5190,96,0,5,27000
2026-05-22,PHC006,M001,Paracetamol,5092,96,0,2,27000
2026-05-23,PHC006,M001,Paracetamol,4996,91,0,5,27000
2026-05-24,PHC006,M001,Paracetamol,4914,80,0,2,27000
2026-05-25,PHC006,M001,Paracetamol,4821,92,0,1,27000
2026-05-26,PHC006,M001,Paracetamol,4741,75,0,5,27000
2026-05-27,PHC006,M001,Paracetamol,4650,88,0,3,27000
2026-05-28,PHC006,M001,Paracetamol,4571,76,0,3,27000
2026-05-29,PHC006,M001,Paracetamol,4501,66,0,4,27000
2026-05-30,PHC006,M001,Paracetamol,4403,95,0,3,27000
2026-05-31,PHC006,M001,Paracetamol,4317,86,0,0,27000
2026-06-01,PHC006,M001,Paracetamol,5645,84,1413,1,27000
2026-06-02,PHC006,M001,Paracetamol,5536,107,0,2,27000
2026-06-03,PHC006,M001,Paracetamol,5454,76,0,6,27000
2026-06-04,PHC006,M001,Paracetamol,5369,83,0,2,27000
2026-06-05,PHC006,M001,Paracetamol,5278,87,0,4,27000
2026-06-06,PHC006,M001,Paracetamol,5177,95,0,6,27000
2026-06-07,PHC006,M001,Paracetamol,5083,90,0,4,27000
2026-06-08,PHC006,M001,Paracetamol,4987,92,0,4,27000
2026-06-09,PHC006,M001,Paracetamol,4892,90,0,5,27000
2026-06-10,PHC006,M001,Paracetamol,4800,88,0,4,27000
2026-06-11,PHC006,M001,Paracetamol,4724,73,0,3,27000
2026-06-12,PHC006,M001,Paracetamol,4632,88,0,4,27000
2026-06-13,PHC006,M001,Paracetamol,4552,79,0,1,27000
2026-06-14,PHC006,M001,Paracetamol,4460,91,0,1,27000
2026-06-15,PHC006,M001,Paracetamol,5914,99,1557,4,27000
2026-06-16,PHC006,M001,Paracetamol,5817,90,0,7,27000
2026-06-17,PHC006,M001,Paracetamol,5718,95,0,4,27000
2026-06-18,PHC006,M001,Paracetamol,5636,76,0,6,27000
2026-06-19,PHC006,M001,Paracetamol,5530,100,0,6,27000
2026-06-20,PHC006,M001,Paracetamol,5420,107,0,3,27000
2026-06-21,PHC006,M001,Paracetamol,5311,105,0,4,27000
2026-06-22,PHC006,M001,Paracetamol,5208,98,0,5,27000
2026-06-23,PHC006,M001,Paracetamol,5114,87,0,7,27000
2026-06-24,PHC006,M001,Paracetamol,4996,112,0,6,27000
2026-06-25,PHC006,M001,Paracetamol,4900,91,0,5,27000
2026-06-26,PHC006,M001,Paracetamol,4803,94,0,3,27000
2026-06-27,PHC006,M001,Paracetamol,4699,102,0,2,27000
2026-06-28,PHC006,M001,Paracetamol,4561,135,0,3,27000
2026-06-29,PHC006,M001,Paracetamol,4461,96,0,4,27000
2026-06-30,PHC006,M001,Paracetamol,4370,88,0,3,27000
2026-01-01,PHC006,M002,ORS,1784,94,989,0,27000
2026-01-02,PHC006,M002,ORS,1693,91,0,0,27000
2026-01-03,PHC006,M002,ORS,1575,116,0,2,27000
2026-01-04,PHC006,M002,ORS,1483,92,0,0,27000
2026-01-05,PHC006,M002,ORS,1371,112,0,0,27000
2026-01-06,PHC006,M002,ORS,1257,113,0,1,27000
2026-01-07,PHC006,M002,ORS,1165,89,0,3,27000
2026-01-08,PHC006,M002,ORS,1075,89,0,1,27000
2026-01-09,PHC006,M002,ORS,965,109,0,1,27000
2026-01-10,PHC006,M002,ORS,856,107,0,2,27000
2026-01-11,PHC006,M002,ORS,753,103,0,0,27000
2026-01-12,PHC006,M002,ORS,643,110,0,0,27000
2026-01-13,PHC006,M002,ORS,545,97,0,1,27000
2026-01-14,PHC006,M002,ORS,2592,126,2174,1,27000
2026-01-15,PHC006,M002,ORS,3830,108,1350,4,27000
2026-01-16,PHC006,M002,ORS,3745,84,0,1,27000
2026-01-17,PHC006,M002,ORS,3611,129,0,5,27000
2026-01-18,PHC006,M002,ORS,3502,106,0,3,27000
2026-01-19,PHC006,M002,ORS,3401,100,0,1,27000
2026-01-20,PHC006,M002,ORS,3297,102,0,2,27000
2026-01-21,PHC006,M002,ORS,3185,111,0,1,27000
2026-01-22,PHC006,M002,ORS,3064,118,0,3,27000
2026-01-23,PHC006,M002,ORS,2735,327,0,2,27000
2026-01-24,PHC006,M002,ORS,2620,112,0,3,27000
2026-01-25,PHC006,M002,ORS,2522,97,0,1,27000
2026-01-26,PHC006,M002,ORS,2418,101,0,3,27000
2026-01-27,PHC006,M002,ORS,2306,112,0,0,27000
2026-01-28,PHC006,M002,ORS,2182,119,0,5,27000
2026-01-29,PHC006,M002,ORS,2067,114,0,1,27000
2026-01-30,PHC006,M002,ORS,1937,124,0,6,27000
2026-01-31,PHC006,M002,ORS,1831,106,0,0,27000
2026-02-01,PHC006,M002,ORS,2849,113,1134,3,27000
2026-02-02,PHC006,M002,ORS,2735,109,0,5,27000
2026-02-03,PHC006,M002,ORS,2602,127,0,6,27000
2026-02-04,PHC006,M002,ORS,2476,124,0,2,27000
2026-02-05,PHC006,M002,ORS,2376,98,0,2,27000
2026-02-06,PHC006,M002,ORS,2257,118,0,1,27000
2026-02-07,PHC006,M002,ORS,2121,134,0,2,27000
2026-02-08,PHC006,M002,ORS,2030,90,0,1,27000
2026-02-09,PHC006,M002,ORS,1914,115,0,1,27000
2026-02-10,PHC006,M002,ORS,1809,104,0,1,27000
2026-02-11,PHC006,M002,ORS,1703,103,0,3,27000
2026-02-12,PHC006,M002,ORS,1599,101,0,3,27000
2026-02-13,PHC006,M002,ORS,1502,96,0,1,27000
2026-02-14,PHC006,M002,ORS,1391,109,0,2,27000
2026-02-15,PHC006,M002,ORS,3038,101,1748,0,27000
2026-02-16,PHC006,M002,ORS,2931,104,0,3,27000
2026-02-17,PHC006,M002,ORS,2831,99,0,1,27000
2026-02-18,PHC006,M002,ORS,2737,93,0,1,27000
2026-02-19,PHC006,M002,ORS,2642,94,0,1,27000
2026-02-20,PHC006,M002,ORS,2563,79,0,0,27000
2026-02-21,PHC006,M002,ORS,2449,108,0,6,27000
2026-02-22,PHC006,M002,ORS,2347,99,0,3,27000
2026-02-23,PHC006,M002,ORS,2246,97,0,4,27000
2026-02-24,PHC006,M002,ORS,2151,92,0,3,27000
2026-02-25,PHC006,M002,ORS,2060,89,0,2,27000
2026-02-26,PHC006,M002,ORS,1968,91,0,1,27000
2026-02-27,PHC006,M002,ORS,1885,80,0,3,27000
2026-02-28,PHC006,M002,ORS,1782,100,0,3,27000
2026-03-01,PHC006,M002,ORS,2596,88,902,0,27000
2026-03-02,PHC006,M002,ORS,2508,88,0,0,27000
2026-03-03,PHC006,M002,ORS,2408,99,0,1,27000
2026-03-04,PHC006,M002,ORS,2302,105,0,1,27000
2026-03-05,PHC006,M002,ORS,2209,93,0,0,27000
2026-03-06,PHC006,M002,ORS,2117,89,0,3,27000
2026-03-07,PHC006,M002,ORS,2028,86,0,3,27000
2026-03-08,PHC006,M002,ORS,1924,101,0,3,27000
2026-03-09,PHC006,M002,ORS,1823,98,0,3,27000
2026-03-10,PHC006,M002,ORS,1716,107,0,0,27000
2026-03-11,PHC006,M002,ORS,1630,84,0,2,27000
2026-03-12,PHC006,M002,ORS,1553,75,0,2,27000
2026-03-13,PHC006,M002,ORS,1474,77,0,2,27000
2026-03-14,PHC006,M002,ORS,1382,91,0,1,27000
2026-03-15,PHC006,M002,ORS,2566,103,1289,2,27000
2026-03-16,PHC006,M002,ORS,2466,97,0,3,27000
2026-03-17,PHC006,M002,ORS,2383,81,0,2,27000
2026-03-18,PHC006,M002,ORS,2293,88,0,2,27000
2026-03-19,PHC006,M002,ORS,2197,96,0,0,27000
2026-03-20,PHC006,M002,ORS,2111,86,0,0,27000
2026-03-21,PHC006,M002,ORS,2023,88,0,0,27000
2026-03-22,PHC006,M002,ORS,1933,88,0,2,27000
2026-03-23,PHC006,M002,ORS,1831,100,0,2,27000
2026-03-24,PHC006,M002,ORS,1730,101,0,0,27000
2026-03-25,PHC006,M002,ORS,1610,118,0,2,27000
2026-03-26,PHC006,M002,ORS,1506,104,0,0,27000
2026-03-27,PHC006,M002,ORS,1398,104,0,4,27000
2026-03-28,PHC006,M002,ORS,1286,111,0,1,27000
2026-03-29,PHC006,M002,ORS,1177,108,0,1,27000
2026-03-30,PHC006,M002,ORS,1062,115,0,0,27000
2026-03-31,PHC006,M002,ORS,954,107,0,1,27000
2026-04-01,PHC006,M002,ORS,2836,112,1994,0,27000
2026-04-02,PHC006,M002,ORS,2728,105,0,3,27000
2026-04-03,PHC006,M002,ORS,2600,126,0,2,27000
2026-04-04,PHC006,M002,ORS,2484,114,0,2,27000
2026-04-05,PHC006,M002,ORS,2381,103,0,0,27000
2026-04-06,PHC006,M002,ORS,2277,103,0,1,27000
2026-04-07,PHC006,M002,ORS,2179,96,0,2,27000
2026-04-08,PHC006,M002,ORS,2051,127,0,1,27000
2026-04-09,PHC006,M002,ORS,1796,253,0,2,27000
2026-04-10,PHC006,M002,ORS,1691,103,0,2,27000
2026-04-11,PHC006,M002,ORS,1560,129,0,2,27000
2026-04-12,PHC006,M002,ORS,1451,108,0,1,27000
2026-04-13,PHC006,M002,ORS,1337,113,0,1,27000
2026-04-14,PHC006,M002,ORS,1213,123,0,1,27000
2026-04-15,PHC006,M002,ORS,2222,102,1112,1,27000
2026-04-16,PHC006,M002,ORS,2079,140,0,3,27000
2026-04-17,PHC006,M002,ORS,1960,119,0,0,27000
2026-04-18,PHC006,M002,ORS,1835,124,0,1,27000
2026-04-19,PHC006,M002,ORS,1709,125,0,1,27000
2026-04-20,PHC006,M002,ORS,1564,143,0,2,27000
2026-04-21,PHC006,M002,ORS,1446,116,0,2,27000
2026-04-22,PHC006,M002,ORS,1329,117,0,0,27000
2026-04-23,PHC006,M002,ORS,1230,98,0,1,27000
2026-04-24,PHC006,M002,ORS,1133,94,0,3,27000
2026-04-25,PHC006,M002,ORS,1018,113,0,2,27000
2026-04-26,PHC006,M002,ORS,894,123,0,1,27000
2026-04-27,PHC006,M002,ORS,766,128,0,0,27000
2026-04-28,PHC006,M002,ORS,650,115,0,1,27000
2026-04-29,PHC006,M002,ORS,538,112,0,0,27000
2026-04-30,PHC006,M002,ORS,1994,123,1579,0,27000
2026-05-01,PHC006,M002,ORS,3663,137,1808,2,27000
2026-05-02,PHC006,M002,ORS,3537,125,0,1,27000
2026-05-03,PHC006,M002,ORS,3415,118,0,4,27000
2026-05-04,PHC006,M002,ORS,3304,110,0,1,27000
2026-05-05,PHC006,M002,ORS,3196,102,0,6,27000
2026-05-06,PHC006,M002,ORS,3092,103,0,1,27000
2026-05-07,PHC006,M002,ORS,2980,111,0,1,27000
2026-05-08,PHC006,M002,ORS,2855,124,0,1,27000
2026-05-09,PHC006,M002,ORS,2759,96,0,0,27000
2026-05-10,PHC006,M002,ORS,2642,115,0,2,27000
2026-05-11,PHC006,M002,ORS,2530,109,0,3,27000
2026-05-12,PHC006,M002,ORS,2425,104,0,1,27000
2026-05-13,PHC006,M002,ORS,2295,127,0,3,27000
2026-05-14,PHC006,M002,ORS,2193,99,0,3,27000
2026-05-15,PHC006,M002,ORS,3977,109,1896,3,27000
2026-05-16,PHC006,M002,ORS,3869,106,0,2,27000
2026-05-17,PHC006,M002,ORS,3739,128,0,2,27000
2026-05-18,PHC006,M002,ORS,3627,107,0,5,27000
2026-05-19,PHC006,M002,ORS,3535,89,0,3,27000
2026-05-20,PHC006,M002,ORS,3428,104,0,3,27000
2026-05-21,PHC006,M002,ORS,3334,91,0,3,27000
2026-05-22,PHC006,M002,ORS,3230,101,0,3,27000
2026-05-23,PHC006,M002,ORS,3146,82,0,2,27000
2026-05-24,PHC006,M002,ORS,3054,90,0,2,27000
2026-05-25,PHC006,M002,ORS,2938,115,0,1,27000
2026-05-26,PHC006,M002,ORS,2841,93,0,4,27000
2026-05-27,PHC006,M002,ORS,2746,93,0,2,27000
2026-05-28,PHC006,M002,ORS,2639,107,0,0,27000
2026-05-29,PHC006,M002,ORS,2367,270,0,2,27000
2026-05-30,PHC006,M002,ORS,2253,112,0,2,27000
2026-05-31,PHC006,M002,ORS,2141,108,0,4,27000
2026-06-01,PHC006,M002,ORS,3318,109,1288,2,27000
2026-06-02,PHC006,M002,ORS,3225,93,0,0,27000
2026-06-03,PHC006,M002,ORS,3130,94,0,1,27000
2026-06-04,PHC006,M002,ORS,3041,87,0,2,27000
2026-06-05,PHC006,M002,ORS,2927,111,0,3,27000
2026-06-06,PHC006,M002,ORS,2827,98,0,2,27000
2026-06-07,PHC006,M002,ORS,2726,99,0,2,27000
2026-06-08,PHC006,M002,ORS,2629,96,0,1,27000
2026-06-09,PHC006,M002,ORS,2511,117,0,1,27000
2026-06-10,PHC006,M002,ORS,2396,114,0,1,27000
2026-06-11,PHC006,M002,ORS,2317,77,0,2,27000
2026-06-12,PHC006,M002,ORS,2218,94,0,5,27000
2026-06-13,PHC006,M002,ORS,2106,110,0,2,27000
2026-06-14,PHC006,M002,ORS,2001,98,0,7,27000
2026-06-15,PHC006,M002,ORS,2932,103,1038,4,27000
2026-06-16,PHC006,M002,ORS,2816,113,0,3,27000
2026-06-17,PHC006,M002,ORS,2708,106,0,2,27000
2026-06-18,PHC006,M002,ORS,2609,96,0,3,27000
2026-06-19,PHC006,M002,ORS,2511,95,0,3,27000
2026-06-20,PHC006,M002,ORS,2419,92,0,0,27000
2026-06-21,PHC006,M002,ORS,2305,114,0,0,27000
2026-06-22,PHC006,M002,ORS,2206,99,0,0,27000
2026-06-23,PHC006,M002,ORS,2104,100,0,2,27000
2026-06-24,PHC006,M002,ORS,2012,90,0,2,27000
2026-06-25,PHC006,M002,ORS,1911,99,0,2,27000
2026-06-26,PHC006,M002,ORS,1818,93,0,0,27000
2026-06-27,PHC006,M002,ORS,1721,96,0,1,27000
2026-06-28,PHC006,M002,ORS,1602,115,0,4,27000
2026-06-29,PHC006,M002,ORS,1482,118,0,2,27000
2026-06-30,PHC006,M002,ORS,1353,128,0,1,27000
2026-01-01,PHC006,M003,Amoxicillin,1635,39,727,0,27000
2026-01-02,PHC006,M003,Amoxicillin,1599,36,0,0,27000
2026-01-03,PHC006,M003,Amoxicillin,1546,52,0,1,27000
2026-01-04,PHC006,M003,Amoxicillin,1493,50,0,3,27000
2026-01-05,PHC006,M003,Amoxicillin,1446,46,0,1,27000
2026-01-06,PHC006,M003,Amoxicillin,1407,38,0,1,27000
2026-01-07,PHC006,M003,Amoxicillin,1359,47,0,1,27000
2026-01-08,PHC006,M003,Amoxicillin,1322,37,0,0,27000
2026-01-09,PHC006,M003,Amoxicillin,1273,48,0,1,27000
2026-01-10,PHC006,M003,Amoxicillin,1232,40,0,1,27000
2026-01-11,PHC006,M003,Amoxicillin,1187,44,0,1,27000
2026-01-12,PHC006,M003,Amoxicillin,1142,45,0,0,27000
2026-01-13,PHC006,M003,Amoxicillin,1090,51,0,1,27000
2026-01-14,PHC006,M003,Amoxicillin,1051,38,0,1,27000
2026-01-15,PHC006,M003,Amoxicillin,1566,52,567,0,27000
2026-01-16,PHC006,M003,Amoxicillin,1516,48,0,2,27000
2026-01-17,PHC006,M003,Amoxicillin,1472,44,0,0,27000
2026-01-18,PHC006,M003,Amoxicillin,1416,55,0,1,27000
2026-01-19,PHC006,M003,Amoxicillin,1371,44,0,1,27000
2026-01-20,PHC006,M003,Amoxicillin,1329,42,0,0,27000
2026-01-21,PHC006,M003,Amoxicillin,1283,46,0,0,27000
2026-01-22,PHC006,M003,Amoxicillin,1234,48,0,1,27000
2026-01-23,PHC006,M003,Amoxicillin,1184,49,0,1,27000
2026-01-24,PHC006,M003,Amoxicillin,1135,49,0,0,27000
2026-01-25,PHC006,M003,Amoxicillin,1094,41,0,0,27000
2026-01-26,PHC006,M003,Amoxicillin,1054,37,0,3,27000
2026-01-27,PHC006,M003,Amoxicillin,998,55,0,1,27000
2026-01-28,PHC006,M003,Amoxicillin,939,59,0,0,27000
2026-01-29,PHC006,M003,Amoxicillin,892,46,0,1,27000
2026-01-30,PHC006,M003,Amoxicillin,845,46,0,1,27000
2026-01-31,PHC006,M003,Amoxicillin,802,43,0,0,27000
2026-02-01,PHC006,M003,Amoxicillin,1376,56,633,3,27000
2026-02-02,PHC006,M003,Amoxicillin,1327,49,0,0,27000
2026-02-03,PHC006,M003,Amoxicillin,1281,45,0,1,27000
2026-02-04,PHC006,M003,Amoxicillin,1240,41,0,0,27000
2026-02-05,PHC006,M003,Amoxicillin,1197,41,0,2,27000
2026-02-06,PHC006,M003,Amoxicillin,1137,60,0,0,27000
2026-02-07,PHC006,M003,Amoxicillin,1104,32,0,1,27000
2026-02-08,PHC006,M003,Amoxicillin,1053,49,0,2,27000
2026-02-09,PHC006,M003,Amoxicillin,1004,48,0,1,27000
2026-02-10,PHC006,M003,Amoxicillin,967,34,0,3,27000
2026-02-11,PHC006,M003,Amoxicillin,928,38,0,1,27000
2026-02-12,PHC006,M003,Amoxicillin,882,46,0,0,27000
2026-02-13,PHC006,M003,Amoxicillin,841,40,0,1,27000
2026-02-14,PHC006,M003,Amoxicillin,800,41,0,0,27000
2026-02-15,PHC006,M003,Amoxicillin,1487,42,731,2,27000
2026-02-16,PHC006,M003,Amoxicillin,1451,36,0,0,27000
2026-02-17,PHC006,M003,Amoxicillin,1410,39,0,2,27000
2026-02-18,PHC006,M003,Amoxicillin,1371,37,0,2,27000
2026-02-19,PHC006,M003,Amoxicillin,1332,37,0,2,27000
2026-02-20,PHC006,M003,Amoxicillin,1289,43,0,0,27000
2026-02-21,PHC006,M003,Amoxicillin,1248,40,0,1,27000
2026-02-22,PHC006,M003,Amoxicillin,1210,38,0,0,27000
2026-02-23,PHC006,M003,Amoxicillin,1169,39,0,2,27000
2026-02-24,PHC006,M003,Amoxicillin,1133,36,0,0,27000
2026-02-25,PHC006,M003,Amoxicillin,1088,44,0,1,27000
2026-02-26,PHC006,M003,Amoxicillin,1042,46,0,0,27000
2026-02-27,PHC006,M003,Amoxicillin,997,44,0,1,27000
2026-02-28,PHC006,M003,Amoxicillin,952,43,0,2,27000
2026-03-01,PHC006,M003,Amoxicillin,1217,26,292,1,27000
2026-03-02,PHC006,M003,Amoxicillin,1176,40,0,1,27000
2026-03-03,PHC006,M003,Amoxicillin,1139,37,0,0,27000
2026-03-04,PHC006,M003,Amoxicillin,1111,27,0,1,27000
2026-03-05,PHC006,M003,Amoxicillin,1062,49,0,0,27000
2026-03-06,PHC006,M003,Amoxicillin,1022,40,0,0,27000
2026-03-07,PHC006,M003,Amoxicillin,978,44,0,0,27000
2026-03-08,PHC006,M003,Amoxicillin,937,40,0,1,27000
2026-03-09,PHC006,M003,Amoxicillin,907,30,0,0,27000
2026-03-10,PHC006,M003,Amoxicillin,867,40,0,0,27000
2026-03-11,PHC006,M003,Amoxicillin,823,44,0,0,27000
2026-03-12,PHC006,M003,Amoxicillin,779,42,0,2,27000
2026-03-13,PHC006,M003,Amoxicillin,740,39,0,0,27000
2026-03-14,PHC006,M003,Amoxicillin,682,57,0,1,27000
2026-03-15,PHC006,M003,Amoxicillin,1155,28,502,1,27000
2026-03-16,PHC006,M003,Amoxicillin,1117,36,0,2,27000
2026-03-17,PHC006,M003,Amoxicillin,1071,45,0,1,27000
2026-03-18,PHC006,M003,Amoxicillin,1040,29,0,2,27000
2026-03-19,PHC006,M003,Amoxicillin,994,45,0,1,27000
2026-03-20,PHC006,M003,Amoxicillin,952,42,0,0,27000
2026-03-21,PHC006,M003,Amoxicillin,909,43,0,0,27000
2026-03-22,PHC006,M003,Amoxicillin,867,41,0,1,27000
2026-03-23,PHC006,M003,Amoxicillin,826,40,0,1,27000
2026-03-24,PHC006,M003,Amoxicillin,794,32,0,0,27000
2026-03-25,PHC006,M003,Amoxicillin,748,46,0,0,27000
2026-03-26,PHC006,M003,Amoxicillin,710,38,0,0,27000
2026-03-27,PHC006,M003,Amoxicillin,677,32,0,1,27000
2026-03-28,PHC006,M003,Amoxicillin,638,39,0,0,27000
2026-03-29,PHC006,M003,Amoxicillin,597,41,0,0,27000
2026-03-30,PHC006,M003,Amoxicillin,558,38,0,1,27000
2026-03-31,PHC006,M003,Amoxicillin,502,56,0,0,27000
2026-04-01,PHC006,M003,Amoxicillin,1307,44,850,1,27000
2026-04-02,PHC006,M003,Amoxicillin,1275,32,0,0,27000
2026-04-03,PHC006,M003,Amoxicillin,1242,33,0,0,27000
2026-04-04,PHC006,M003,Amoxicillin,1197,43,0,2,27000
2026-04-05,PHC006,M003,Amoxicillin,1157,38,0,2,27000
2026-04-06,PHC006,M003,Amoxicillin,1122,35,0,0,27000
2026-04-07,PHC006,M003,Amoxicillin,1077,45,0,0,27000
2026-04-08,PHC006,M003,Amoxicillin,1041,35,0,1,27000
2026-04-09,PHC006,M003,Amoxicillin,995,45,0,1,27000
2026-04-10,PHC006,M003,Amoxicillin,945,48,0,2,27000
2026-04-11,PHC006,M003,Amoxicillin,903,41,0,1,27000
2026-04-12,PHC006,M003,Amoxicillin,843,60,0,0,27000
2026-04-13,PHC006,M003,Amoxicillin,785,56,0,2,27000
2026-04-14,PHC006,M003,Amoxicillin,730,55,0,0,27000
2026-04-15,PHC006,M003,Amoxicillin,1388,39,697,0,27000
2026-04-16,PHC006,M003,Amoxicillin,1337,50,0,1,27000
2026-04-17,PHC006,M003,Amoxicillin,1291,42,0,4,27000
2026-04-18,PHC006,M003,Amoxicillin,1245,44,0,2,27000
2026-04-19,PHC006,M003,Amoxicillin,1195,49,0,1,27000
2026-04-20,PHC006,M003,Amoxicillin,1151,44,0,0,27000
2026-04-21,PHC006,M003,Amoxicillin,1091,59,0,1,27000
2026-04-22,PHC006,M003,Amoxicillin,1048,42,0,1,27000
2026-04-23,PHC006,M003,Amoxicillin,1006,42,0,0,27000
2026-04-24,PHC006,M003,Amoxicillin,953,53,0,0,27000
2026-04-25,PHC006,M003,Amoxicillin,906,46,0,1,27000
2026-04-26,PHC006,M003,Amoxicillin,840,66,0,0,27000
2026-04-27,PHC006,M003,Amoxicillin,778,61,0,1,27000
2026-04-28,PHC006,M003,Amoxicillin,728,49,0,1,27000
2026-04-29,PHC006,M003,Amoxicillin,692,36,0,0,27000
2026-04-30,PHC006,M003,Amoxicillin,643,49,0,0,27000
2026-05-01,PHC006,M003,Amoxicillin,1258,47,663,1,27000
2026-05-02,PHC006,M003,Amoxicillin,1211,47,0,0,27000
2026-05-03,PHC006,M003,Amoxicillin,1159,50,0,2,27000
2026-05-04,PHC006,M003,Amoxicillin,1114,45,0,0,27000
2026-05-05,PHC006,M003,Amoxicillin,1064,48,0,2,27000
2026-05-06,PHC006,M003,Amoxicillin,1018,45,0,1,27000
2026-05-07,PHC006,M003,Amoxicillin,956,61,0,1,27000
2026-05-08,PHC006,M003,Amoxicillin,905,51,0,0,27000
2026-05-09,PHC006,M003,Amoxicillin,844,61,0,0,27000
2026-05-10,PHC006,M003,Amoxicillin,791,53,0,0,27000
2026-05-11,PHC006,M003,Amoxicillin,733,58,0,0,27000
2026-05-12,PHC006,M003,Amoxicillin,689,43,0,1,27000
2026-05-13,PHC006,M003,Amoxicillin,638,51,0,0,27000
2026-05-14,PHC006,M003,Amoxicillin,584,53,0,1,27000
2026-05-15,PHC006,M003,Amoxicillin,1191,51,659,1,27000
2026-05-16,PHC006,M003,Amoxicillin,1145,44,0,2,27000
2026-05-17,PHC006,M003,Amoxicillin,1097,47,0,1,27000
2026-05-18,PHC006,M003,Amoxicillin,1058,39,0,0,27000
2026-05-19,PHC006,M003,Amoxicillin,1025,32,0,1,27000
2026-05-20,PHC006,M003,Amoxicillin,994,30,0,1,27000
2026-05-21,PHC006,M003,Amoxicillin,967,27,0,0,27000
2026-05-22,PHC006,M003,Amoxicillin,927,40,0,0,27000
2026-05-23,PHC006,M003,Amoxicillin,885,41,0,1,27000
2026-05-24,PHC006,M003,Amoxicillin,839,44,0,2,27000
2026-05-25,PHC006,M003,Amoxicillin,805,33,0,1,27000
2026-05-26,PHC006,M003,Amoxicillin,759,43,0,3,27000
2026-05-27,PHC006,M003,Amoxicillin,724,35,0,0,27000
2026-05-28,PHC006,M003,Amoxicillin,687,37,0,0,27000
2026-05-29,PHC006,M003,Amoxicillin,642,43,0,2,27000
2026-05-30,PHC006,M003,Amoxicillin,594,48,0,0,27000
2026-05-31,PHC006,M003,Amoxicillin,530,63,0,1,27000
2026-06-01,PHC006,M003,Amoxicillin,1182,53,705,0,27000
2026-06-02,PHC006,M003,Amoxicillin,1132,49,0,1,27000
2026-06-03,PHC006,M003,Amoxicillin,1082,50,0,0,27000
2026-06-04,PHC006,M003,Amoxicillin,1034,47,0,1,27000
2026-06-05,PHC006,M003,Amoxicillin,987,46,0,1,27000
2026-06-06,PHC006,M003,Amoxicillin,943,43,0,1,27000
2026-06-07,PHC006,M003,Amoxicillin,900,41,0,2,27000
2026-06-08,PHC006,M003,Amoxicillin,849,51,0,0,27000
2026-06-09,PHC006,M003,Amoxicillin,808,41,0,0,27000
2026-06-10,PHC006,M003,Amoxicillin,761,47,0,0,27000
2026-06-11,PHC006,M003,Amoxicillin,716,43,0,2,27000
2026-06-12,PHC006,M003,Amoxicillin,666,50,0,0,27000
2026-06-13,PHC006,M003,Amoxicillin,620,46,0,0,27000
2026-06-14,PHC006,M003,Amoxicillin,578,41,0,1,27000
2026-06-15,PHC006,M003,Amoxicillin,1249,56,727,0,27000
2026-06-16,PHC006,M003,Amoxicillin,1139,107,0,3,27000
2026-06-17,PHC006,M003,Amoxicillin,1093,46,0,0,27000
2026-06-18,PHC006,M003,Amoxicillin,1044,47,0,2,27000
2026-06-19,PHC006,M003,Amoxicillin,1003,40,0,1,27000
2026-06-20,PHC006,M003,Amoxicillin,965,37,0,1,27000
2026-06-21,PHC006,M003,Amoxicillin,912,53,0,0,27000
2026-06-22,PHC006,M003,Amoxicillin,873,36,0,3,27000
2026-06-23,PHC006,M003,Amoxicillin,837,36,0,0,27000
2026-06-24,PHC006,M003,Amoxicillin,801,35,0,1,27000
2026-06-25,PHC006,M003,Amoxicillin,763,38,0,0,27000
2026-06-26,PHC006,M003,Amoxicillin,706,57,0,0,27000
2026-06-27,PHC006,M003,Amoxicillin,659,46,0,1,27000
2026-06-28,PHC006,M003,Amoxicillin,603,55,0,1,27000
2026-06-29,PHC006,M003,Amoxicillin,553,50,0,0,27000
2026-06-30,PHC006,M003,Amoxicillin,495,57,0,1,27000
2026-01-01,PHC006,M004,Cetirizine,1496,39,628,1,27000
2026-01-02,PHC006,M004,Cetirizine,1447,46,0,3,27000
2026-01-03,PHC006,M004,Cetirizine,1401,44,0,2,27000
2026-01-04,PHC006,M004,Cetirizine,1356,45,0,0,27000
2026-01-05,PHC006,M004,Cetirizine,1314,42,0,0,27000
2026-01-06,PHC006,M004,Cetirizine,1261,52,0,1,27000
2026-01-07,PHC006,M004,Cetirizine,1209,51,0,1,27000
2026-01-08,PHC006,M004,Cetirizine,1142,65,0,2,27000
2026-01-09,PHC006,M004,Cetirizine,1092,50,0,0,27000
2026-01-10,PHC006,M004,Cetirizine,1049,41,0,2,27000
2026-01-11,PHC006,M004,Cetirizine,1002,45,0,2,27000
2026-01-12,PHC006,M004,Cetirizine,947,55,0,0,27000
2026-01-13,PHC006,M004,Cetirizine,899,48,0,0,27000
2026-01-14,PHC006,M004,Cetirizine,849,49,0,1,27000
2026-01-15,PHC006,M004,Cetirizine,1555,56,763,1,27000
2026-01-16,PHC006,M004,Cetirizine,1495,57,0,3,27000
2026-01-17,PHC006,M004,Cetirizine,1439,55,0,1,27000
2026-01-18,PHC006,M004,Cetirizine,1383,55,0,1,27000
2026-01-19,PHC006,M004,Cetirizine,1325,57,0,1,27000
2026-01-20,PHC006,M004,Cetirizine,1274,49,0,2,27000
2026-01-21,PHC006,M004,Cetirizine,1228,45,0,1,27000
2026-01-22,PHC006,M004,Cetirizine,1167,61,0,0,27000
2026-01-23,PHC006,M004,Cetirizine,1124,43,0,0,27000
2026-01-24,PHC006,M004,Cetirizine,1073,51,0,0,27000
2026-01-25,PHC006,M004,Cetirizine,996,75,0,2,27000
2026-01-26,PHC006,M004,Cetirizine,931,63,0,2,27000
2026-01-27,PHC006,M004,Cetirizine,874,55,0,2,27000
2026-01-28,PHC006,M004,Cetirizine,808,66,0,0,27000
2026-01-29,PHC006,M004,Cetirizine,763,45,0,0,27000
2026-01-30,PHC006,M004,Cetirizine,715,47,0,1,27000
2026-01-31,PHC006,M004,Cetirizine,652,63,0,0,27000
2026-02-01,PHC006,M004,Cetirizine,1164,52,566,2,27000
2026-02-02,PHC006,M004,Cetirizine,1121,43,0,0,27000
2026-02-03,PHC006,M004,Cetirizine,1077,44,0,0,27000
2026-02-04,PHC006,M004,Cetirizine,1018,55,0,4,27000
2026-02-05,PHC006,M004,Cetirizine,959,57,0,2,27000
2026-02-06,PHC006,M004,Cetirizine,907,52,0,0,27000
2026-02-07,PHC006,M004,Cetirizine,859,48,0,0,27000
2026-02-08,PHC006,M004,Cetirizine,804,55,0,0,27000
2026-02-09,PHC006,M004,Cetirizine,749,55,0,0,27000
2026-02-10,PHC006,M004,Cetirizine,699,50,0,0,27000
2026-02-11,PHC006,M004,Cetirizine,651,46,0,2,27000
2026-02-12,PHC006,M004,Cetirizine,599,51,0,1,27000
2026-02-13,PHC006,M004,Cetirizine,551,47,0,1,27000
2026-02-14,PHC006,M004,Cetirizine,506,44,0,1,27000
2026-02-15,PHC006,M004,Cetirizine,1262,40,796,0,27000
2026-02-16,PHC006,M004,Cetirizine,1202,60,0,0,27000
2026-02-17,PHC006,M004,Cetirizine,1069,130,0,3,27000
2026-02-18,PHC006,M004,Cetirizine,1018,51,0,0,27000
2026-02-19,PHC006,M004,Cetirizine,977,41,0,0,27000
2026-02-20,PHC006,M004,Cetirizine,936,40,0,1,27000
2026-02-21,PHC006,M004,Cetirizine,893,43,0,0,27000
2026-02-22,PHC006,M004,Cetirizine,854,39,0,0,27000
2026-02-23,PHC006,M004,Cetirizine,807,47,0,0,27000
2026-02-24,PHC006,M004,Cetirizine,759,48,0,0,27000
2026-02-25,PHC006,M004,Cetirizine,724,35,0,0,27000
2026-02-26,PHC006,M004,Cetirizine,673,50,0,1,27000
2026-02-27,PHC006,M004,Cetirizine,639,34,0,0,27000
2026-02-28,PHC006,M004,Cetirizine,599,40,0,0,27000
2026-03-01,PHC006,M004,Cetirizine,1630,57,1088,0,27000
2026-03-02,PHC006,M004,Cetirizine,1579,49,0,2,27000
2026-03-03,PHC006,M004,Cetirizine,1543,34,0,2,27000
2026-03-04,PHC006,M004,Cetirizine,1491,52,0,0,27000
2026-03-05,PHC006,M004,Cetirizine,1452,37,0,2,27000
2026-03-06,PHC006,M004,Cetirizine,1402,48,0,2,27000
2026-03-07,PHC006,M004,Cetirizine,1369,31,0,2,27000
2026-03-08,PHC006,M004,Cetirizine,1321,46,0,2,27000
2026-03-09,PHC006,M004,Cetirizine,1272,48,0,1,27000
2026-03-10,PHC006,M004,Cetirizine,1216,54,0,2,27000
2026-03-11,PHC006,M004,Cetirizine,1170,45,0,1,27000
2026-03-12,PHC006,M004,Cetirizine,1116,54,0,0,27000
2026-03-13,PHC006,M004,Cetirizine,1076,40,0,0,27000
2026-03-14,PHC006,M004,Cetirizine,1032,43,0,1,27000
2026-03-15,PHC006,M004,Cetirizine,1513,35,516,0,27000
2026-03-16,PHC006,M004,Cetirizine,1468,43,0,2,27000
2026-03-17,PHC006,M004,Cetirizine,1412,54,0,2,27000
2026-03-18,PHC006,M004,Cetirizine,1364,47,0,1,27000
2026-03-19,PHC006,M004,Cetirizine,1322,41,0,1,27000
2026-03-20,PHC006,M004,Cetirizine,1276,45,0,1,27000
2026-03-21,PHC006,M004,Cetirizine,1231,45,0,0,27000
2026-03-22,PHC006,M004,Cetirizine,1188,43,0,0,27000
2026-03-23,PHC006,M004,Cetirizine,1143,41,0,4,27000
2026-03-24,PHC006,M004,Cetirizine,1094,47,0,2,27000
2026-03-25,PHC006,M004,Cetirizine,1046,48,0,0,27000
2026-03-26,PHC006,M004,Cetirizine,983,60,0,3,27000
2026-03-27,PHC006,M004,Cetirizine,935,47,0,1,27000
2026-03-28,PHC006,M004,Cetirizine,889,45,0,1,27000
2026-03-29,PHC006,M004,Cetirizine,838,51,0,0,27000
2026-03-30,PHC006,M004,Cetirizine,783,52,0,3,27000
2026-03-31,PHC006,M004,Cetirizine,739,44,0,0,27000
2026-04-01,PHC006,M004,Cetirizine,1554,48,863,0,27000
2026-04-02,PHC006,M004,Cetirizine,1497,55,0,2,27000
2026-04-03,PHC006,M004,Cetirizine,1452,44,0,1,27000
2026-04-04,PHC006,M004,Cetirizine,1411,41,0,0,27000
2026-04-05,PHC006,M004,Cetirizine,1362,48,0,1,27000
2026-04-06,PHC006,M004,Cetirizine,1314,47,0,1,27000
2026-04-07,PHC006,M004,Cetirizine,1252,61,0,1,27000
2026-04-08,PHC006,M004,Cetirizine,1198,54,0,0,27000
2026-04-09,PHC006,M004,Cetirizine,1145,53,0,0,27000
2026-04-10,PHC006,M004,Cetirizine,1079,65,0,1,27000
2026-04-11,PHC006,M004,Cetirizine,917,160,0,2,27000
2026-04-12,PHC006,M004,Cetirizine,864,53,0,0,27000
2026-04-13,PHC006,M004,Cetirizine,799,64,0,1,27000
2026-04-14,PHC006,M004,Cetirizine,735,63,0,1,27000
2026-04-15,PHC006,M004,Cetirizine,1495,60,820,0,27000
2026-04-16,PHC006,M004,Cetirizine,1429,64,0,2,27000
2026-04-17,PHC006,M004,Cetirizine,1372,56,0,1,27000
2026-04-18,PHC006,M004,Cetirizine,1311,59,0,2,27000
2026-04-19,PHC006,M004,Cetirizine,1254,57,0,0,27000
2026-04-20,PHC006,M004,Cetirizine,1209,45,0,0,27000
2026-04-21,PHC006,M004,Cetirizine,1142,67,0,0,27000
2026-04-22,PHC006,M004,Cetirizine,1076,66,0,0,27000
2026-04-23,PHC006,M004,Cetirizine,1028,48,0,0,27000
2026-04-24,PHC006,M004,Cetirizine,962,65,0,1,27000
2026-04-25,PHC006,M004,Cetirizine,924,36,0,2,27000
2026-04-26,PHC006,M004,Cetirizine,878,45,0,1,27000
2026-04-27,PHC006,M004,Cetirizine,808,69,0,1,27000
2026-04-28,PHC006,M004,Cetirizine,758,49,0,1,27000
2026-04-29,PHC006,M004,Cetirizine,705,51,0,2,27000
2026-04-30,PHC006,M004,Cetirizine,650,55,0,0,27000
2026-05-01,PHC006,M004,Cetirizine,1229,58,638,1,27000
2026-05-02,PHC006,M004,Cetirizine,1181,48,0,0,27000
2026-05-03,PHC006,M004,Cetirizine,1111,69,0,1,27000
2026-05-04,PHC006,M004,Cetirizine,1065,45,0,1,27000
2026-05-05,PHC006,M004,Cetirizine,1007,58,0,0,27000
2026-05-06,PHC006,M004,Cetirizine,938,69,0,0,27000
2026-05-07,PHC006,M004,Cetirizine,876,60,0,2,27000
2026-05-08,PHC006,M004,Cetirizine,821,55,0,0,27000
2026-05-09,PHC006,M004,Cetirizine,764,56,0,1,27000
2026-05-10,PHC006,M004,Cetirizine,706,58,0,0,27000
2026-05-11,PHC006,M004,Cetirizine,651,54,0,1,27000
2026-05-12,PHC006,M004,Cetirizine,600,50,0,1,27000
2026-05-13,PHC006,M004,Cetirizine,557,43,0,0,27000
2026-05-14,PHC006,M004,Cetirizine,512,45,0,0,27000
2026-05-15,PHC006,M004,Cetirizine,1231,43,762,0,27000
2026-05-16,PHC006,M004,Cetirizine,1178,52,0,1,27000
2026-05-17,PHC006,M004,Cetirizine,1113,63,0,2,27000
2026-05-18,PHC006,M004,Cetirizine,1072,41,0,0,27000
2026-05-19,PHC006,M004,Cetirizine,1037,34,0,1,27000
2026-05-20,PHC006,M004,Cetirizine,983,54,0,0,27000
2026-05-21,PHC006,M004,Cetirizine,938,45,0,0,27000
2026-05-22,PHC006,M004,Cetirizine,890,48,0,0,27000
2026-05-23,PHC006,M004,Cetirizine,840,50,0,0,27000
2026-05-24,PHC006,M004,Cetirizine,804,36,0,0,27000
2026-05-25,PHC006,M004,Cetirizine,757,45,0,2,27000
2026-05-26,PHC006,M004,Cetirizine,705,51,0,1,27000
2026-05-27,PHC006,M004,Cetirizine,661,44,0,0,27000
2026-05-28,PHC006,M004,Cetirizine,605,56,0,0,27000
2026-05-29,PHC006,M004,Cetirizine,2136,126,1658,1,27000
2026-05-30,PHC006,M004,Cetirizine,2094,41,0,1,27000
2026-05-31,PHC006,M004,Cetirizine,2044,48,0,2,27000
2026-06-01,PHC006,M004,Cetirizine,2465,46,470,3,27000
2026-06-02,PHC006,M004,Cetirizine,2411,52,0,2,27000
2026-06-03,PHC006,M004,Cetirizine,2360,50,0,1,27000
2026-06-04,PHC006,M004,Cetirizine,2314,43,0,3,27000
2026-06-05,PHC006,M004,Cetirizine,2266,43,0,5,27000
2026-06-06,PHC006,M004,Cetirizine,2216,47,0,3,27000
2026-06-07,PHC006,M004,Cetirizine,2178,36,0,2,27000
2026-06-08,PHC006,M004,Cetirizine,2118,59,0,1,27000
2026-06-09,PHC006,M004,Cetirizine,2083,32,0,3,27000
2026-06-10,PHC006,M004,Cetirizine,2028,49,0,6,27000
2026-06-11,PHC006,M004,Cetirizine,1988,38,0,2,27000
2026-06-12,PHC006,M004,Cetirizine,1944,44,0,0,27000
2026-06-13,PHC006,M004,Cetirizine,1911,32,0,1,27000
2026-06-14,PHC006,M004,Cetirizine,1858,52,0,1,27000
2026-06-15,PHC006,M004,Cetirizine,2507,50,700,1,27000
2026-06-16,PHC006,M004,Cetirizine,2460,45,0,2,27000
2026-06-17,PHC006,M004,Cetirizine,2397,59,0,4,27000
2026-06-18,PHC006,M004,Cetirizine,2358,38,0,1,27000
2026-06-19,PHC006,M004,Cetirizine,2311,47,0,0,27000
2026-06-20,PHC006,M004,Cetirizine,2262,47,0,2,27000
2026-06-21,PHC006,M004,Cetirizine,2216,45,0,1,27000
2026-06-22,PHC006,M004,Cetirizine,2161,52,0,3,27000
2026-06-23,PHC006,M004,Cetirizine,2110,48,0,3,27000
2026-06-24,PHC006,M004,Cetirizine,2059,49,0,2,27000
2026-06-25,PHC006,M004,Cetirizine,2009,48,0,2,27000
2026-06-26,PHC006,M004,Cetirizine,1955,51,0,3,27000
2026-06-27,PHC006,M004,Cetirizine,1888,65,0,2,27000
2026-06-28,PHC006,M004,Cetirizine,1848,38,0,2,27000
2026-06-29,PHC006,M004,Cetirizine,1800,45,0,3,27000
2026-06-30,PHC006,M004,Cetirizine,1737,63,0,0,27000
2026-01-01,PHC006,M005,Ibuprofen,901,58,597,1,27000
2026-01-02,PHC006,M005,Ibuprofen,847,54,0,0,27000
2026-01-03,PHC006,M005,Ibuprofen,802,45,0,0,27000
2026-01-04,PHC006,M005,Ibuprofen,763,39,0,0,27000
2026-01-05,PHC006,M005,Ibuprofen,711,52,0,0,27000
2026-01-06,PHC006,M005,Ibuprofen,660,51,0,0,27000
2026-01-07,PHC006,M005,Ibuprofen,612,48,0,0,27000
2026-01-08,PHC006,M005,Ibuprofen,564,48,0,0,27000
2026-01-09,PHC006,M005,Ibuprofen,507,57,0,0,27000
2026-01-10,PHC006,M005,Ibuprofen,453,53,0,1,27000
2026-01-11,PHC006,M005,Ibuprofen,406,47,0,0,27000
2026-01-12,PHC006,M005,Ibuprofen,349,57,0,0,27000
2026-01-13,PHC006,M005,Ibuprofen,303,46,0,0,27000
2026-01-14,PHC006,M005,Ibuprofen,249,52,0,2,27000
2026-01-15,PHC006,M005,Ibuprofen,1102,56,909,0,27000
2026-01-16,PHC006,M005,Ibuprofen,1044,58,0,0,27000
2026-01-17,PHC006,M005,Ibuprofen,984,60,0,0,27000
2026-01-18,PHC006,M005,Ibuprofen,925,59,0,0,27000
2026-01-19,PHC006,M005,Ibuprofen,872,53,0,0,27000
2026-01-20,PHC006,M005,Ibuprofen,817,55,0,0,27000
2026-01-21,PHC006,M005,Ibuprofen,756,60,0,1,27000
2026-01-22,PHC006,M005,Ibuprofen,714,42,0,0,27000
2026-01-23,PHC006,M005,Ibuprofen,670,44,0,0,27000
2026-01-24,PHC006,M005,Ibuprofen,615,54,0,1,27000
2026-01-25,PHC006,M005,Ibuprofen,561,54,0,0,27000
2026-01-26,PHC006,M005,Ibuprofen,502,59,0,0,27000
2026-01-27,PHC006,M005,Ibuprofen,446,56,0,0,27000
2026-01-28,PHC006,M005,Ibuprofen,371,75,0,0,27000
2026-01-29,PHC006,M005,Ibuprofen,316,55,0,0,27000
2026-01-30,PHC006,M005,Ibuprofen,270,45,0,1,27000
2026-01-31,PHC006,M005,Ibuprofen,1325,56,1111,0,27000
2026-02-01,PHC006,M005,Ibuprofen,2443,60,1179,1,27000
2026-02-02,PHC006,M005,Ibuprofen,2385,56,0,2,27000
2026-02-03,PHC006,M005,Ibuprofen,2313,71,0,1,27000
2026-02-04,PHC006,M005,Ibuprofen,2266,43,0,4,27000
2026-02-05,PHC006,M005,Ibuprofen,2208,55,0,3,27000
2026-02-06,PHC006,M005,Ibuprofen,2147,60,0,1,27000
2026-02-07,PHC006,M005,Ibuprofen,2079,64,0,4,27000
2026-02-08,PHC006,M005,Ibuprofen,2027,51,0,1,27000
2026-02-09,PHC006,M005,Ibuprofen,1974,52,0,1,27000
2026-02-10,PHC006,M005,Ibuprofen,1921,53,0,0,27000
2026-02-11,PHC006,M005,Ibuprofen,1870,49,0,2,27000
2026-02-12,PHC006,M005,Ibuprofen,1812,55,0,3,27000
2026-02-13,PHC006,M005,Ibuprofen,1761,51,0,0,27000
2026-02-14,PHC006,M005,Ibuprofen,1703,56,0,2,27000
2026-02-15,PHC006,M005,Ibuprofen,2698,54,1050,1,27000
2026-02-16,PHC006,M005,Ibuprofen,2646,51,0,1,27000
2026-02-17,PHC006,M005,Ibuprofen,2577,67,0,2,27000
2026-02-18,PHC006,M005,Ibuprofen,2523,50,0,4,27000
2026-02-19,PHC006,M005,Ibuprofen,2468,54,0,1,27000
2026-02-20,PHC006,M005,Ibuprofen,2400,67,0,1,27000
2026-02-21,PHC006,M005,Ibuprofen,2341,57,0,2,27000
2026-02-22,PHC006,M005,Ibuprofen,2275,64,0,2,27000
2026-02-23,PHC006,M005,Ibuprofen,2233,42,0,0,27000
2026-02-24,PHC006,M005,Ibuprofen,2181,51,0,1,27000
2026-02-25,PHC006,M005,Ibuprofen,2136,45,0,0,27000
2026-02-26,PHC006,M005,Ibuprofen,2093,41,0,2,27000
2026-02-27,PHC006,M005,Ibuprofen,2043,50,0,0,27000
2026-02-28,PHC006,M005,Ibuprofen,2006,35,0,2,27000
2026-03-01,PHC006,M005,Ibuprofen,2672,47,713,0,27000
2026-03-02,PHC006,M005,Ibuprofen,2622,48,0,2,27000
2026-03-03,PHC006,M005,Ibuprofen,2584,36,0,2,27000
2026-03-04,PHC006,M005,Ibuprofen,2535,48,0,1,27000
2026-03-05,PHC006,M005,Ibuprofen,2484,48,0,3,27000
2026-03-06,PHC006,M005,Ibuprofen,2442,36,0,6,27000
2026-03-07,PHC006,M005,Ibuprofen,2384,58,0,0,27000
2026-03-08,PHC006,M005,Ibuprofen,2328,53,0,3,27000
2026-03-09,PHC006,M005,Ibuprofen,2284,41,0,3,27000
2026-03-10,PHC006,M005,Ibuprofen,2232,49,0,3,27000
2026-03-11,PHC006,M005,Ibuprofen,2179,51,0,2,27000
2026-03-12,PHC006,M005,Ibuprofen,2116,59,0,4,27000
2026-03-13,PHC006,M005,Ibuprofen,2068,46,0,2,27000
2026-03-14,PHC006,M005,Ibuprofen,2019,47,0,2,27000
2026-03-15,PHC006,M005,Ibuprofen,2552,45,579,1,27000
2026-03-16,PHC006,M005,Ibuprofen,2491,60,0,1,27000
2026-03-17,PHC006,M005,Ibuprofen,2443,47,0,1,27000
2026-03-18,PHC006,M005,Ibuprofen,2392,50,0,1,27000
2026-03-19,PHC006,M005,Ibuprofen,2339,53,0,0,27000
2026-03-20,PHC006,M005,Ibuprofen,2297,42,0,0,27000
2026-03-21,PHC006,M005,Ibuprofen,2256,39,0,2,27000
2026-03-22,PHC006,M005,Ibuprofen,2206,50,0,0,27000
2026-03-23,PHC006,M005,Ibuprofen,2135,69,0,2,27000
2026-03-24,PHC006,M005,Ibuprofen,2077,56,0,2,27000
2026-03-25,PHC006,M005,Ibuprofen,2021,54,0,2,27000
2026-03-26,PHC006,M005,Ibuprofen,1981,40,0,0,27000
2026-03-27,PHC006,M005,Ibuprofen,1933,45,0,3,27000
2026-03-28,PHC006,M005,Ibuprofen,1892,40,0,1,27000
2026-03-29,PHC006,M005,Ibuprofen,1843,49,0,0,27000
2026-03-30,PHC006,M005,Ibuprofen,1670,173,0,0,27000
2026-03-31,PHC006,M005,Ibuprofen,1624,44,0,2,27000
2026-04-01,PHC006,M005,Ibuprofen,2291,43,711,1,27000
2026-04-02,PHC006,M005,Ibuprofen,2232,57,0,2,27000
2026-04-03,PHC006,M005,Ibuprofen,2186,46,0,0,27000
2026-04-04,PHC006,M005,Ibuprofen,2131,54,0,1,27000
2026-04-05,PHC006,M005,Ibuprofen,2086,43,0,2,27000
2026-04-06,PHC006,M005,Ibuprofen,2030,55,0,1,27000
2026-04-07,PHC006,M005,Ibuprofen,1972,58,0,0,27000
2026-04-08,PHC006,M005,Ibuprofen,1904,66,0,2,27000
2026-04-09,PHC006,M005,Ibuprofen,1846,57,0,1,27000
2026-04-10,PHC006,M005,Ibuprofen,1785,57,0,4,27000
2026-04-11,PHC006,M005,Ibuprofen,1728,55,0,2,27000
2026-04-12,PHC006,M005,Ibuprofen,1670,58,0,0,27000
2026-04-13,PHC006,M005,Ibuprofen,1615,54,0,1,27000
2026-04-14,PHC006,M005,Ibuprofen,1570,45,0,0,27000
2026-04-15,PHC006,M005,Ibuprofen,2579,70,1080,1,27000
2026-04-16,PHC006,M005,Ibuprofen,2532,46,0,1,27000
2026-04-17,PHC006,M005,Ibuprofen,2473,56,0,3,27000
2026-04-18,PHC006,M005,Ibuprofen,2411,60,0,2,27000
2026-04-19,PHC006,M005,Ibuprofen,2346,62,0,3,27000
2026-04-20,PHC006,M005,Ibuprofen,2283,61,0,2,27000
2026-04-21,PHC006,M005,Ibuprofen,2229,53,0,1,27000
2026-04-22,PHC006,M005,Ibuprofen,2179,50,0,0,27000
2026-04-23,PHC006,M005,Ibuprofen,2116,59,0,4,27000
2026-04-24,PHC006,M005,Ibuprofen,2050,64,0,2,27000
2026-04-25,PHC006,M005,Ibuprofen,1994,54,0,2,27000
2026-04-26,PHC006,M005,Ibuprofen,1945,46,0,3,27000
2026-04-27,PHC006,M005,Ibuprofen,1873,72,0,0,27000
2026-04-28,PHC006,M005,Ibuprofen,1807,64,0,2,27000
2026-04-29,PHC006,M005,Ibuprofen,1757,48,0,2,27000
2026-04-30,PHC006,M005,Ibuprofen,1692,62,0,3,27000
2026-05-01,PHC006,M005,Ibuprofen,2326,53,687,0,27000
2026-05-02,PHC006,M005,Ibuprofen,2262,61,0,3,27000
2026-05-03,PHC006,M005,Ibuprofen,2205,57,0,0,27000
2026-05-04,PHC006,M005,Ibuprofen,2151,51,0,3,27000
2026-05-05,PHC006,M005,Ibuprofen,2101,49,0,1,27000
2026-05-06,PHC006,M005,Ibuprofen,2046,54,0,1,27000
2026-05-07,PHC006,M005,Ibuprofen,2002,43,0,1,27000
2026-05-08,PHC006,M005,Ibuprofen,1943,59,0,0,27000
2026-05-09,PHC006,M005,Ibuprofen,1879,58,0,6,27000
2026-05-10,PHC006,M005,Ibuprofen,1809,66,0,4,27000
2026-05-11,PHC006,M005,Ibuprofen,1748,59,0,2,27000
2026-05-12,PHC006,M005,Ibuprofen,1687,60,0,1,27000
2026-05-13,PHC006,M005,Ibuprofen,1619,68,0,0,27000
2026-05-14,PHC006,M005,Ibuprofen,1561,57,0,1,27000
2026-05-15,PHC006,M005,Ibuprofen,2225,58,722,0,27000
2026-05-16,PHC006,M005,Ibuprofen,2161,63,0,1,27000
2026-05-17,PHC006,M005,Ibuprofen,2124,36,0,1,27000
2026-05-18,PHC006,M005,Ibuprofen,2065,56,0,3,27000
2026-05-19,PHC006,M005,Ibuprofen,2004,59,0,2,27000
2026-05-20,PHC006,M005,Ibuprofen,1956,46,0,2,27000
2026-05-21,PHC006,M005,Ibuprofen,1904,51,0,1,27000
2026-05-22,PHC006,M005,Ibuprofen,1852,52,0,0,27000
2026-05-23,PHC006,M005,Ibuprofen,1793,58,0,1,27000
2026-05-24,PHC006,M005,Ibuprofen,1737,56,0,0,27000
2026-05-25,PHC006,M005,Ibuprofen,1673,62,0,2,27000
2026-05-26,PHC006,M005,Ibuprofen,1628,45,0,0,27000
2026-05-27,PHC006,M005,Ibuprofen,1589,39,0,0,27000
2026-05-28,PHC006,M005,Ibuprofen,1534,50,0,5,27000
2026-05-29,PHC006,M005,Ibuprofen,1482,49,0,3,27000
2026-05-30,PHC006,M005,Ibuprofen,1431,50,0,1,27000
2026-05-31,PHC006,M005,Ibuprofen,1379,52,0,0,27000
2026-06-01,PHC006,M005,Ibuprofen,2341,60,1022,0,27000
2026-06-02,PHC006,M005,Ibuprofen,2294,46,0,1,27000
2026-06-03,PHC006,M005,Ibuprofen,2245,45,0,4,27000
2026-06-04,PHC006,M005,Ibuprofen,2198,46,0,1,27000
2026-06-05,PHC006,M005,Ibuprofen,2153,44,0,1,27000
2026-06-06,PHC006,M005,Ibuprofen,2108,44,0,1,27000
2026-06-07,PHC006,M005,Ibuprofen,2051,53,0,4,27000
2026-06-08,PHC006,M005,Ibuprofen,1982,66,0,3,27000
2026-06-09,PHC006,M005,Ibuprofen,1924,55,0,3,27000
2026-06-10,PHC006,M005,Ibuprofen,1863,60,0,1,27000
2026-06-11,PHC006,M005,Ibuprofen,1813,47,0,3,27000
2026-06-12,PHC006,M005,Ibuprofen,1760,50,0,3,27000
2026-06-13,PHC006,M005,Ibuprofen,1696,64,0,0,27000
2026-06-14,PHC006,M005,Ibuprofen,1644,52,0,0,27000
2026-06-15,PHC006,M005,Ibuprofen,2379,47,783,1,27000
2026-06-16,PHC006,M005,Ibuprofen,2316,61,0,2,27000
2026-06-17,PHC006,M005,Ibuprofen,2253,60,0,3,27000
2026-06-18,PHC006,M005,Ibuprofen,2185,68,0,0,27000
2026-06-19,PHC006,M005,Ibuprofen,2129,55,0,1,27000
2026-06-20,PHC006,M005,Ibuprofen,2071,56,0,2,27000
2026-06-21,PHC006,M005,Ibuprofen,2033,37,0,1,27000
2026-06-22,PHC006,M005,Ibuprofen,1989,42,0,2,27000
2026-06-23,PHC006,M005,Ibuprofen,1927,61,0,1,27000
2026-06-24,PHC006,M005,Ibuprofen,1862,64,0,1,27000
2026-06-25,PHC006,M005,Ibuprofen,1814,46,0,2,27000
2026-06-26,PHC006,M005,Ibuprofen,1768,45,0,1,27000
2026-06-27,PHC006,M005,Ibuprofen,1719,47,0,2,27000
2026-06-28,PHC006,M005,Ibuprofen,1667,49,0,3,27000
2026-06-29,PHC006,M005,Ibuprofen,1601,62,0,4,27000
2026-06-30,PHC006,M005,Ibuprofen,1542,57,0,2,27000
2026-01-01,PHC006,M006,Azithromycin,1368,30,536,1,27000
2026-01-02,PHC006,M006,Azithromycin,1340,27,0,1,27000
2026-01-03,PHC006,M006,Azithromycin,1259,80,0,1,27000
2026-01-04,PHC006,M006,Azithromycin,1229,30,0,0,27000
2026-01-05,PHC006,M006,Azithromycin,1201,27,0,1,27000
2026-01-06,PHC006,M006,Azithromycin,1177,23,0,1,27000
2026-01-07,PHC006,M006,Azithromycin,1146,29,0,2,27000
2026-01-08,PHC006,M006,Azithromycin,1113,32,0,1,27000
2026-01-09,PHC006,M006,Azithromycin,1080,32,0,1,27000
2026-01-10,PHC006,M006,Azithromycin,1055,25,0,0,27000
2026-01-11,PHC006,M006,Azithromycin,1040,15,0,0,27000
2026-01-12,PHC006,M006,Azithromycin,1015,25,0,0,27000
2026-01-13,PHC006,M006,Azithromycin,990,24,0,1,27000
2026-01-14,PHC006,M006,Azithromycin,960,28,0,2,27000
2026-01-15,PHC006,M006,Azithromycin,1332,27,400,1,27000
2026-01-16,PHC006,M006,Azithromycin,1311,19,0,2,27000
2026-01-17,PHC006,M006,Azithromycin,1278,31,0,2,27000
2026-01-18,PHC006,M006,Azithromycin,1246,31,0,1,27000
2026-01-19,PHC006,M006,Azithromycin,1219,25,0,2,27000
2026-01-20,PHC006,M006,Azithromycin,1179,40,0,0,27000
2026-01-21,PHC006,M006,Azithromycin,1143,34,0,2,27000
2026-01-22,PHC006,M006,Azithromycin,1119,24,0,0,27000
2026-01-23,PHC006,M006,Azithromycin,1083,35,0,1,27000
2026-01-24,PHC006,M006,Azithromycin,1052,30,0,1,27000
2026-01-25,PHC006,M006,Azithromycin,1027,24,0,1,27000
2026-01-26,PHC006,M006,Azithromycin,993,33,0,1,27000
2026-01-27,PHC006,M006,Azithromycin,968,24,0,1,27000
2026-01-28,PHC006,M006,Azithromycin,946,20,0,2,27000
2026-01-29,PHC006,M006,Azithromycin,914,31,0,1,27000
2026-01-30,PHC006,M006,Azithromycin,888,25,0,1,27000
2026-01-31,PHC006,M006,Azithromycin,860,26,0,2,27000
2026-02-01,PHC006,M006,Azithromycin,1297,24,462,1,27000
2026-02-02,PHC006,M006,Azithromycin,1271,26,0,0,27000
2026-02-03,PHC006,M006,Azithromycin,1251,20,0,0,27000
2026-02-04,PHC006,M006,Azithromycin,1231,19,0,1,27000
2026-02-05,PHC006,M006,Azithromycin,1203,27,0,1,27000
2026-02-06,PHC006,M006,Azithromycin,1169,31,0,3,27000
2026-02-07,PHC006,M006,Azithromycin,1138,30,0,1,27000
2026-02-08,PHC006,M006,Azithromycin,1110,26,0,2,27000
2026-02-09,PHC006,M006,Azithromycin,1089,20,0,1,27000
2026-02-10,PHC006,M006,Azithromycin,1067,22,0,0,27000
2026-02-11,PHC006,M006,Azithromycin,1043,24,0,0,27000
2026-02-12,PHC006,M006,Azithromycin,1021,21,0,1,27000
2026-02-13,PHC006,M006,Azithromycin,992,29,0,0,27000
2026-02-14,PHC006,M006,Azithromycin,976,16,0,0,27000
2026-02-15,PHC006,M006,Azithromycin,1387,23,435,1,27000
2026-02-16,PHC006,M006,Azithromycin,1362,25,0,0,27000
2026-02-17,PHC006,M006,Azithromycin,1331,31,0,0,27000
2026-02-18,PHC006,M006,Azithromycin,1302,29,0,0,27000
2026-02-19,PHC006,M006,Azithromycin,1276,26,0,0,27000
2026-02-20,PHC006,M006,Azithromycin,1253,21,0,2,27000
2026-02-21,PHC006,M006,Azithromycin,1228,24,0,1,27000
2026-02-22,PHC006,M006,Azithromycin,1201,27,0,0,27000
2026-02-23,PHC006,M006,Azithromycin,1179,21,0,1,27000
2026-02-24,PHC006,M006,Azithromycin,1148,31,0,0,27000
2026-02-25,PHC006,M006,Azithromycin,1125,23,0,0,27000
2026-02-26,PHC006,M006,Azithromycin,1107,17,0,1,27000
2026-02-27,PHC006,M006,Azithromycin,1076,30,0,1,27000
2026-02-28,PHC006,M006,Azithromycin,1048,28,0,0,27000
2026-03-01,PHC006,M006,Azithromycin,1319,18,289,0,27000
2026-03-02,PHC006,M006,Azithromycin,1301,18,0,0,27000
2026-03-03,PHC006,M006,Azithromycin,1283,15,0,3,27000
2026-03-04,PHC006,M006,Azithromycin,1259,22,0,2,27000
2026-03-05,PHC006,M006,Azithromycin,1241,17,0,1,27000
2026-03-06,PHC006,M006,Azithromycin,1221,17,0,3,27000
2026-03-07,PHC006,M006,Azithromycin,1194,27,0,0,27000
2026-03-08,PHC006,M006,Azithromycin,1180,14,0,0,27000
2026-03-09,PHC006,M006,Azithromycin,1157,21,0,2,27000
2026-03-10,PHC006,M006,Azithromycin,1126,31,0,0,27000
2026-03-11,PHC006,M006,Azithromycin,1102,21,0,3,27000
2026-03-12,PHC006,M006,Azithromycin,1082,20,0,0,27000
2026-03-13,PHC006,M006,Azithromycin,1056,25,0,1,27000
2026-03-14,PHC006,M006,Azithromycin,1039,17,0,0,27000
2026-03-15,PHC006,M006,Azithromycin,1262,18,242,1,27000
2026-03-16,PHC006,M006,Azithromycin,1235,25,0,2,27000
2026-03-17,PHC006,M006,Azithromycin,1210,24,0,1,27000
2026-03-18,PHC006,M006,Azithromycin,1174,34,0,2,27000
2026-03-19,PHC006,M006,Azithromycin,1154,20,0,0,27000
2026-03-20,PHC006,M006,Azithromycin,1128,26,0,0,27000
2026-03-21,PHC006,M006,Azithromycin,1101,26,0,1,27000
2026-03-22,PHC006,M006,Azithromycin,1075,25,0,1,27000
2026-03-23,PHC006,M006,Azithromycin,1050,23,0,2,27000
2026-03-24,PHC006,M006,Azithromycin,1026,23,0,1,27000
2026-03-25,PHC006,M006,Azithromycin,1004,22,0,0,27000
2026-03-26,PHC006,M006,Azithromycin,987,16,0,1,27000
2026-03-27,PHC006,M006,Azithromycin,962,24,0,1,27000
2026-03-28,PHC006,M006,Azithromycin,935,27,0,0,27000
2026-03-29,PHC006,M006,Azithromycin,914,20,0,1,27000
2026-03-30,PHC006,M006,Azithromycin,887,26,0,1,27000
2026-03-31,PHC006,M006,Azithromycin,865,22,0,0,27000
2026-04-01,PHC006,M006,Azithromycin,1090,25,251,1,27000
2026-04-02,PHC006,M006,Azithromycin,1063,24,0,3,27000
2026-04-03,PHC006,M006,Azithromycin,1045,16,0,2,27000
2026-04-04,PHC006,M006,Azithromycin,1031,14,0,0,27000
2026-04-05,PHC006,M006,Azithromycin,1011,19,0,1,27000
2026-04-06,PHC006,M006,Azithromycin,978,32,0,1,27000
2026-04-07,PHC006,M006,Azithromycin,954,24,0,0,27000
2026-04-08,PHC006,M006,Azithromycin,919,33,0,2,27000
2026-04-09,PHC006,M006,Azithromycin,887,31,0,1,27000
2026-04-10,PHC006,M006,Azithromycin,854,32,0,1,27000
2026-04-11,PHC006,M006,Azithromycin,829,24,0,1,27000
2026-04-12,PHC006,M006,Azithromycin,798,31,0,0,27000
2026-04-13,PHC006,M006,Azithromycin,766,32,0,0,27000
2026-04-14,PHC006,M006,Azithromycin,727,38,0,1,27000
2026-04-15,PHC006,M006,Azithromycin,1340,33,647,1,27000
2026-04-16,PHC006,M006,Azithromycin,1313,24,0,3,27000
2026-04-17,PHC006,M006,Azithromycin,1281,30,0,2,27000
2026-04-18,PHC006,M006,Azithromycin,1248,31,0,2,27000
2026-04-19,PHC006,M006,Azithromycin,1227,20,0,1,27000
2026-04-20,PHC006,M006,Azithromycin,1198,26,0,3,27000
2026-04-21,PHC006,M006,Azithromycin,1178,20,0,0,27000
2026-04-22,PHC006,M006,Azithromycin,1145,31,0,2,27000
2026-04-23,PHC006,M006,Azithromycin,1124,20,0,1,27000
2026-04-24,PHC006,M006,Azithromycin,1095,28,0,1,27000
2026-04-25,PHC006,M006,Azithromycin,1067,27,0,1,27000
2026-04-26,PHC006,M006,Azithromycin,1033,33,0,1,27000
2026-04-27,PHC006,M006,Azithromycin,1011,21,0,1,27000
2026-04-28,PHC006,M006,Azithromycin,992,19,0,0,27000
2026-04-29,PHC006,M006,Azithromycin,962,29,0,1,27000
2026-04-30,PHC006,M006,Azithromycin,942,18,0,2,27000
2026-05-01,PHC006,M006,Azithromycin,1436,29,524,1,27000
2026-05-02,PHC006,M006,Azithromycin,1405,28,0,3,27000
2026-05-03,PHC006,M006,Azithromycin,1368,37,0,0,27000
2026-05-04,PHC006,M006,Azithromycin,1337,31,0,0,27000
2026-05-05,PHC006,M006,Azithromycin,1302,33,0,2,27000
2026-05-06,PHC006,M006,Azithromycin,1277,24,0,1,27000
2026-05-07,PHC006,M006,Azithromycin,1247,30,0,0,27000
2026-05-08,PHC006,M006,Azithromycin,1225,22,0,0,27000
2026-05-09,PHC006,M006,Azithromycin,1200,25,0,0,27000
2026-05-10,PHC006,M006,Azithromycin,1170,30,0,0,27000
2026-05-11,PHC006,M006,Azithromycin,1150,19,0,1,27000
2026-05-12,PHC006,M006,Azithromycin,1120,30,0,0,27000
2026-05-13,PHC006,M006,Azithromycin,1096,22,0,2,27000
2026-05-14,PHC006,M006,Azithromycin,1070,26,0,0,27000
2026-05-15,PHC006,M006,Azithromycin,1305,25,261,1,27000
2026-05-16,PHC006,M006,Azithromycin,1281,24,0,0,27000
2026-05-17,PHC006,M006,Azithromycin,1240,40,0,1,27000
2026-05-18,PHC006,M006,Azithromycin,1211,29,0,0,27000
2026-05-19,PHC006,M006,Azithromycin,1185,23,0,3,27000
2026-05-20,PHC006,M006,Azithromycin,1166,18,0,1,27000
2026-05-21,PHC006,M006,Azithromycin,1138,27,0,1,27000
2026-05-22,PHC006,M006,Azithromycin,1115,23,0,0,27000
2026-05-23,PHC006,M006,Azithromycin,1097,16,0,2,27000
2026-05-24,PHC006,M006,Azithromycin,1067,30,0,0,27000
2026-05-25,PHC006,M006,Azithromycin,1034,31,0,2,27000
2026-05-26,PHC006,M006,Azithromycin,1010,24,0,0,27000
2026-05-27,PHC006,M006,Azithromycin,990,20,0,0,27000
2026-05-28,PHC006,M006,Azithromycin,958,32,0,0,27000
2026-05-29,PHC006,M006,Azithromycin,936,19,0,3,27000
2026-05-30,PHC006,M006,Azithromycin,911,25,0,0,27000
2026-05-31,PHC006,M006,Azithromycin,887,24,0,0,27000
2026-06-01,PHC006,M006,Azithromycin,1137,18,269,1,27000
2026-06-02,PHC006,M006,Azithromycin,1114,22,0,1,27000
2026-06-03,PHC006,M006,Azithromycin,1088,24,0,2,27000
2026-06-04,PHC006,M006,Azithromycin,1062,26,0,0,27000
2026-06-05,PHC006,M006,Azithromycin,1039,22,0,1,27000
2026-06-06,PHC006,M006,Azithromycin,1015,24,0,0,27000
2026-06-07,PHC006,M006,Azithromycin,988,27,0,0,27000
2026-06-08,PHC006,M006,Azithromycin,927,61,0,0,27000
2026-06-09,PHC006,M006,Azithromycin,900,26,0,1,27000
2026-06-10,PHC006,M006,Azithromycin,876,23,0,1,27000
2026-06-11,PHC006,M006,Azithromycin,842,31,0,3,27000
2026-06-12,PHC006,M006,Azithromycin,822,19,0,1,27000
2026-06-13,PHC006,M006,Azithromycin,805,17,0,0,27000
2026-06-14,PHC006,M006,Azithromycin,776,29,0,0,27000
2026-06-15,PHC006,M006,Azithromycin,1195,27,446,0,27000
2026-06-16,PHC006,M006,Azithromycin,1167,27,0,1,27000
2026-06-17,PHC006,M006,Azithromycin,1138,26,0,3,27000
2026-06-18,PHC006,M006,Azithromycin,1110,28,0,0,27000
2026-06-19,PHC006,M006,Azithromycin,1083,25,0,2,27000
2026-06-20,PHC006,M006,Azithromycin,1058,25,0,0,27000
2026-06-21,PHC006,M006,Azithromycin,1021,36,0,1,27000
2026-06-22,PHC006,M006,Azithromycin,997,24,0,0,27000
2026-06-23,PHC006,M006,Azithromycin,974,23,0,0,27000
2026-06-24,PHC006,M006,Azithromycin,945,28,0,1,27000
2026-06-25,PHC006,M006,Azithromycin,926,19,0,0,27000
2026-06-26,PHC006,M006,Azithromycin,901,23,0,2,27000
2026-06-27,PHC006,M006,Azithromycin,878,21,0,2,27000
2026-06-28,PHC006,M006,Azithromycin,852,26,0,0,27000
2026-06-29,PHC006,M006,Azithromycin,820,30,0,2,27000
2026-06-30,PHC006,M006,Azithromycin,791,28,0,1,27000
2026-01-01,PHC006,M007,Iron Tablets,950,35,491,0,27000
2026-01-02,PHC006,M007,Iron Tablets,910,40,0,0,27000
2026-01-03,PHC006,M007,Iron Tablets,864,46,0,0,27000
2026-01-04,PHC006,M007,Iron Tablets,824,39,0,1,27000
2026-01-05,PHC006,M007,Iron Tablets,787,36,0,1,27000
2026-01-06,PHC006,M007,Iron Tablets,748,39,0,0,27000
2026-01-07,PHC006,M007,Iron Tablets,698,50,0,0,27000
2026-01-08,PHC006,M007,Iron Tablets,658,39,0,1,27000
2026-01-09,PHC006,M007,Iron Tablets,620,37,0,1,27000
2026-01-10,PHC006,M007,Iron Tablets,583,36,0,1,27000
2026-01-11,PHC006,M007,Iron Tablets,551,32,0,0,27000
2026-01-12,PHC006,M007,Iron Tablets,514,36,0,1,27000
2026-01-13,PHC006,M007,Iron Tablets,478,36,0,0,27000
2026-01-14,PHC006,M007,Iron Tablets,446,32,0,0,27000
2026-01-15,PHC006,M007,Iron Tablets,1212,46,813,1,27000
2026-01-16,PHC006,M007,Iron Tablets,1084,127,0,1,27000
2026-01-17,PHC006,M007,Iron Tablets,1046,38,0,0,27000
2026-01-18,PHC006,M007,Iron Tablets,994,52,0,0,27000
2026-01-19,PHC006,M007,Iron Tablets,946,47,0,1,27000
2026-01-20,PHC006,M007,Iron Tablets,905,39,0,2,27000
2026-01-21,PHC006,M007,Iron Tablets,858,47,0,0,27000
2026-01-22,PHC006,M007,Iron Tablets,811,46,0,1,27000
2026-01-23,PHC006,M007,Iron Tablets,767,43,0,1,27000
2026-01-24,PHC006,M007,Iron Tablets,712,51,0,4,27000
2026-01-25,PHC006,M007,Iron Tablets,676,35,0,1,27000
2026-01-26,PHC006,M007,Iron Tablets,635,41,0,0,27000
2026-01-27,PHC006,M007,Iron Tablets,600,35,0,0,27000
2026-01-28,PHC006,M007,Iron Tablets,557,42,0,1,27000
2026-01-29,PHC006,M007,Iron Tablets,512,45,0,0,27000
2026-01-30,PHC006,M007,Iron Tablets,470,42,0,0,27000
2026-01-31,PHC006,M007,Iron Tablets,433,36,0,1,27000
2026-02-01,PHC006,M007,Iron Tablets,1005,37,609,0,27000
2026-02-02,PHC006,M007,Iron Tablets,882,123,0,0,27000
2026-02-03,PHC006,M007,Iron Tablets,828,53,0,1,27000
2026-02-04,PHC006,M007,Iron Tablets,783,44,0,1,27000
2026-02-05,PHC006,M007,Iron Tablets,741,40,0,2,27000
2026-02-06,PHC006,M007,Iron Tablets,696,45,0,0,27000
2026-02-07,PHC006,M007,Iron Tablets,657,39,0,0,27000
2026-02-08,PHC006,M007,Iron Tablets,607,50,0,0,27000
2026-02-09,PHC006,M007,Iron Tablets,572,34,0,1,27000
2026-02-10,PHC006,M007,Iron Tablets,526,46,0,0,27000
2026-02-11,PHC006,M007,Iron Tablets,494,31,0,1,27000
2026-02-12,PHC006,M007,Iron Tablets,445,49,0,0,27000
2026-02-13,PHC006,M007,Iron Tablets,406,39,0,0,27000
2026-02-14,PHC006,M007,Iron Tablets,370,36,0,0,27000
2026-02-15,PHC006,M007,Iron Tablets,963,46,639,0,27000
2026-02-16,PHC006,M007,Iron Tablets,923,37,0,3,27000
2026-02-17,PHC006,M007,Iron Tablets,880,42,0,1,27000
2026-02-18,PHC006,M007,Iron Tablets,727,151,0,2,27000
2026-02-19,PHC006,M007,Iron Tablets,677,48,0,2,27000
2026-02-20,PHC006,M007,Iron Tablets,650,27,0,0,27000
2026-02-21,PHC006,M007,Iron Tablets,519,130,0,1,27000
2026-02-22,PHC006,M007,Iron Tablets,473,46,0,0,27000
2026-02-23,PHC006,M007,Iron Tablets,430,43,0,0,27000
2026-02-24,PHC006,M007,Iron Tablets,391,38,0,1,27000
2026-02-25,PHC006,M007,Iron Tablets,352,39,0,0,27000
2026-02-26,PHC006,M007,Iron Tablets,323,29,0,0,27000
2026-02-27,PHC006,M007,Iron Tablets,288,35,0,0,27000
2026-02-28,PHC006,M007,Iron Tablets,261,27,0,0,27000
2026-03-01,PHC006,M007,Iron Tablets,795,39,573,0,27000
2026-03-02,PHC006,M007,Iron Tablets,760,35,0,0,27000
2026-03-03,PHC006,M007,Iron Tablets,724,35,0,1,27000
2026-03-04,PHC006,M007,Iron Tablets,689,35,0,0,27000
2026-03-05,PHC006,M007,Iron Tablets,652,37,0,0,27000
2026-03-06,PHC006,M007,Iron Tablets,627,24,0,1,27000
2026-03-07,PHC006,M007,Iron Tablets,579,47,0,1,27000
2026-03-08,PHC006,M007,Iron Tablets,545,34,0,0,27000
2026-03-09,PHC006,M007,Iron Tablets,511,34,0,0,27000
2026-03-10,PHC006,M007,Iron Tablets,459,52,0,0,27000
2026-03-11,PHC006,M007,Iron Tablets,421,38,0,0,27000
2026-03-12,PHC006,M007,Iron Tablets,385,36,0,0,27000
2026-03-13,PHC006,M007,Iron Tablets,339,46,0,0,27000
2026-03-14,PHC006,M007,Iron Tablets,289,50,0,0,27000
2026-03-15,PHC006,M007,Iron Tablets,854,40,606,1,27000
2026-03-16,PHC006,M007,Iron Tablets,817,35,0,2,27000
2026-03-17,PHC006,M007,Iron Tablets,774,43,0,0,27000
2026-03-18,PHC006,M007,Iron Tablets,736,38,0,0,27000
2026-03-19,PHC006,M007,Iron Tablets,703,30,0,3,27000
2026-03-20,PHC006,M007,Iron Tablets,660,43,0,0,27000
2026-03-21,PHC006,M007,Iron Tablets,631,29,0,0,27000
2026-03-22,PHC006,M007,Iron Tablets,577,53,0,1,27000
2026-03-23,PHC006,M007,Iron Tablets,531,46,0,0,27000
2026-03-24,PHC006,M007,Iron Tablets,489,41,0,1,27000
2026-03-25,PHC006,M007,Iron Tablets,457,31,0,1,27000
2026-03-26,PHC006,M007,Iron Tablets,404,49,0,4,27000
2026-03-27,PHC006,M007,Iron Tablets,365,39,0,0,27000
2026-03-28,PHC006,M007,Iron Tablets,331,34,0,0,27000
2026-03-29,PHC006,M007,Iron Tablets,287,42,0,2,27000
2026-03-30,PHC006,M007,Iron Tablets,248,39,0,0,27000
2026-03-31,PHC006,M007,Iron Tablets,202,46,0,0,27000
2026-04-01,PHC006,M007,Iron Tablets,863,40,701,0,27000
2026-04-02,PHC006,M007,Iron Tablets,813,49,0,1,27000
2026-04-03,PHC006,M007,Iron Tablets,769,44,0,0,27000
2026-04-04,PHC006,M007,Iron Tablets,726,43,0,0,27000
2026-04-05,PHC006,M007,Iron Tablets,688,37,0,1,27000
2026-04-06,PHC006,M007,Iron Tablets,651,36,0,1,27000
2026-04-07,PHC006,M007,Iron Tablets,613,38,0,0,27000
2026-04-08,PHC006,M007,Iron Tablets,572,40,0,1,27000
2026-04-09,PHC006,M007,Iron Tablets,516,56,0,0,27000
2026-04-10,PHC006,M007,Iron Tablets,467,49,0,0,27000
2026-04-11,PHC006,M007,Iron Tablets,426,41,0,0,27000
2026-04-12,PHC006,M007,Iron Tablets,379,46,0,1,27000
2026-04-13,PHC006,M007,Iron Tablets,316,62,0,1,27000
2026-04-14,PHC006,M007,Iron Tablets,270,46,0,0,27000
2026-04-15,PHC006,M007,Iron Tablets,698,42,470,0,27000
2026-04-16,PHC006,M007,Iron Tablets,649,48,0,1,27000
2026-04-17,PHC006,M007,Iron Tablets,614,34,0,1,27000
2026-04-18,PHC006,M007,Iron Tablets,562,50,0,2,27000
2026-04-19,PHC006,M007,Iron Tablets,519,43,0,0,27000
2026-04-20,PHC006,M007,Iron Tablets,465,54,0,0,27000
2026-04-21,PHC006,M007,Iron Tablets,417,48,0,0,27000
2026-04-22,PHC006,M007,Iron Tablets,367,50,0,0,27000
2026-04-23,PHC006,M007,Iron Tablets,325,41,0,1,27000
2026-04-24,PHC006,M007,Iron Tablets,290,35,0,0,27000
2026-04-25,PHC006,M007,Iron Tablets,233,56,0,1,27000
2026-04-26,PHC006,M007,Iron Tablets,187,46,0,0,27000
2026-04-27,PHC006,M007,Iron Tablets,1113,55,982,1,27000
2026-04-28,PHC006,M007,Iron Tablets,1061,52,0,0,27000
2026-04-29,PHC006,M007,Iron Tablets,1010,49,0,2,27000
2026-04-30,PHC006,M007,Iron Tablets,949,61,0,0,27000
2026-05-01,PHC006,M007,Iron Tablets,1654,63,769,1,27000
2026-05-02,PHC006,M007,Iron Tablets,1616,36,0,2,27000
2026-05-03,PHC006,M007,Iron Tablets,1565,50,0,1,27000
2026-05-04,PHC006,M007,Iron Tablets,1522,42,0,1,27000
2026-05-05,PHC006,M007,Iron Tablets,1479,42,0,1,27000
2026-05-06,PHC006,M007,Iron Tablets,1425,54,0,0,27000
2026-05-07,PHC006,M007,Iron Tablets,1389,34,0,2,27000
2026-05-08,PHC006,M007,Iron Tablets,1331,57,0,1,27000
2026-05-09,PHC006,M007,Iron Tablets,1279,48,0,4,27000
2026-05-10,PHC006,M007,Iron Tablets,1232,46,0,1,27000
2026-05-11,PHC006,M007,Iron Tablets,1194,36,0,2,27000
2026-05-12,PHC006,M007,Iron Tablets,1130,62,0,2,27000
2026-05-13,PHC006,M007,Iron Tablets,1084,46,0,0,27000
2026-05-14,PHC006,M007,Iron Tablets,1045,39,0,0,27000
2026-05-15,PHC006,M007,Iron Tablets,1816,43,815,1,27000
2026-05-16,PHC006,M007,Iron Tablets,1712,100,0,4,27000
2026-05-17,PHC006,M007,Iron Tablets,1677,34,0,1,27000
2026-05-18,PHC006,M007,Iron Tablets,1647,30,0,0,27000
2026-05-19,PHC006,M007,Iron Tablets,1595,50,0,2,27000
2026-05-20,PHC006,M007,Iron Tablets,1558,37,0,0,27000
2026-05-21,PHC006,M007,Iron Tablets,1522,35,0,1,27000
2026-05-22,PHC006,M007,Iron Tablets,1481,41,0,0,27000
2026-05-23,PHC006,M007,Iron Tablets,1438,42,0,1,27000
2026-05-24,PHC006,M007,Iron Tablets,1381,54,0,3,27000
2026-05-25,PHC006,M007,Iron Tablets,1345,35,0,1,27000
2026-05-26,PHC006,M007,Iron Tablets,1307,37,0,1,27000
2026-05-27,PHC006,M007,Iron Tablets,1274,31,0,2,27000
2026-05-28,PHC006,M007,Iron Tablets,1217,56,0,1,27000
2026-05-29,PHC006,M007,Iron Tablets,1177,40,0,0,27000
2026-05-30,PHC006,M007,Iron Tablets,1128,48,0,1,27000
2026-05-31,PHC006,M007,Iron Tablets,1081,47,0,0,27000
2026-06-01,PHC006,M007,Iron Tablets,1966,47,932,0,27000
2026-06-02,PHC006,M007,Iron Tablets,1923,42,0,1,27000
2026-06-03,PHC006,M007,Iron Tablets,1885,37,0,1,27000
2026-06-04,PHC006,M007,Iron Tablets,1834,50,0,1,27000
2026-06-05,PHC006,M007,Iron Tablets,1791,42,0,1,27000
2026-06-06,PHC006,M007,Iron Tablets,1752,36,0,3,27000
2026-06-07,PHC006,M007,Iron Tablets,1719,33,0,0,27000
2026-06-08,PHC006,M007,Iron Tablets,1663,54,0,2,27000
2026-06-09,PHC006,M007,Iron Tablets,1621,42,0,0,27000
2026-06-10,PHC006,M007,Iron Tablets,1577,44,0,0,27000
2026-06-11,PHC006,M007,Iron Tablets,1531,45,0,1,27000
2026-06-12,PHC006,M007,Iron Tablets,1486,44,0,1,27000
2026-06-13,PHC006,M007,Iron Tablets,1446,40,0,0,27000
2026-06-14,PHC006,M007,Iron Tablets,1394,51,0,1,27000
2026-06-15,PHC006,M007,Iron Tablets,2226,46,878,0,27000
2026-06-16,PHC006,M007,Iron Tablets,2190,36,0,0,27000
2026-06-17,PHC006,M007,Iron Tablets,2137,53,0,0,27000
2026-06-18,PHC006,M007,Iron Tablets,2094,43,0,0,27000
2026-06-19,PHC006,M007,Iron Tablets,2039,52,0,3,27000
2026-06-20,PHC006,M007,Iron Tablets,2006,32,0,1,27000
2026-06-21,PHC006,M007,Iron Tablets,1966,39,0,1,27000
2026-06-22,PHC006,M007,Iron Tablets,1924,41,0,1,27000
2026-06-23,PHC006,M007,Iron Tablets,1883,38,0,3,27000
2026-06-24,PHC006,M007,Iron Tablets,1837,45,0,1,27000
2026-06-25,PHC006,M007,Iron Tablets,1794,43,0,0,27000
2026-06-26,PHC006,M007,Iron Tablets,1736,56,0,2,27000
2026-06-27,PHC006,M007,Iron Tablets,1683,51,0,2,27000
2026-06-28,PHC006,M007,Iron Tablets,1637,46,0,0,27000
2026-06-29,PHC006,M007,Iron Tablets,1588,46,0,3,27000
2026-06-30,PHC006,M007,Iron Tablets,1526,60,0,2,27000
2026-01-01,PHC006,M008,Antacid,1429,47,753,0,27000
2026-01-02,PHC006,M008,Antacid,1386,42,0,1,27000
2026-01-03,PHC006,M008,Antacid,1338,47,0,1,27000
2026-01-04,PHC006,M008,Antacid,1309,27,0,2,27000
2026-01-05,PHC006,M008,Antacid,1270,38,0,1,27000
2026-01-06,PHC006,M008,Antacid,1216,52,0,2,27000
2026-01-07,PHC006,M008,Antacid,1150,65,0,1,27000
2026-01-08,PHC006,M008,Antacid,1094,56,0,0,27000
2026-01-09,PHC006,M008,Antacid,1040,53,0,1,27000
2026-01-10,PHC006,M008,Antacid,990,50,0,0,27000
2026-01-11,PHC006,M008,Antacid,947,42,0,1,27000
2026-01-12,PHC006,M008,Antacid,893,52,0,2,27000
2026-01-13,PHC006,M008,Antacid,836,56,0,1,27000
2026-01-14,PHC006,M008,Antacid,779,56,0,1,27000
2026-01-15,PHC006,M008,Antacid,1361,39,621,0,27000
2026-01-16,PHC006,M008,Antacid,1310,51,0,0,27000
2026-01-17,PHC006,M008,Antacid,1271,39,0,0,27000
2026-01-18,PHC006,M008,Antacid,1221,50,0,0,27000
2026-01-19,PHC006,M008,Antacid,1166,55,0,0,27000
2026-01-20,PHC006,M008,Antacid,1117,48,0,1,27000
2026-01-21,PHC006,M008,Antacid,1050,65,0,2,27000
2026-01-22,PHC006,M008,Antacid,1000,50,0,0,27000
2026-01-23,PHC006,M008,Antacid,948,52,0,0,27000
2026-01-24,PHC006,M008,Antacid,888,59,0,1,27000
2026-01-25,PHC006,M008,Antacid,830,57,0,1,27000
2026-01-26,PHC006,M008,Antacid,715,115,0,0,27000
2026-01-27,PHC006,M008,Antacid,661,53,0,1,27000
2026-01-28,PHC006,M008,Antacid,619,41,0,1,27000
2026-01-29,PHC006,M008,Antacid,579,40,0,0,27000
2026-01-30,PHC006,M008,Antacid,533,46,0,0,27000
2026-01-31,PHC006,M008,Antacid,488,45,0,0,27000
2026-02-01,PHC006,M008,Antacid,1327,48,887,0,27000
2026-02-02,PHC006,M008,Antacid,1271,56,0,0,27000
2026-02-03,PHC006,M008,Antacid,1209,61,0,1,27000
2026-02-04,PHC006,M008,Antacid,1154,54,0,1,27000
2026-02-05,PHC006,M008,Antacid,1111,42,0,1,27000
2026-02-06,PHC006,M008,Antacid,1054,56,0,1,27000
2026-02-07,PHC006,M008,Antacid,1007,47,0,0,27000
2026-02-08,PHC006,M008,Antacid,960,47,0,0,27000
2026-02-09,PHC006,M008,Antacid,900,58,0,2,27000
2026-02-10,PHC006,M008,Antacid,848,52,0,0,27000
2026-02-11,PHC006,M008,Antacid,814,32,0,2,27000
2026-02-12,PHC006,M008,Antacid,759,53,0,2,27000
2026-02-13,PHC006,M008,Antacid,706,52,0,1,27000
2026-02-14,PHC006,M008,Antacid,662,44,0,0,27000
2026-02-15,PHC006,M008,Antacid,1209,42,591,2,27000
2026-02-16,PHC006,M008,Antacid,1169,39,0,1,27000
2026-02-17,PHC006,M008,Antacid,1117,50,0,2,27000
2026-02-18,PHC006,M008,Antacid,1070,46,0,1,27000
2026-02-19,PHC006,M008,Antacid,1012,57,0,1,27000
2026-02-20,PHC006,M008,Antacid,968,43,0,1,27000
2026-02-21,PHC006,M008,Antacid,918,49,0,1,27000
2026-02-22,PHC006,M008,Antacid,866,51,0,1,27000
2026-02-23,PHC006,M008,Antacid,824,42,0,0,27000
2026-02-24,PHC006,M008,Antacid,776,48,0,0,27000
2026-02-25,PHC006,M008,Antacid,729,47,0,0,27000
2026-02-26,PHC006,M008,Antacid,695,34,0,0,27000
2026-02-27,PHC006,M008,Antacid,654,41,0,0,27000
2026-02-28,PHC006,M008,Antacid,613,38,0,3,27000
2026-03-01,PHC006,M008,Antacid,1432,51,870,0,27000
2026-03-02,PHC006,M008,Antacid,1388,42,0,2,27000
2026-03-03,PHC006,M008,Antacid,1345,42,0,1,27000
2026-03-04,PHC006,M008,Antacid,1309,36,0,0,27000
2026-03-05,PHC006,M008,Antacid,1262,43,0,4,27000
2026-03-06,PHC006,M008,Antacid,1214,48,0,0,27000
2026-03-07,PHC006,M008,Antacid,1168,45,0,1,27000
2026-03-08,PHC006,M008,Antacid,1121,45,0,2,27000
2026-03-09,PHC006,M008,Antacid,1084,33,0,4,27000
2026-03-10,PHC006,M008,Antacid,1036,46,0,2,27000
2026-03-11,PHC006,M008,Antacid,992,43,0,1,27000
2026-03-12,PHC006,M008,Antacid,951,41,0,0,27000
2026-03-13,PHC006,M008,Antacid,918,33,0,0,27000
2026-03-14,PHC006,M008,Antacid,874,43,0,1,27000
2026-03-15,PHC006,M008,Antacid,1602,47,776,1,27000
2026-03-16,PHC006,M008,Antacid,1549,49,0,4,27000
2026-03-17,PHC006,M008,Antacid,1516,32,0,1,27000
2026-03-18,PHC006,M008,Antacid,1465,48,0,3,27000
2026-03-19,PHC006,M008,Antacid,1411,54,0,0,27000
2026-03-20,PHC006,M008,Antacid,1368,43,0,0,27000
2026-03-21,PHC006,M008,Antacid,1321,45,0,2,27000
2026-03-22,PHC006,M008,Antacid,1285,35,0,1,27000
2026-03-23,PHC006,M008,Antacid,1243,42,0,0,27000
2026-03-24,PHC006,M008,Antacid,1197,45,0,1,27000
2026-03-25,PHC006,M008,Antacid,1158,38,0,1,27000
2026-03-26,PHC006,M008,Antacid,1117,41,0,0,27000
2026-03-27,PHC006,M008,Antacid,1065,52,0,0,27000
2026-03-28,PHC006,M008,Antacid,1024,40,0,1,27000
2026-03-29,PHC006,M008,Antacid,975,49,0,0,27000
2026-03-30,PHC006,M008,Antacid,933,40,0,2,27000
2026-03-31,PHC006,M008,Antacid,878,55,0,0,27000
2026-04-01,PHC006,M008,Antacid,1630,42,794,0,27000
2026-04-02,PHC006,M008,Antacid,1589,40,0,1,27000
2026-04-03,PHC006,M008,Antacid,1545,44,0,0,27000
2026-04-04,PHC006,M008,Antacid,1494,50,0,1,27000
2026-04-05,PHC006,M008,Antacid,1450,43,0,1,27000
2026-04-06,PHC006,M008,Antacid,1404,46,0,0,27000
2026-04-07,PHC006,M008,Antacid,1348,55,0,1,27000
2026-04-08,PHC006,M008,Antacid,1304,43,0,1,27000
2026-04-09,PHC006,M008,Antacid,1235,66,0,3,27000
2026-04-10,PHC006,M008,Antacid,1163,72,0,0,27000
2026-04-11,PHC006,M008,Antacid,1120,42,0,1,27000
2026-04-12,PHC006,M008,Antacid,1063,57,0,0,27000
2026-04-13,PHC006,M008,Antacid,1000,62,0,1,27000
2026-04-14,PHC006,M008,Antacid,951,49,0,0,27000
2026-04-15,PHC006,M008,Antacid,1810,57,916,0,27000
2026-04-16,PHC006,M008,Antacid,1659,150,0,1,27000
2026-04-17,PHC006,M008,Antacid,1604,54,0,1,27000
2026-04-18,PHC006,M008,Antacid,1545,58,0,1,27000
2026-04-19,PHC006,M008,Antacid,1499,45,0,1,27000
2026-04-20,PHC006,M008,Antacid,1448,50,0,1,27000
2026-04-21,PHC006,M008,Antacid,1392,56,0,0,27000
2026-04-22,PHC006,M008,Antacid,1340,52,0,0,27000
2026-04-23,PHC006,M008,Antacid,1291,48,0,1,27000
2026-04-24,PHC006,M008,Antacid,1241,49,0,1,27000
2026-04-25,PHC006,M008,Antacid,1184,56,0,1,27000
2026-04-26,PHC006,M008,Antacid,1121,63,0,0,27000
2026-04-27,PHC006,M008,Antacid,1062,58,0,1,27000
2026-04-28,PHC006,M008,Antacid,999,62,0,1,27000
2026-04-29,PHC006,M008,Antacid,960,39,0,0,27000
2026-04-30,PHC006,M008,Antacid,904,55,0,1,27000
2026-05-01,PHC006,M008,Antacid,1674,48,819,1,27000
2026-05-02,PHC006,M008,Antacid,1616,55,0,3,27000
2026-05-03,PHC006,M008,Antacid,1563,53,0,0,27000
2026-05-04,PHC006,M008,Antacid,1500,62,0,1,27000
2026-05-05,PHC006,M008,Antacid,1443,55,0,2,27000
2026-05-06,PHC006,M008,Antacid,1386,57,0,0,27000
2026-05-07,PHC006,M008,Antacid,1337,46,0,3,27000
2026-05-08,PHC006,M008,Antacid,1283,54,0,0,27000
2026-05-09,PHC006,M008,Antacid,1084,197,0,2,27000
2026-05-10,PHC006,M008,Antacid,1035,49,0,0,27000
2026-05-11,PHC006,M008,Antacid,988,46,0,1,27000
2026-05-12,PHC006,M008,Antacid,931,56,0,1,27000
2026-05-13,PHC006,M008,Antacid,887,44,0,0,27000
2026-05-14,PHC006,M008,Antacid,837,49,0,1,27000
2026-05-15,PHC006,M008,Antacid,1605,45,814,1,27000
2026-05-16,PHC006,M008,Antacid,1562,43,0,0,27000
2026-05-17,PHC006,M008,Antacid,1521,41,0,0,27000
2026-05-18,PHC006,M008,Antacid,1478,42,0,1,27000
2026-05-19,PHC006,M008,Antacid,1420,56,0,2,27000
2026-05-20,PHC006,M008,Antacid,1367,51,0,2,27000
2026-05-21,PHC006,M008,Antacid,1327,39,0,1,27000
2026-05-22,PHC006,M008,Antacid,1275,49,0,3,27000
2026-05-23,PHC006,M008,Antacid,1231,43,0,1,27000
2026-05-24,PHC006,M008,Antacid,1187,42,0,2,27000
2026-05-25,PHC006,M008,Antacid,1146,41,0,0,27000
2026-05-26,PHC006,M008,Antacid,1102,44,0,0,27000
2026-05-27,PHC006,M008,Antacid,1050,51,0,1,27000
2026-05-28,PHC006,M008,Antacid,998,50,0,2,27000
2026-05-29,PHC006,M008,Antacid,952,46,0,0,27000
2026-05-30,PHC006,M008,Antacid,918,33,0,1,27000
2026-05-31,PHC006,M008,Antacid,884,34,0,0,27000
2026-06-01,PHC006,M008,Antacid,1806,59,982,1,27000
2026-06-02,PHC006,M008,Antacid,1764,40,0,2,27000
2026-06-03,PHC006,M008,Antacid,1711,52,0,1,27000
2026-06-04,PHC006,M008,Antacid,1675,35,0,1,27000
2026-06-05,PHC006,M008,Antacid,1626,49,0,0,27000
2026-06-06,PHC006,M008,Antacid,1579,46,0,1,27000
2026-06-07,PHC006,M008,Antacid,1518,58,0,3,27000
2026-06-08,PHC006,M008,Antacid,1474,40,0,4,27000
2026-06-09,PHC006,M008,Antacid,1426,47,0,1,27000
2026-06-10,PHC006,M008,Antacid,1385,40,0,1,27000
2026-06-11,PHC006,M008,Antacid,1342,42,0,1,27000
2026-06-12,PHC006,M008,Antacid,1290,52,0,0,27000
2026-06-13,PHC006,M008,Antacid,1251,38,0,1,27000
2026-06-14,PHC006,M008,Antacid,1200,50,0,1,27000
2026-06-15,PHC006,M008,Antacid,1876,62,738,0,27000
2026-06-16,PHC006,M008,Antacid,1825,49,0,2,27000
2026-06-17,PHC006,M008,Antacid,1772,51,0,2,27000
2026-06-18,PHC006,M008,Antacid,1710,57,0,5,27000
2026-06-19,PHC006,M008,Antacid,1669,40,0,1,27000
2026-06-20,PHC006,M008,Antacid,1620,49,0,0,27000
2026-06-21,PHC006,M008,Antacid,1573,47,0,0,27000
2026-06-22,PHC006,M008,Antacid,1522,47,0,4,27000
2026-06-23,PHC006,M008,Antacid,1471,50,0,1,27000
2026-06-24,PHC006,M008,Antacid,1422,48,0,1,27000
2026-06-25,PHC006,M008,Antacid,1364,57,0,1,27000
2026-06-26,PHC006,M008,Antacid,1318,46,0,0,27000
2026-06-27,PHC006,M008,Antacid,1280,37,0,1,27000
2026-06-28,PHC006,M008,Antacid,1217,62,0,1,27000
2026-06-29,PHC006,M008,Antacid,1167,49,0,1,27000
2026-06-30,PHC006,M008,Antacid,1114,51,0,2,27000
